athlete_name,catapult_athlete_id,date,end_time,activity_name,athlete_weight,activity_id,athlete_jersey,start_time,position_name,team_name,month_name,day_name,field_time,bench_time,total_distance,total_duration,peak_player_load,total_player_load,total_2d_player_load,total_slow_player_load,total_1d_fwd_player_load,total_1d_side_player_load,total_1d_up_player_load,velocity_exertion,max_vel,peak_meta_power,equivalent_distance,meterage_per_minute
Mariana Elizondo,c3d64405-eb5d-4fc0-a8df-06af8ad627bf,10/01/2025,1759330895.77,Train sub 10.1.25,201,922e2c71-0294-422c-bf59-e5ac78effb71,10,1759328806.4,Central Midfielder,Rice WSOC,October,Wednesday,2089.36,,1.22538,2089.37,3.77308,305.92429,192.12842,212.79576,119.43997,125.60148,204.2957,10.47249,11.60459,49.32781,1.39602,57.75805
Naija Bruckner,59840313-0841-4a21-a5b5-b8b24cad01b8,10/01/2025,1759330895.77,Train sub 10.1.25,201,922e2c71-0294-422c-bf59-e5ac78effb71,28,1759328806.4,Central Midfielder,Rice WSOC,October,Wednesday,2089.36,,1.15422,2089.37,4.12994,303.67731,185.88307,183.60359,113.02683,123.93385,209.2821,8.25617,11.85543,65.29938,1.37473,53.60643
Kallie Mckinney,41be207d-131f-472d-a349-6832380579b4,10/01/2025,1759330895.77,Train sub 10.1.25,201,922e2c71-0294-422c-bf59-e5ac78effb71,27,1759328806.4,Central Midfielder,Rice WSOC,October,Wednesday,2089.37,,1.01055,2089.37,3.18551,259.23676,160.53148,181.26183,98.30632,105.01717,175.07547,7.5041,10.65578,50.23704,1.15735,46.70298
Laurel Kelley,a3fa5f45-c40a-44d8-ae81-6ac82f3fc9ef,09/28/2025,1759082664.0,vs Memphis 9.28.25,201,353a1f85-9dbb-496b-bea7-d008d4a61daa,21,1759075453.0,Forward,Rice WSOC,September,Sunday,6129.0,,1.75682,6129.0,3.82602,334.70966,218.32602,129.77425,125.66196,153.42175,218.44781,25.33447,15.31442,67.44082,1.9979,27.67815
Carsyn Martz,5ec6f0de-aa33-44a6-9b7e-676076c27478,09/28/2025,1759082664.0,vs Memphis 9.28.25,201,353a1f85-9dbb-496b-bea7-d008d4a61daa,20,1759075453.0,Centre Back,Rice WSOC,September,Sunday,6129.0,,5.63531,6129.0,8.2685,846.7193,482.82454,305.34268,281.83687,331.94984,610.35631,63.76723,16.94689,87.15717,6.27189,88.78265
Sophie Zhang,713ce913-8f9b-41cb-b395-b08e3e69186f,09/28/2025,1759082664.0,vs Memphis 9.28.25,201,353a1f85-9dbb-496b-bea7-d008d4a61daa,9,1759075453.0,Forward,Rice WSOC,September,Sunday,6129.0,,1.24238,6129.0,4.80571,277.00089,176.78925,124.77475,102.10712,120.90942,182.37265,16.9666,12.79839,79.10137,1.40802,19.5734
Taylor Rish,81828efc-2855-4216-a0d1-6a7c9201d5a0,09/28/2025,1759082664.0,vs Memphis 9.28.25,201,353a1f85-9dbb-496b-bea7-d008d4a61daa,7,1759075453.0,Full Back,Rice WSOC,September,Sunday,6129.0,,4.01179,6129.0,6.21063,643.74384,368.38554,233.95605,227.7759,240.4746,470.26057,51.7492,16.18675,97.97195,4.54207,63.20455
Leah Chancey,85ed14d3-34f0-42fc-8477-c03064e998f4,09/28/2025,1759082664.0,vs Memphis 9.28.25,201,353a1f85-9dbb-496b-bea7-d008d4a61daa,23,1759075453.0,Forward,Rice WSOC,September,Sunday,6129.0,,5.11356,6129.0,5.76139,828.3576,491.99581,285.27382,290.29848,331.04107,576.43466,66.1561,14.84801,75.44496,5.61109,80.56263
Jadyn Jaeger,8e9bb6cd-180e-47be-afa1-39abe9300b25,09/28/2025,1759082664.0,vs Memphis 9.28.25,201,353a1f85-9dbb-496b-bea7-d008d4a61daa,11,1759075453.0,Full Back,Rice WSOC,September,Sunday,6129.0,,4.41991,6129.0,4.35053,612.08125,403.56271,213.92677,259.99306,254.00645,392.09624,60.96947,18.00322,68.65994,4.93905,69.63436
Jules Johnston,931babc9-289c-47bf-970a-22d756ac9f5a,09/28/2025,1759078506.0,vs Memphis 9.28.25,201,353a1f85-9dbb-496b-bea7-d008d4a61daa,25,1759075453.0,Forward,Rice WSOC,September,Sunday,3053.0,,0.90216,3053.0,4.27618,181.42456,112.67181,86.47723,60.58508,82.1815,122.70001,9.52582,13.21062,68.44766,1.019,28.53375
Eileen Albers,943afa05-aaac-4426-ba0c-1ebef4e76cb7,09/28/2025,1759082664.0,vs Memphis 9.28.25,201,353a1f85-9dbb-496b-bea7-d008d4a61daa,12,1759075453.0,Forward,Rice WSOC,September,Sunday,6129.0,,4.76832,6129.0,5.28617,753.58978,428.6796,260.45078,252.69154,293.10773,549.61508,60.6941,15.44992,78.35605,5.3392,75.12359
Allie Love,99ee597d-39b8-4fb7-9c63-0d052a15c0a8,09/28/2025,1759078506.0,vs Memphis 9.28.25,201,353a1f85-9dbb-496b-bea7-d008d4a61daa,17,1759075453.0,Central Midfielder,Rice WSOC,September,Sunday,3053.0,,0.34187,3053.0,4.14026,72.83667,47.83321,47.90694,28.34253,32.13104,46.60887,4.01173,11.78342,54.8552,0.37079,10.81258
Kirsten Ruf,9a8fba27-951b-4253-aac1-ae31800ac075,09/28/2025,1759082664.0,vs Memphis 9.28.25,201,353a1f85-9dbb-496b-bea7-d008d4a61daa,22,1759075453.0,Goalkeeper,Rice WSOC,September,Sunday,6129.0,,2.52456,6129.0,6.67044,337.74298,217.43326,240.91673,125.86703,150.0215,221.60555,14.59543,13.53135,89.62933,2.78795,39.7737
Lilly Reuscher,ad2c003d-9ca2-42b1-bc85-2440ab303b84,09/28/2025,1759082664.0,vs Memphis 9.28.25,201,353a1f85-9dbb-496b-bea7-d008d4a61daa,4,1759075453.0,Centre Back,Rice WSOC,September,Sunday,6129.0,,4.98499,6129.0,6.48093,818.99658,513.386,335.49579,288.25433,362.00555,551.9187,52.94633,16.53175,79.55825,5.47251,78.53707
Lauren Pickup,ae01c819-c49a-41ef-aa65-20df1a8a40a9,09/28/2025,1759078506.0,vs Memphis 9.28.25,201,353a1f85-9dbb-496b-bea7-d008d4a61daa,8,1759075453.0,Full Back,Rice WSOC,September,Sunday,3053.0,,0.99503,3053.0,3.27472,184.5787,117.8006,81.23207,63.90892,84.35378,121.51074,11.13772,15.18329,70.45802,1.14745,31.47094
Mariana Elizondo,c3d64405-eb5d-4fc0-a8df-06af8ad627bf,09/28/2025,1759082664.0,vs Memphis 9.28.25,201,353a1f85-9dbb-496b-bea7-d008d4a61daa,10,1759075453.0,Central Midfielder,Rice WSOC,September,Sunday,6129.0,,5.56462,6129.0,5.10702,975.51682,596.93271,298.2666,366.72973,394.65769,674.05899,79.26306,14.07858,82.68362,6.1636,87.66894
Dayo Tennyson,d0c5a2ec-d0d5-4ae1-bc9f-ae270bfc51e9,09/28/2025,1759082664.0,vs Memphis 9.28.25,201,353a1f85-9dbb-496b-bea7-d008d4a61daa,3,1759075453.0,Full Back,Rice WSOC,September,Sunday,6129.0,,5.36002,6129.0,8.05341,1221.84973,806.5042,479.42995,517.51093,507.6133,757.92923,60.70991,16.67312,103.02625,6.1766,84.44552
Chelsea Cross,d654a3c8-46fc-4466-b132-8b2ba7258344,09/28/2025,1759078506.0,vs Memphis 9.28.25,201,353a1f85-9dbb-496b-bea7-d008d4a61daa,24,1759075453.0,Central Midfielder,Rice WSOC,September,Sunday,3053.0,,0.93351,3053.0,4.09898,194.73569,115.1692,72.96266,73.24815,72.88747,137.3779,12.39921,12.72635,59.75885,1.07492,29.52519
Olivia Duvall,d91f4f1a-979c-4c34-bb2f-a8b1f5176b9e,09/28/2025,1759078506.0,vs Memphis 9.28.25,201,353a1f85-9dbb-496b-bea7-d008d4a61daa,14,1759075453.0,Wide Midfielder,Rice WSOC,September,Sunday,3053.0,,1.53187,3053.0,4.29328,244.97096,152.08139,80.62982,91.37834,101.71816,166.22607,22.95221,17.4479,88.85088,1.7805,48.45009
Camille Quarterman,e710b8f7-8542-490c-80f0-c110cb9ed839,09/28/2025,1759082664.0,vs Memphis 9.28.25,201,353a1f85-9dbb-496b-bea7-d008d4a61daa,33,1759075453.0,Wide Midfielder,Rice WSOC,September,Sunday,6129.0,,3.36798,6129.0,5.25369,674.45947,430.36908,300.42784,238.25963,308.8737,432.73947,39.49554,18.53612,87.05157,3.86449,53.06154
Jordyn Mariam,f7e75558-805b-459d-b944-ec8d5a5beeac,09/28/2025,1759082664.0,vs Memphis 9.28.25,201,353a1f85-9dbb-496b-bea7-d008d4a61daa,5,1759075453.0,Wide Midfielder,Rice WSOC,September,Sunday,6129.0,,2.2676,6129.0,5.35573,459.69193,310.88951,160.40654,198.99934,198.67267,285.90723,29.87751,14.45695,70.48367,2.64078,35.72534
Piper Biziorek,fb332127-6268-4995-a140-9076566dc702,09/28/2025,1759082664.0,vs Memphis 9.28.25,201,353a1f85-9dbb-496b-bea7-d008d4a61daa,15,1759075453.0,Central Midfielder,Rice WSOC,September,Sunday,6129.0,,5.59337,6129.0,4.74836,1083.22919,716.59889,303.43149,384.98965,520.94031,689.91763,79.90106,15.7691,80.01437,6.47709,88.12201
Naija Bruckner,59840313-0841-4a21-a5b5-b8b24cad01b8,09/28/2025,1759082664.0,vs Memphis 9.28.25,201,353a1f85-9dbb-496b-bea7-d008d4a61daa,28,1759075453.0,Central Midfielder,Rice WSOC,September,Sunday,6129.0,,6.04879,6129.0,7.32496,991.05984,585.90872,319.60034,347.36693,399.70292,697.11482,79.05109,16.16486,101.36959,6.82966,95.29688
Naija Bruckner,59840313-0841-4a21-a5b5-b8b24cad01b8,09/24/2025,1758720170.0,Prep 9.24.25,201,f273e94d-c599-4f7b-ba70-867638309b07,28,1758718571.0,Central Midfielder,Rice WSOC,September,Wednesday,1590.0,0.0,0.93926,1590.0,4.50177,170.61401,102.83001,76.80529,62.09126,68.62743,119.30996,10.13581,14.69076,81.38207,1.09256,57.0414
Jessica Molina,49ee30cf-715d-49d2-bfd4-f208c806a5db,09/24/2025,1758720170.0,Prep 9.24.25,201,f273e94d-c599-4f7b-ba70-867638309b07,16,1758718571.0,Forward,Rice WSOC,September,Wednesday,1590.0,0.0,0.34944,1590.0,2.52477,61.2193,35.00474,37.02756,20.47435,23.81155,43.93909,3.00413,12.48462,62.96831,0.38285,21.22159
Mariana Elizondo,c3d64405-eb5d-4fc0-a8df-06af8ad627bf,09/24/2025,1758720170.0,Prep 9.24.25,201,f273e94d-c599-4f7b-ba70-867638309b07,10,1758719042.0,Central Midfielder,Rice WSOC,September,Wednesday,1128.0,0.0,0.78217,1128.0,3.76657,139.32204,80.88322,44.93353,50.68527,52.52233,100.01543,8.96775,14.62359,50.67186,0.88101,66.95655
Lauren Pickup,ae01c819-c49a-41ef-aa65-20df1a8a40a9,09/24/2025,1758720170.0,Prep 9.24.25,201,f273e94d-c599-4f7b-ba70-867638309b07,8,1758718571.0,Full Back,Rice WSOC,September,Wednesday,1590.0,0.0,0.97719,1590.0,2.86485,160.57228,100.55199,63.5643,54.12661,73.25952,107.59689,12.29807,12.10956,66.74463,1.12213,59.34487
Sophie Zhang,713ce913-8f9b-41cb-b395-b08e3e69186f,09/24/2025,1758720170.0,Prep 9.24.25,201,f273e94d-c599-4f7b-ba70-867638309b07,9,1758718571.0,Forward,Rice WSOC,September,Wednesday,1590.0,0.0,0.87084,1590.0,4.13389,156.47473,95.76241,71.56299,54.31865,66.68402,106.59093,8.80041,16.0389,66.13409,1.00889,52.88604
Taylor Rish,81828efc-2855-4216-a0d1-6a7c9201d5a0,09/24/2025,1758720170.0,Prep 9.24.25,201,f273e94d-c599-4f7b-ba70-867638309b07,7,1758718571.0,Full Back,Rice WSOC,September,Wednesday,1590.0,0.0,0.89897,1590.0,5.42269,160.16347,98.0341,63.41623,62.10402,62.46222,109.70934,7.6105,16.54857,76.97038,1.01923,54.59464
Betty Velkova,8b0cb352-4da9-4349-b147-77a3736ea957,09/24/2025,1758720170.0,Prep 9.24.25,201,f273e94d-c599-4f7b-ba70-867638309b07,19,1758718571.0,Forward,Rice WSOC,September,Wednesday,1590.0,0.0,0.94549,1590.0,4.39209,179.4816,107.8414,64.83527,64.31909,72.32474,124.19321,11.92517,13.62709,64.42725,1.05502,57.41944
Jadyn Jaeger,8e9bb6cd-180e-47be-afa1-39abe9300b25,09/24/2025,1758720170.0,Prep 9.24.25,201,f273e94d-c599-4f7b-ba70-867638309b07,11,1758718571.0,Full Back,Rice WSOC,September,Wednesday,1590.0,0.0,0.8979,1590.0,3.14086,140.51956,91.17591,61.36432,59.32066,57.37051,91.89639,10.37887,12.16599,69.85933,1.01775,54.52924
Jules Johnston,931babc9-289c-47bf-970a-22d756ac9f5a,09/24/2025,1758720170.0,Prep 9.24.25,201,f273e94d-c599-4f7b-ba70-867638309b07,25,1758718571.0,Forward,Rice WSOC,September,Wednesday,1590.0,0.0,0.89507,1590.0,3.79908,173.63786,113.35767,80.96995,65.26714,78.37337,112.71771,10.09603,14.25761,57.9308,0.99878,54.3577
Allie Love,99ee597d-39b8-4fb7-9c63-0d052a15c0a8,09/24/2025,1758720170.0,Prep 9.24.25,201,f273e94d-c599-4f7b-ba70-867638309b07,17,1758718571.0,Central Midfielder,Rice WSOC,September,Wednesday,1590.0,0.0,0.10569,1590.0,1.20153,14.60247,10.50182,14.44209,6.29268,7.04556,8.01282,1.08781,4.1214,11.19342,0.10677,6.41864
Kirsten Ruf,9a8fba27-951b-4253-aac1-ae31800ac075,09/24/2025,1758720305.0,Prep 9.24.25,201,f273e94d-c599-4f7b-ba70-867638309b07,22,1758717795.0,Goalkeeper,Rice WSOC,September,Wednesday,2509.98,0.0,1.20064,2510.0,3.6146,201.89607,128.52445,138.62176,79.54245,84.14046,133.38836,8.37827,13.57631,67.73444,1.34239,47.0551
Laurel Kelley,a3fa5f45-c40a-44d8-ae81-6ac82f3fc9ef,09/24/2025,1758720170.0,Prep 9.24.25,201,f273e94d-c599-4f7b-ba70-867638309b07,21,1758719042.0,Forward,Rice WSOC,September,Wednesday,1128.0,0.0,0.39013,1128.0,3.74576,68.71875,44.31815,28.91954,24.63104,31.61122,45.30171,3.93487,13.58039,56.20368,0.44691,33.39628
Lilly Reuscher,ad2c003d-9ca2-42b1-bc85-2440ab303b84,09/24/2025,1758720170.0,Prep 9.24.25,201,f273e94d-c599-4f7b-ba70-867638309b07,4,1758718571.0,Centre Back,Rice WSOC,September,Wednesday,1590.0,0.0,0.83623,1590.0,3.11194,154.26231,96.09327,74.57129,53.68964,68.15198,104.01807,8.7367,11.94214,59.22147,0.93712,50.78434
Carsyn Martz,5ec6f0de-aa33-44a6-9b7e-676076c27478,09/24/2025,1758720170.0,Prep 9.24.25,201,f273e94d-c599-4f7b-ba70-867638309b07,20,1758718571.0,Centre Back,Rice WSOC,September,Wednesday,1590.0,0.0,0.85582,1590.0,4.76244,135.56219,80.7169,63.99427,49.00882,53.544,95.46612,8.32337,13.61433,54.42767,0.94436,51.97378
Sam Walker,ce80f564-5fb7-4c34-8faf-d75015152871,09/24/2025,1758720305.0,Prep 9.24.25,201,f273e94d-c599-4f7b-ba70-867638309b07,30,1758717795.0,Goalkeeper,Rice WSOC,September,Wednesday,2556.98,-47.0,1.54564,2557.0,4.07675,286.75354,188.9107,165.65276,111.13224,127.30564,182.79229,13.79572,14.35685,72.40197,1.74457,59.19973
Chelsea Cross,d654a3c8-46fc-4466-b132-8b2ba7258344,09/24/2025,1758720170.0,Prep 9.24.25,201,f273e94d-c599-4f7b-ba70-867638309b07,24,1758718571.0,Central Midfielder,Rice WSOC,September,Wednesday,1590.0,0.0,0.89444,1590.0,4.48108,154.84936,86.38255,58.94751,50.67986,59.13092,112.82568,10.1825,12.48603,47.4175,0.98119,54.31933
Olivia Duvall,d91f4f1a-979c-4c34-bb2f-a8b1f5176b9e,09/24/2025,1758720170.0,Prep 9.24.25,201,f273e94d-c599-4f7b-ba70-867638309b07,14,1758718571.0,Wide Midfielder,Rice WSOC,September,Wednesday,1590.0,0.0,0.71852,1590.0,3.77636,113.02054,72.18768,60.37545,44.6652,47.59898,74.78513,6.89271,14.13889,82.30074,0.84453,43.63559
Camille Quarterman,e710b8f7-8542-490c-80f0-c110cb9ed839,09/24/2025,1758720170.0,Prep 9.24.25,201,f273e94d-c599-4f7b-ba70-867638309b07,33,1758718571.0,Wide Midfielder,Rice WSOC,September,Wednesday,1590.0,0.0,0.68645,1590.0,10.62914,249.76066,192.15826,117.63711,102.2435,141.43666,127.65431,4.50282,14.82522,127.25284,0.87419,41.68804
Mia Brumlow,e9141800-8f9c-4a98-8265-2ae17f48913e,09/24/2025,1758720170.0,Prep 9.24.25,201,f273e94d-c599-4f7b-ba70-867638309b07,13,1758718571.0,Wide Midfielder,Rice WSOC,September,Wednesday,1590.0,0.0,0.83097,1590.0,4.2254,145.68646,87.3708,71.65109,52.50858,59.32452,101.22055,9.06153,15.08701,61.8658,0.92578,50.46495
Jordyn Mariam,f7e75558-805b-459d-b944-ec8d5a5beeac,09/24/2025,1758720170.0,Prep 9.24.25,201,f273e94d-c599-4f7b-ba70-867638309b07,5,1758718571.0,Wide Midfielder,Rice WSOC,September,Wednesday,1590.0,0.0,0.84981,1590.0,4.22086,150.01244,96.61589,69.92168,57.67482,65.7058,96.1346,9.58567,13.77526,64.03356,0.96031,51.60887
Carsyn Martz,5ec6f0de-aa33-44a6-9b7e-676076c27478,09/23/2025,1758663233.0,Organizational 9.23.25,201,967340f3-5459-4080-b370-7396508c03c8,20,1758659315.59,Centre Back,Rice WSOC,September,Tuesday,3620.5,0.0,2.44754,3620.52,4.39473,376.13518,302.34592,242.83013,109.71094,259.12258,175.54607,14.45942,15.08356,82.73436,2.78893,68.22786
Bailey Peek,1d2f6fbf-8215-4ae2-ae70-ed9d981fcd85,09/23/2025,1758663542.49,Organizational 9.23.25,201,967340f3-5459-4080-b370-7396508c03c8,6,1758659315.59,Centre Back,Rice WSOC,September,Tuesday,3908.89,0.0,2.5466,3908.89,3.97045,402.73626,254.41712,183.05572,140.74132,181.83089,266.88387,30.53352,15.1827,68.72469,2.81527,62.90813
Kenna Sanders,457dc155-bdf2-48cc-8a59-2f0b4ec42ae2,09/23/2025,1758663542.49,Organizational 9.23.25,201,967340f3-5459-4080-b370-7396508c03c8,18,1758659315.59,Forward,Rice WSOC,September,Tuesday,3908.87,0.0,2.32321,3908.89,3.69761,446.7077,289.85334,199.87463,168.33,199.99272,286.40778,27.16663,13.44392,58.40814,2.53862,57.84115
Jessica Molina,49ee30cf-715d-49d2-bfd4-f208c806a5db,09/23/2025,1758663233.0,Organizational 9.23.25,201,967340f3-5459-4080-b370-7396508c03c8,16,1758659315.59,Forward,Rice WSOC,September,Tuesday,3620.5,0.0,1.38663,3620.52,3.62138,224.09174,147.09261,139.42623,93.68688,93.43105,144.8017,13.14728,14.94364,75.78568,1.5214,37.78977
Naija Bruckner,59840313-0841-4a21-a5b5-b8b24cad01b8,09/23/2025,1758663233.0,Organizational 9.23.25,201,967340f3-5459-4080-b370-7396508c03c8,28,1758659315.59,Central Midfielder,Rice WSOC,September,Tuesday,3620.5,0.0,1.80927,3620.52,4.14029,319.31119,194.25659,173.31021,119.86569,128.11259,219.17112,16.86026,16.20524,81.03928,2.08773,48.54346
Isabelle Kent,6e66b652-d707-4f6a-86d3-61696dab1831,09/23/2025,1758663542.49,Organizational 9.23.25,201,967340f3-5459-4080-b370-7396508c03c8,2,1758659315.59,Full Back,Rice WSOC,September,Tuesday,3908.89,0.0,2.54493,3908.89,3.77922,373.89053,221.45934,161.38136,121.08385,159.56809,261.446,25.62915,14.95648,72.28389,2.8032,62.86705
Sophie Zhang,713ce913-8f9b-41cb-b395-b08e3e69186f,09/23/2025,1758663233.0,Organizational 9.23.25,201,967340f3-5459-4080-b370-7396508c03c8,9,1758659315.59,Forward,Rice WSOC,September,Tuesday,3620.51,0.0,2.2802,3620.52,4.81945,441.20704,282.38669,221.60279,173.31254,185.50463,291.69999,19.95977,15.12474,72.87065,2.60404,60.86954
Mariana Elizondo,c3d64405-eb5d-4fc0-a8df-06af8ad627bf,09/23/2025,1758663233.0,Organizational 9.23.25,201,967340f3-5459-4080-b370-7396508c03c8,10,1758659315.59,Central Midfielder,Rice WSOC,September,Tuesday,3620.52,0.0,2.2675,3620.52,3.3649,391.0346,248.24216,204.75324,154.36775,163.24221,260.00174,19.93624,15.25972,74.56256,2.56786,60.47503
Kirsten Ruf,9a8fba27-951b-4253-aac1-ae31800ac075,09/23/2025,1758663233.0,Organizational 9.23.25,201,967340f3-5459-4080-b370-7396508c03c8,22,1758659315.59,Goalkeeper,Rice WSOC,September,Tuesday,3854.52,0.0,1.70071,3854.52,4.612,268.39,179.61568,184.91855,111.19758,117.32655,170.05834,9.28541,14.36223,96.65607,1.89721,42.60507
Eileen Albers,943afa05-aaac-4426-ba0c-1ebef4e76cb7,09/23/2025,1758663233.0,Organizational 9.23.25,201,967340f3-5459-4080-b370-7396508c03c8,12,1758659315.59,Forward,Rice WSOC,September,Tuesday,3620.52,0.0,1.94879,3620.52,3.53839,286.11916,159.91833,135.62201,96.5918,107.05569,209.44625,15.45522,15.57495,81.97388,2.19083,51.97503
Jules Johnston,931babc9-289c-47bf-970a-22d756ac9f5a,09/23/2025,1758663542.49,Organizational 9.23.25,201,967340f3-5459-4080-b370-7396508c03c8,25,1758659315.59,Forward,Rice WSOC,September,Tuesday,3908.87,0.0,2.30932,3908.89,3.77841,406.91412,260.35117,184.64058,146.92628,183.58972,272.38525,25.83046,15.51379,80.5581,2.57521,58.38193
Laurel Kelley,a3fa5f45-c40a-44d8-ae81-6ac82f3fc9ef,09/23/2025,1758663233.0,Organizational 9.23.25,201,967340f3-5459-4080-b370-7396508c03c8,21,1758659315.59,Forward,Rice WSOC,September,Tuesday,3620.52,0.0,1.5734,3620.52,3.92513,282.22447,185.80367,157.23346,108.83896,127.86026,182.49249,12.27739,14.44305,69.62801,1.7741,41.96308
Jadyn Jaeger,8e9bb6cd-180e-47be-afa1-39abe9300b25,09/23/2025,1758663233.0,Organizational 9.23.25,201,967340f3-5459-4080-b370-7396508c03c8,11,1758659315.59,Full Back,Rice WSOC,September,Tuesday,3620.52,0.0,2.44197,3620.52,3.54701,329.36216,208.57396,176.50109,136.6509,129.59122,220.72005,24.80803,15.30968,78.26782,2.74788,65.12821
Betty Velkova,8b0cb352-4da9-4349-b147-77a3736ea957,09/23/2025,1758663542.49,Organizational 9.23.25,201,967340f3-5459-4080-b370-7396508c03c8,19,1758659315.59,Forward,Rice WSOC,September,Tuesday,3908.89,0.0,2.41381,3908.89,5.7958,427.50621,269.0234,169.4304,173.94053,166.70723,287.62256,25.26226,14.67788,70.91655,2.65227,59.62783
Leah Chancey,85ed14d3-34f0-42fc-8477-c03064e998f4,09/23/2025,1758663233.0,Organizational 9.23.25,201,967340f3-5459-4080-b370-7396508c03c8,23,1758659315.59,Forward,Rice WSOC,September,Tuesday,3620.52,0.0,1.69955,3620.52,4.07249,289.7529,186.68916,144.82609,112.99659,123.81438,190.00705,13.28099,13.77,58.90576,1.88392,45.32759
Taylor Rish,81828efc-2855-4216-a0d1-6a7c9201d5a0,09/23/2025,1758663233.0,Organizational 9.23.25,201,967340f3-5459-4080-b370-7396508c03c8,7,1758659315.59,Full Back,Rice WSOC,September,Tuesday,3620.51,0.0,2.14949,3620.52,3.90457,280.34152,163.3077,147.23483,99.10203,107.80384,201.08723,17.24626,15.30983,82.49055,2.42966,58.45232
Megan Sweeney,76ec7312-9b6e-4355-a747-4de0c8e2d8b9,09/23/2025,1758663542.49,Organizational 9.23.25,201,967340f3-5459-4080-b370-7396508c03c8,0,1758659315.59,Goalkeeper,Rice WSOC,September,Tuesday,4142.89,0.0,2.28921,4142.89,4.94087,386.66847,254.58417,179.83836,151.37777,173.2644,249.48886,28.33445,14.72639,76.15931,2.50545,53.35596
Lilly Reuscher,ad2c003d-9ca2-42b1-bc85-2440ab303b84,09/23/2025,1758663233.0,Organizational 9.23.25,201,967340f3-5459-4080-b370-7396508c03c8,4,1758659315.59,Centre Back,Rice WSOC,September,Tuesday,3620.52,0.0,1.64083,3620.52,4.59717,279.11086,181.12304,170.26466,97.60896,131.31761,181.26968,10.96371,14.70916,69.42461,1.82631,43.76163
Lauren Pickup,ae01c819-c49a-41ef-aa65-20df1a8a40a9,09/23/2025,1758663542.49,Organizational 9.23.25,201,967340f3-5459-4080-b370-7396508c03c8,8,1758659315.59,Full Back,Rice WSOC,September,Tuesday,3908.89,0.0,2.82076,3908.89,3.62611,450.64462,290.8342,188.22626,157.19176,210.31803,293.0783,36.24868,15.22009,91.77061,3.20634,69.68075
Allie Love,99ee597d-39b8-4fb7-9c63-0d052a15c0a8,09/23/2025,1758663542.49,Organizational 9.23.25,201,967340f3-5459-4080-b370-7396508c03c8,17,1758659315.59,Central Midfielder,Rice WSOC,September,Tuesday,3908.89,0.0,2.51966,3908.89,3.59452,387.17536,240.67586,156.80468,141.49208,164.07764,263.00193,33.5524,14.37009,62.92589,2.78987,62.24281
Sam Walker,ce80f564-5fb7-4c34-8faf-d75015152871,09/23/2025,1758663542.49,Organizational 9.23.25,201,967340f3-5459-4080-b370-7396508c03c8,30,1758659315.59,Goalkeeper,Rice WSOC,September,Tuesday,4142.89,0.0,2.20788,4142.89,7.08605,373.00498,256.64383,221.00534,150.02973,174.46537,226.32842,18.6166,15.30382,82.05621,2.49273,51.4604
Dayo Tennyson,d0c5a2ec-d0d5-4ae1-bc9f-ae270bfc51e9,09/23/2025,1758663233.0,Organizational 9.23.25,201,967340f3-5459-4080-b370-7396508c03c8,3,1758659315.59,Full Back,Rice WSOC,September,Tuesday,3620.52,0.0,1.88514,3620.52,5.39353,427.91519,284.73014,261.60934,177.95167,179.27391,259.66852,11.65033,16.42282,100.01928,2.19982,50.27747
Chelsea Cross,d654a3c8-46fc-4466-b132-8b2ba7258344,09/23/2025,1758663542.49,Organizational 9.23.25,201,967340f3-5459-4080-b370-7396508c03c8,24,1758659315.59,Central Midfielder,Rice WSOC,September,Tuesday,3908.88,0.0,2.36799,3908.89,3.7151,414.51623,238.3007,152.18896,137.85441,164.15728,296.52205,36.76424,14.23139,68.66535,2.62748,58.58702
Olivia Duvall,d91f4f1a-979c-4c34-bb2f-a8b1f5176b9e,09/23/2025,1758663542.49,Organizational 9.23.25,201,967340f3-5459-4080-b370-7396508c03c8,14,1758659315.59,Wide Midfielder,Rice WSOC,September,Tuesday,3908.88,0.0,2.68992,3908.89,4.12243,374.69144,230.28229,161.90316,136.01661,156.71353,253.03262,28.68705,15.38584,88.15176,3.03485,67.21365
Camille Quarterman,e710b8f7-8542-490c-80f0-c110cb9ed839,09/23/2025,1758663233.0,Organizational 9.23.25,201,967340f3-5459-4080-b370-7396508c03c8,33,1758659315.59,Wide Midfielder,Rice WSOC,September,Tuesday,3620.51,0.0,2.26831,3620.52,4.43443,430.51756,285.98524,213.01131,173.93009,190.27108,268.13107,18.97244,16.63192,83.40013,2.62637,60.94395
Mia Brumlow,e9141800-8f9c-4a98-8265-2ae17f48913e,09/23/2025,1758663542.49,Organizational 9.23.25,201,967340f3-5459-4080-b370-7396508c03c8,13,1758659315.59,Wide Midfielder,Rice WSOC,September,Tuesday,3908.89,0.0,2.29262,3908.89,3.91428,394.96235,245.81911,193.26529,154.53359,159.40198,267.89026,22.12308,15.77249,76.53578,2.54354,56.63428
Jordyn Mariam,f7e75558-805b-459d-b944-ec8d5a5beeac,09/23/2025,1758663542.49,Organizational 9.23.25,201,967340f3-5459-4080-b370-7396508c03c8,5,1758659315.59,Wide Midfielder,Rice WSOC,September,Tuesday,3908.89,0.0,2.73883,3908.89,4.15813,458.79969,305.53434,201.31752,186.71404,203.20374,284.11194,31.17808,14.77003,73.50691,3.05617,67.6568
Piper Biziorek,fb332127-6268-4995-a140-9076566dc702,09/23/2025,1758663233.0,Organizational 9.23.25,201,967340f3-5459-4080-b370-7396508c03c8,15,1758659315.59,Central Midfielder,Rice WSOC,September,Tuesday,3620.5,0.0,2.63728,3620.52,4.04728,444.972,294.2578,225.47095,171.59063,202.27365,283.25696,25.71702,13.05264,79.64545,2.9895,70.78688
Leah Chancey,85ed14d3-34f0-42fc-8477-c03064e998f4,09/21/2025,1758484729.0,vs Grambling 9.21.25,201,79775f9c-ddbc-4e54-a1a1-e28f70aa6bd5,23,1758477663.0,Forward,Rice WSOC,September,Sunday,5594.28,591.72,5.39872,5594.28,4.76077,812.35321,478.33397,295.20726,284.31927,320.36754,570.16756,71.24045,15.25147,60.27775,5.87279,93.18517
Naija Bruckner,59840313-0841-4a21-a5b5-b8b24cad01b8,09/21/2025,1758484729.0,vs Grambling 9.21.25,201,79775f9c-ddbc-4e54-a1a1-e28f70aa6bd5,28,1758477663.0,Central Midfielder,Rice WSOC,September,Sunday,4583.76,1602.24,4.38453,4583.76,4.64621,682.70044,399.43344,229.29791,238.56133,271.15453,482.96634,59.33006,15.08823,88.91275,4.88498,92.3636
Taylor Rish,81828efc-2855-4216-a0d1-6a7c9201d5a0,09/21/2025,1758484729.0,vs Grambling 9.21.25,201,79775f9c-ddbc-4e54-a1a1-e28f70aa6bd5,7,1758477663.0,Full Back,Rice WSOC,September,Sunday,4547.69,1638.31,4.55372,4547.69,5.84933,679.63693,377.67122,238.95146,228.92093,250.62186,507.22725,62.52149,16.03653,84.07035,5.10698,96.68861
Carsyn Martz,5ec6f0de-aa33-44a6-9b7e-676076c27478,09/21/2025,1758484729.0,vs Grambling 9.21.25,201,79775f9c-ddbc-4e54-a1a1-e28f70aa6bd5,20,1758477663.0,Centre Back,Rice WSOC,September,Sunday,4976.81,1209.19,4.16636,4976.81,4.87782,585.40366,327.04637,230.07462,191.73444,222.96669,426.04608,48.0356,14.85684,90.08774,4.55342,80.83611
Piper Biziorek,fb332127-6268-4995-a140-9076566dc702,09/21/2025,1758484729.0,vs Grambling 9.21.25,201,79775f9c-ddbc-4e54-a1a1-e28f70aa6bd5,15,1758477663.0,Central Midfielder,Rice WSOC,September,Sunday,4199.78,1986.22,5.33351,4199.78,4.70316,956.27478,628.58347,244.97849,342.50079,456.48224,617.30234,87.44011,17.63601,95.23842,6.05834,122.62711
Jordyn Mariam,f7e75558-805b-459d-b944-ec8d5a5beeac,09/21/2025,1758480667.0,vs Grambling 9.21.25,201,79775f9c-ddbc-4e54-a1a1-e28f70aa6bd5,5,1758477663.0,Wide Midfielder,Rice WSOC,September,Sunday,1610.55,1393.45,1.53151,1610.55,4.57372,266.05252,170.12439,100.44646,101.16469,115.91388,173.48077,17.63276,13.54229,78.66751,1.74576,91.82179
Mia Brumlow,e9141800-8f9c-4a98-8265-2ae17f48913e,09/21/2025,1758484729.0,vs Grambling 9.21.25,201,79775f9c-ddbc-4e54-a1a1-e28f70aa6bd5,13,1758477663.0,Wide Midfielder,Rice WSOC,September,Sunday,1985.08,4200.92,1.76883,1985.08,4.57552,316.24475,185.38008,131.19339,108.26329,128.58046,221.70721,19.01675,14.32631,69.03998,1.94645,86.04148
Camille Quarterman,e710b8f7-8542-490c-80f0-c110cb9ed839,09/21/2025,1758484729.0,vs Grambling 9.21.25,201,79775f9c-ddbc-4e54-a1a1-e28f70aa6bd5,33,1758477663.0,Wide Midfielder,Rice WSOC,September,Sunday,3917.78,2268.22,4.01257,3917.78,6.80066,649.85544,404.30963,207.24518,238.61598,280.38728,432.07489,54.25383,18.19201,93.98792,4.53742,98.89702
Olivia Duvall,d91f4f1a-979c-4c34-bb2f-a8b1f5176b9e,09/21/2025,1758484729.0,vs Grambling 9.21.25,201,79775f9c-ddbc-4e54-a1a1-e28f70aa6bd5,14,1758477663.0,Wide Midfielder,Rice WSOC,September,Sunday,1230.87,4955.13,1.48506,1230.87,4.42418,242.52609,150.09477,66.1122,90.91441,99.9196,165.31569,25.16199,15.35303,88.12058,1.70333,116.50126
Dayo Tennyson,d0c5a2ec-d0d5-4ae1-bc9f-ae270bfc51e9,09/21/2025,1758484729.0,vs Grambling 9.21.25,201,79775f9c-ddbc-4e54-a1a1-e28f70aa6bd5,3,1758477663.0,Full Back,Rice WSOC,September,Sunday,6186.0,0.0,5.17393,6186.0,4.97745,916.33243,571.89412,403.35983,336.39381,393.69624,606.46228,52.45472,16.63311,92.29349,5.75316,80.76269
Mariana Elizondo,c3d64405-eb5d-4fc0-a8df-06af8ad627bf,09/21/2025,1758484729.0,vs Grambling 9.21.25,201,79775f9c-ddbc-4e54-a1a1-e28f70aa6bd5,10,1758477663.0,Central Midfielder,Rice WSOC,September,Sunday,4083.6,2102.4,4.30278,4083.6,6.16963,794.86386,480.65958,256.19244,307.03004,308.06277,552.67688,55.92089,12.79472,65.58833,4.69706,101.7434
Lauren Pickup,ae01c819-c49a-41ef-aa65-20df1a8a40a9,09/21/2025,1758484729.0,vs Grambling 9.21.25,201,79775f9c-ddbc-4e54-a1a1-e28f70aa6bd5,8,1758477663.0,Full Back,Rice WSOC,September,Sunday,1218.52,4967.48,1.55331,1218.52,4.04833,268.23013,163.12695,65.70926,89.36784,116.66289,185.14978,24.73147,15.87914,81.54026,1.75735,123.09114
Laurel Kelley,a3fa5f45-c40a-44d8-ae81-6ac82f3fc9ef,09/21/2025,1758484729.0,vs Grambling 9.21.25,201,79775f9c-ddbc-4e54-a1a1-e28f70aa6bd5,21,1758477663.0,Forward,Rice WSOC,September,Sunday,2781.62,3404.38,2.70578,2781.62,6.46393,449.25375,281.82712,164.2305,158.76401,199.98831,302.46509,36.40582,15.34825,74.1004,3.0089,93.92798
Kirsten Ruf,9a8fba27-951b-4253-aac1-ae31800ac075,09/21/2025,1758484729.0,vs Grambling 9.21.25,201,79775f9c-ddbc-4e54-a1a1-e28f70aa6bd5,22,1758477663.0,Goalkeeper,Rice WSOC,September,Sunday,6186.0,0.0,2.50323,6186.0,4.52475,301.49951,191.37035,226.9187,112.61403,130.57591,200.54422,15.10048,13.76334,78.9973,2.69491,39.07424
Eileen Albers,943afa05-aaac-4426-ba0c-1ebef4e76cb7,09/21/2025,1758484729.0,vs Grambling 9.21.25,201,79775f9c-ddbc-4e54-a1a1-e28f70aa6bd5,12,1758477663.0,Forward,Rice WSOC,September,Sunday,3750.06,2435.94,3.52347,3750.06,4.8455,537.33371,299.61861,182.10698,177.3009,203.96167,395.77431,47.00486,16.93569,87.127,3.92623,90.72621
Jules Johnston,931babc9-289c-47bf-970a-22d756ac9f5a,09/21/2025,1758480667.0,vs Grambling 9.21.25,201,79775f9c-ddbc-4e54-a1a1-e28f70aa6bd5,25,1758477663.0,Forward,Rice WSOC,September,Sunday,641.12,2362.88,0.64952,641.12,4.09927,112.43893,70.2683,37.77798,41.47328,47.93967,76.85391,6.71623,16.40332,73.23462,0.75641,97.82541
Jadyn Jaeger,8e9bb6cd-180e-47be-afa1-39abe9300b25,09/21/2025,1758484729.0,vs Grambling 9.21.25,201,79775f9c-ddbc-4e54-a1a1-e28f70aa6bd5,11,1758477663.0,Full Back,Rice WSOC,September,Sunday,5790.82,395.18,5.88213,5790.82,7.90799,726.63495,448.33955,276.44075,296.36977,273.93935,499.86981,75.32861,15.68829,71.97755,6.37244,98.08316
Jordyn Mariam,f7e75558-805b-459d-b944-ec8d5a5beeac,09/20/2025,1758385484.0,Prep 9.20.25,201,5a5d9d2e-8d7a-47a1-8dd8-0693b6947320,5,1758381830.82,Wide Midfielder,Rice WSOC,September,Saturday,3361.73,0.0,1.64481,3361.73,4.77952,321.0231,195.36959,175.74084,115.63733,132.04739,215.94883,13.41121,13.41238,76.96704,1.83929,47.24457
Piper Biziorek,fb332127-6268-4995-a140-9076566dc702,09/20/2025,1758385484.0,Prep 9.20.25,201,5a5d9d2e-8d7a-47a1-8dd8-0693b6947320,15,1758381830.82,Central Midfielder,Rice WSOC,September,Saturday,3361.71,0.0,1.77243,3361.73,4.32381,299.59753,191.65252,137.51722,109.2312,133.28972,199.21885,18.4942,14.27159,72.81654,1.99955,51.52347
Lauren Pickup,ae01c819-c49a-41ef-aa65-20df1a8a40a9,09/20/2025,1758385484.0,Prep 9.20.25,201,5a5d9d2e-8d7a-47a1-8dd8-0693b6947320,8,1758381830.82,Full Back,Rice WSOC,September,Saturday,3361.73,0.0,1.81143,3361.73,3.82594,335.90213,221.14462,167.21793,130.31011,148.90776,211.344,14.94045,13.30613,77.59473,2.05974,52.0305
Mia Brumlow,e9141800-8f9c-4a98-8265-2ae17f48913e,09/20/2025,1758385484.0,Prep 9.20.25,201,5a5d9d2e-8d7a-47a1-8dd8-0693b6947320,13,1758381830.82,Wide Midfielder,Rice WSOC,September,Saturday,3361.73,0.0,1.41457,3361.73,3.93967,235.78671,145.28652,141.35448,88.92959,95.915,161.99112,12.29978,13.31479,67.25845,1.56568,40.63142
Camille Quarterman,e710b8f7-8542-490c-80f0-c110cb9ed839,09/20/2025,1758385484.0,Prep 9.20.25,201,5a5d9d2e-8d7a-47a1-8dd8-0693b6947320,33,1758381830.82,Wide Midfielder,Rice WSOC,September,Saturday,3361.71,0.0,1.78275,3361.73,4.24277,330.49365,218.58688,171.7307,131.89603,145.96349,207.43057,16.96277,15.60784,76.5637,2.03158,51.75806
Bailey Peek,1d2f6fbf-8215-4ae2-ae70-ed9d981fcd85,09/20/2025,1758385484.0,Prep 9.20.25,201,5a5d9d2e-8d7a-47a1-8dd8-0693b6947320,6,1758381830.82,Centre Back,Rice WSOC,September,Saturday,3361.71,0.0,1.68916,3361.73,3.74239,280.75745,175.41811,147.64333,104.07734,118.68002,187.41111,16.03692,13.96547,62.72194,1.88257,48.8411
Kallie Mckinney,41be207d-131f-472d-a349-6832380579b4,09/20/2025,1758386420.15,Prep 9.20.25,201,5a5d9d2e-8d7a-47a1-8dd8-0693b6947320,27,1758381830.82,Central Midfielder,Rice WSOC,September,Saturday,4132.31,0.0,2.452,4132.33,4.84032,438.36006,256.32652,183.40257,153.9402,170.9765,311.47499,28.08902,13.05253,63.52727,2.72967,57.48814
Kenna Sanders,457dc155-bdf2-48cc-8a59-2f0b4ec42ae2,09/20/2025,1758385484.0,Prep 9.20.25,201,5a5d9d2e-8d7a-47a1-8dd8-0693b6947320,18,1758381830.82,Forward,Rice WSOC,September,Saturday,3361.71,0.0,1.4964,3361.73,3.81758,299.01109,193.57563,194.20311,108.41113,137.53203,194.86834,12.95064,12.4138,59.67305,1.64509,44.01086
Naija Bruckner,59840313-0841-4a21-a5b5-b8b24cad01b8,09/20/2025,1758385484.0,Prep 9.20.25,201,5a5d9d2e-8d7a-47a1-8dd8-0693b6947320,28,1758381830.82,Central Midfielder,Rice WSOC,September,Saturday,3361.71,0.0,1.64556,3361.73,4.53515,317.24133,189.57541,168.52903,117.68669,123.30663,220.20061,14.98323,14.33615,88.62254,1.87353,47.76633
Carsyn Martz,5ec6f0de-aa33-44a6-9b7e-676076c27478,09/20/2025,1758385484.0,Prep 9.20.25,201,5a5d9d2e-8d7a-47a1-8dd8-0693b6947320,20,1758381830.82,Centre Back,Rice WSOC,September,Saturday,3361.72,0.0,1.60667,3361.73,3.57187,248.03738,156.27933,154.35417,96.34702,101.98202,166.22114,11.94041,13.03931,60.53892,1.76641,46.46042
Sophie Zhang,713ce913-8f9b-41cb-b395-b08e3e69186f,09/20/2025,1758385484.0,Prep 9.20.25,201,5a5d9d2e-8d7a-47a1-8dd8-0693b6947320,9,1758381830.82,Forward,Rice WSOC,September,Saturday,3361.71,0.0,1.45478,3361.73,4.53035,305.3989,190.47473,173.47315,110.94838,130.5957,206.91773,14.12296,13.93931,69.72853,1.62561,42.72425
Megan Sweeney,76ec7312-9b6e-4355-a747-4de0c8e2d8b9,09/20/2025,1758385484.0,Prep 9.20.25,201,5a5d9d2e-8d7a-47a1-8dd8-0693b6947320,0,1758381830.82,Goalkeeper,Rice WSOC,September,Saturday,3361.71,0.0,1.64504,3361.73,6.50056,295.86521,191.00942,192.19401,126.89279,116.32374,194.07664,11.49452,13.68112,58.8313,1.8531,47.52842
Taylor Rish,81828efc-2855-4216-a0d1-6a7c9201d5a0,09/20/2025,1758385484.0,Prep 9.20.25,201,5a5d9d2e-8d7a-47a1-8dd8-0693b6947320,7,1758381830.82,Full Back,Rice WSOC,September,Saturday,3361.71,0.0,1.61415,3361.73,5.47177,285.02196,172.76086,140.3252,111.27012,108.18305,196.2339,12.37618,14.22075,81.39053,1.82495,46.67227
Leah Chancey,85ed14d3-34f0-42fc-8477-c03064e998f4,09/20/2025,1758385484.0,Prep 9.20.25,201,5a5d9d2e-8d7a-47a1-8dd8-0693b6947320,23,1758381830.82,Forward,Rice WSOC,September,Saturday,3361.72,0.0,1.54468,3361.73,3.73497,236.61751,146.84226,131.75958,87.99775,97.47829,158.66109,10.5609,13.29723,55.41917,1.68413,44.51807
Betty Velkova,8b0cb352-4da9-4349-b147-77a3736ea957,09/20/2025,1758385484.0,Prep 9.20.25,201,5a5d9d2e-8d7a-47a1-8dd8-0693b6947320,19,1758381830.82,Forward,Rice WSOC,September,Saturday,3361.73,0.0,1.42528,3361.73,4.73587,269.33932,157.49946,143.1417,96.70181,103.17278,191.69422,12.03462,13.05274,61.63147,1.54885,40.93903
Jadyn Jaeger,8e9bb6cd-180e-47be-afa1-39abe9300b25,09/20/2025,1758385484.0,Prep 9.20.25,201,5a5d9d2e-8d7a-47a1-8dd8-0693b6947320,11,1758381830.82,Full Back,Rice WSOC,September,Saturday,3361.71,0.0,1.74813,3361.73,3.94583,272.95306,173.72917,150.84742,115.41169,106.07251,180.96686,14.52918,13.58758,67.14268,1.9362,50.85232
Jules Johnston,931babc9-289c-47bf-970a-22d756ac9f5a,09/20/2025,1758385484.0,Prep 9.20.25,201,5a5d9d2e-8d7a-47a1-8dd8-0693b6947320,25,1758381830.82,Forward,Rice WSOC,September,Saturday,3361.71,0.0,1.57189,3361.73,3.7858,249.8161,154.59759,121.57583,87.12424,109.13212,171.41579,13.54924,12.14585,63.84771,1.72452,45.34711
Eileen Albers,943afa05-aaac-4426-ba0c-1ebef4e76cb7,09/20/2025,1758385484.0,Prep 9.20.25,201,5a5d9d2e-8d7a-47a1-8dd8-0693b6947320,12,1758381830.82,Forward,Rice WSOC,September,Saturday,3361.71,0.0,1.62055,3361.73,3.61167,287.3064,162.19636,134.74729,96.34777,110.21052,210.2224,13.76694,13.30959,67.65697,1.79027,46.89535
Allie Love,99ee597d-39b8-4fb7-9c63-0d052a15c0a8,09/20/2025,1758385484.0,Prep 9.20.25,201,5a5d9d2e-8d7a-47a1-8dd8-0693b6947320,17,1758381830.82,Central Midfielder,Rice WSOC,September,Saturday,3361.72,0.0,1.90445,3361.73,4.03543,318.80605,195.47293,149.79283,115.15524,132.99093,218.39902,17.98733,13.86693,56.3164,2.12414,55.04105
Laurel Kelley,a3fa5f45-c40a-44d8-ae81-6ac82f3fc9ef,09/20/2025,1758385484.0,Prep 9.20.25,201,5a5d9d2e-8d7a-47a1-8dd8-0693b6947320,21,1758381830.82,Forward,Rice WSOC,September,Saturday,3361.73,0.0,1.60848,3361.73,5.96809,277.57413,179.31182,138.67094,100.66362,126.50293,183.55641,14.58672,13.32602,69.96951,1.79474,46.20125
Lilly Reuscher,ad2c003d-9ca2-42b1-bc85-2440ab303b84,09/20/2025,1758385484.0,Prep 9.20.25,201,5a5d9d2e-8d7a-47a1-8dd8-0693b6947320,4,1758381830.82,Centre Back,Rice WSOC,September,Saturday,3361.72,0.0,1.56823,3361.73,3.07528,257.84815,156.63394,139.74843,83.56531,113.90958,176.21887,12.04559,13.16268,47.47611,1.71365,45.30829
Mariana Elizondo,c3d64405-eb5d-4fc0-a8df-06af8ad627bf,09/20/2025,1758385484.0,Prep 9.20.25,201,5a5d9d2e-8d7a-47a1-8dd8-0693b6947320,10,1758381830.82,Central Midfielder,Rice WSOC,September,Saturday,3361.71,0.0,1.73616,3361.73,3.64542,317.80608,193.30565,159.50281,125.94284,119.82047,219.60542,16.0633,13.24129,59.48224,1.93108,50.51315
Sam Walker,ce80f564-5fb7-4c34-8faf-d75015152871,09/20/2025,1758385484.0,Prep 9.20.25,201,5a5d9d2e-8d7a-47a1-8dd8-0693b6947320,30,1758381830.82,Goalkeeper,Rice WSOC,September,Saturday,3361.73,0.0,1.8333,3361.73,6.74935,329.10574,215.18602,196.65362,123.95966,147.94259,212.17182,12.67357,14.62821,80.34318,2.13454,52.65872
Dayo Tennyson,d0c5a2ec-d0d5-4ae1-bc9f-ae270bfc51e9,09/20/2025,1758385484.0,Prep 9.20.25,201,5a5d9d2e-8d7a-47a1-8dd8-0693b6947320,3,1758381830.82,Full Back,Rice WSOC,September,Saturday,3361.72,0.0,1.50332,3361.73,5.49932,374.60129,232.49401,228.20571,137.59903,154.77579,244.28,11.08072,13.63839,68.12516,1.66834,43.32664
Chelsea Cross,d654a3c8-46fc-4466-b132-8b2ba7258344,09/20/2025,1758385484.0,Prep 9.20.25,201,5a5d9d2e-8d7a-47a1-8dd8-0693b6947320,24,1758381830.82,Central Midfielder,Rice WSOC,September,Saturday,3361.71,0.0,1.45682,3361.73,3.43019,256.87681,151.73323,144.31863,92.01646,100.44231,180.14179,13.08518,13.00485,89.90086,1.6233,42.1572
Olivia Duvall,d91f4f1a-979c-4c34-bb2f-a8b1f5176b9e,09/20/2025,1758385484.0,Prep 9.20.25,201,5a5d9d2e-8d7a-47a1-8dd8-0693b6947320,14,1758381830.82,Wide Midfielder,Rice WSOC,September,Saturday,3361.71,0.0,1.83181,3361.73,3.70605,294.19736,189.00673,142.5794,114.1564,126.71719,192.86874,15.76311,15.05326,76.37474,2.09249,53.1872
Isabelle Kent,6e66b652-d707-4f6a-86d3-61696dab1831,09/20/2025,1758385484.0,Prep 9.20.25,201,5a5d9d2e-8d7a-47a1-8dd8-0693b6947320,2,1758381830.82,Full Back,Rice WSOC,September,Saturday,3361.73,0.0,1.44248,3361.73,3.9018,215.27284,135.58483,133.56496,84.12364,88.51958,142.81854,11.11877,12.3931,58.33257,1.58765,41.43314
Lauren Pickup,ae01c819-c49a-41ef-aa65-20df1a8a40a9,09/19/2025,1758307701.67,Low min 9.19.25,201,eefa82cc-d490-47d9-9fd7-5996d4b44477,8,1758304479.57,Full Back,Rice WSOC,September,Friday,3222.1,0.0,2.62934,3222.1,3.4176,475.79239,313.0188,213.05922,186.92765,207.12982,306.12967,39.81048,13.27924,63.97525,2.86454,78.79674
Laurel Kelley,a3fa5f45-c40a-44d8-ae81-6ac82f3fc9ef,09/19/2025,1758307701.67,Low min 9.19.25,201,eefa82cc-d490-47d9-9fd7-5996d4b44477,21,1758304479.57,Forward,Rice WSOC,September,Friday,3222.1,0.0,1.95449,3222.1,5.60695,405.63062,258.6446,209.67625,148.07671,180.66484,270.61471,22.07201,13.73048,63.8792,2.19623,58.57273
Jessica Molina,49ee30cf-715d-49d2-bfd4-f208c806a5db,09/19/2025,1758307701.67,Low min 9.19.25,201,eefa82cc-d490-47d9-9fd7-5996d4b44477,16,1758304479.57,Forward,Rice WSOC,September,Friday,3222.08,0.0,1.80485,3222.1,2.93944,338.48575,209.84895,194.54854,137.19178,131.57534,233.92826,24.64009,13.27195,61.08661,1.89005,55.04823
Jordyn Mariam,f7e75558-805b-459d-b944-ec8d5a5beeac,09/19/2025,1758307701.67,Low min 9.19.25,201,eefa82cc-d490-47d9-9fd7-5996d4b44477,5,1758304479.57,Wide Midfielder,Rice WSOC,September,Friday,3222.08,0.0,1.08704,3222.1,5.83677,231.78574,145.25914,160.87627,91.88081,92.88972,156.66683,8.76995,14.41774,84.23249,1.29035,32.89307
Mia Brumlow,e9141800-8f9c-4a98-8265-2ae17f48913e,09/19/2025,1758307701.67,Low min 9.19.25,201,eefa82cc-d490-47d9-9fd7-5996d4b44477,13,1758304479.57,Wide Midfielder,Rice WSOC,September,Friday,3222.1,0.0,2.30324,3222.1,3.94121,454.47009,278.36152,198.5559,178.53761,176.61752,312.14321,32.30865,14.83184,68.77171,2.50318,69.02417
Chelsea Cross,d654a3c8-46fc-4466-b132-8b2ba7258344,09/19/2025,1758307701.67,Low min 9.19.25,201,eefa82cc-d490-47d9-9fd7-5996d4b44477,24,1758304479.57,Central Midfielder,Rice WSOC,September,Friday,3222.1,0.0,2.76155,3222.1,3.63809,548.43115,308.46879,195.21125,184.51139,208.18911,399.18552,43.55688,13.35874,54.00779,3.00324,82.75863
Sam Walker,ce80f564-5fb7-4c34-8faf-d75015152871,09/19/2025,1758307701.67,Low min 9.19.25,201,eefa82cc-d490-47d9-9fd7-5996d4b44477,30,1758304479.57,Goalkeeper,Rice WSOC,September,Friday,3222.09,0.0,2.47032,3222.1,5.59778,432.92325,295.26738,192.72645,171.66737,200.75599,266.30844,37.48172,12.3961,73.01383,2.68584,74.04441
Jules Johnston,931babc9-289c-47bf-970a-22d756ac9f5a,09/19/2025,1758307701.67,Low min 9.19.25,201,eefa82cc-d490-47d9-9fd7-5996d4b44477,25,1758304479.57,Forward,Rice WSOC,September,Friday,3222.08,0.0,1.46174,3222.1,4.07996,280.02475,180.05581,96.91396,105.08141,123.60149,185.48367,18.01799,13.46308,62.22557,1.60078,44.20209
Betty Velkova,8b0cb352-4da9-4349-b147-77a3736ea957,09/19/2025,1758307701.67,Low min 9.19.25,201,eefa82cc-d490-47d9-9fd7-5996d4b44477,19,1758304479.57,Forward,Rice WSOC,September,Friday,3222.1,0.0,2.70017,3222.1,4.45231,510.05972,288.84729,201.39099,183.28557,182.48017,369.5817,38.82033,14.33145,65.7205,2.9535,80.91935
Megan Sweeney,76ec7312-9b6e-4355-a747-4de0c8e2d8b9,09/19/2025,1758307701.67,Low min 9.19.25,201,eefa82cc-d490-47d9-9fd7-5996d4b44477,0,1758304479.57,Goalkeeper,Rice WSOC,September,Friday,3222.08,0.0,2.55757,3222.1,4.32923,467.82986,302.09929,202.18036,179.70243,206.18001,306.90544,37.68282,13.2041,58.81401,2.75283,78.02359
Sophie Zhang,713ce913-8f9b-41cb-b395-b08e3e69186f,09/19/2025,1758307701.67,Low min 9.19.25,201,eefa82cc-d490-47d9-9fd7-5996d4b44477,9,1758304479.57,Forward,Rice WSOC,September,Friday,3222.08,0.0,2.54008,3222.1,4.73725,487.55038,292.76971,195.98877,173.20355,197.2245,342.23313,34.34831,12.77499,74.40166,2.78901,77.05442
Isabelle Kent,6e66b652-d707-4f6a-86d3-61696dab1831,09/19/2025,1758307701.67,Low min 9.19.25,201,eefa82cc-d490-47d9-9fd7-5996d4b44477,2,1758304479.57,Full Back,Rice WSOC,September,Friday,3222.1,0.0,2.51351,3222.1,3.43293,453.4693,257.62856,203.9988,145.93553,181.4413,327.17287,33.93615,11.66729,61.40283,2.69061,75.32532
Kenna Sanders,457dc155-bdf2-48cc-8a59-2f0b4ec42ae2,09/19/2025,1758307701.67,Low min 9.19.25,201,eefa82cc-d490-47d9-9fd7-5996d4b44477,18,1758304479.57,Forward,Rice WSOC,September,Friday,3222.08,0.0,2.57745,3222.1,3.87436,571.29193,325.82218,236.0591,176.26082,233.95202,410.63746,42.14069,11.82526,63.46679,2.80093,78.58562
Bailey Peek,1d2f6fbf-8215-4ae2-ae70-ed9d981fcd85,09/19/2025,1758307701.67,Low min 9.19.25,201,eefa82cc-d490-47d9-9fd7-5996d4b44477,6,1758304479.57,Centre Back,Rice WSOC,September,Friday,3222.08,0.0,2.49965,3222.1,4.38118,394.29733,243.25774,173.74498,124.09975,181.97169,269.21074,39.83582,12.34422,55.72526,2.67709,75.48874
Taylor Rish,81828efc-2855-4216-a0d1-6a7c9201d5a0,09/18/2025,1758244225.0,vs FAU 9.18.25,201,6fad2597-ffdb-41a9-a595-2b44b1dbba61,7,1758236651.0,Full Back,Rice WSOC,September,Thursday,3041.58,3609.42,2.98434,3041.58,5.53657,466.24506,266.10356,166.41045,162.10892,176.18216,341.87827,33.27761,16.58085,78.74435,3.37264,94.74348
Jules Johnston,931babc9-289c-47bf-970a-22d756ac9f5a,09/18/2025,1758244225.0,vs FAU 9.18.25,201,6fad2597-ffdb-41a9-a595-2b44b1dbba61,25,1758236651.0,Forward,Rice WSOC,September,Thursday,1805.3,4845.7,1.80495,1805.3,4.83305,307.35342,185.46719,91.11977,93.49947,140.62997,215.38936,21.23783,16.44222,76.15932,2.10589,96.5421
Eileen Albers,943afa05-aaac-4426-ba0c-1ebef4e76cb7,09/18/2025,1758244225.0,vs FAU 9.18.25,201,6fad2597-ffdb-41a9-a595-2b44b1dbba61,12,1758236651.0,Forward,Rice WSOC,September,Thursday,5997.35,653.65,5.3349,5997.35,4.69032,828.65906,456.0616,259.57556,275.35472,304.47524,616.74529,63.24524,15.82875,83.56282,5.88358,85.89483
Jadyn Jaeger,8e9bb6cd-180e-47be-afa1-39abe9300b25,09/18/2025,1758244225.0,vs FAU 9.18.25,201,6fad2597-ffdb-41a9-a595-2b44b1dbba61,11,1758236651.0,Full Back,Rice WSOC,September,Thursday,5024.4,1626.6,5.06702,5024.4,5.27218,667.18964,425.63762,233.16252,277.04178,266.06878,441.05539,69.73634,15.37401,71.4768,5.52091,97.3798
Allie Love,99ee597d-39b8-4fb7-9c63-0d052a15c0a8,09/18/2025,1758244225.0,vs FAU 9.18.25,201,6fad2597-ffdb-41a9-a595-2b44b1dbba61,17,1758236651.0,Central Midfielder,Rice WSOC,September,Thursday,1233.92,5417.08,1.30001,1233.92,4.63655,229.84058,144.42609,78.36952,88.28483,95.14323,155.31963,17.71864,13.78478,75.13358,1.49957,101.73228
Kirsten Ruf,9a8fba27-951b-4253-aac1-ae31800ac075,09/18/2025,1758244225.0,vs FAU 9.18.25,201,6fad2597-ffdb-41a9-a595-2b44b1dbba61,22,1758236651.0,Goalkeeper,Rice WSOC,September,Thursday,6651.0,0.0,2.97695,6651.0,4.08192,409.6295,263.76567,282.9646,161.64078,173.728,268.01567,16.52656,13.59481,90.76401,3.28451,43.21999
Mariana Elizondo,c3d64405-eb5d-4fc0-a8df-06af8ad627bf,09/18/2025,1758244225.0,vs FAU 9.18.25,201,6fad2597-ffdb-41a9-a595-2b44b1dbba61,10,1758236651.0,Central Midfielder,Rice WSOC,September,Thursday,6651.0,0.0,6.79336,6651.0,4.99595,1174.42163,699.52849,371.20653,436.18499,460.11373,829.70837,85.6251,13.58715,70.22472,7.44409,98.62749
Laurel Kelley,a3fa5f45-c40a-44d8-ae81-6ac82f3fc9ef,09/18/2025,1758244225.0,vs FAU 9.18.25,201,6fad2597-ffdb-41a9-a595-2b44b1dbba61,21,1758240542.0,Forward,Rice WSOC,September,Thursday,1164.88,2518.12,1.21183,1164.88,4.92017,202.66397,127.36617,58.30405,72.56683,89.43141,137.41624,16.99396,15.33252,77.9679,1.36971,100.45252
Leah Chancey,85ed14d3-34f0-42fc-8477-c03064e998f4,09/18/2025,1758244225.0,vs FAU 9.18.25,201,6fad2597-ffdb-41a9-a595-2b44b1dbba61,23,1758236651.0,Forward,Rice WSOC,September,Thursday,6176.05,474.95,5.99453,6176.05,5.42979,962.24203,560.23041,312.496,331.82424,376.0051,680.34999,73.02462,14.4529,68.15863,6.51642,93.72258
Lilly Reuscher,ad2c003d-9ca2-42b1-bc85-2440ab303b84,09/18/2025,1758244225.0,vs FAU 9.18.25,201,6fad2597-ffdb-41a9-a595-2b44b1dbba61,4,1758236651.0,Centre Back,Rice WSOC,September,Thursday,6651.0,0.0,5.49914,6651.0,5.64372,881.73889,544.8112,350.39246,306.62724,384.77024,601.11676,56.13938,16.1771,75.55412,6.02269,79.83765
Carsyn Martz,5ec6f0de-aa33-44a6-9b7e-676076c27478,09/18/2025,1758244225.0,vs FAU 9.18.25,201,6fad2597-ffdb-41a9-a595-2b44b1dbba61,20,1758236651.0,Centre Back,Rice WSOC,September,Thursday,6651.0,0.0,5.34901,6651.0,5.16794,771.66846,447.8632,298.43747,265.97521,304.20084,552.49356,52.87263,16.81571,77.14826,5.85632,77.65804
Naija Bruckner,59840313-0841-4a21-a5b5-b8b24cad01b8,09/18/2025,1758244225.0,vs FAU 9.18.25,201,6fad2597-ffdb-41a9-a595-2b44b1dbba61,28,1758236651.0,Central Midfielder,Rice WSOC,September,Thursday,5858.18,792.82,5.18056,5858.18,8.21919,831.98505,486.6732,271.55453,294.61648,325.16893,593.62541,62.92198,16.44439,85.88564,5.82708,85.39144
Kallie Mckinney,41be207d-131f-472d-a349-6832380579b4,09/18/2025,1758234409.93,Kallie 9.18.25,201,56f41d95-2a45-4f65-aca9-a9e1a4062994,27,1758233275.85,Central Midfielder,Rice WSOC,September,Thursday,1134.08,0.0,1.47996,1134.08,3.53592,283.26074,218.94107,101.82353,76.67763,191.23141,149.19642,24.96778,14.49406,150.39111,1.93045,126.01016
Piper Biziorek,fb332127-6268-4995-a140-9076566dc702,09/18/2025,1758244225.0,vs FAU 9.18.25,201,6fad2597-ffdb-41a9-a595-2b44b1dbba61,15,1758236651.0,Central Midfielder,Rice WSOC,September,Thursday,3902.82,2748.18,4.31775,3902.82,5.42717,750.61603,490.28844,185.51796,261.89229,359.86557,486.38109,67.46184,15.7453,80.40643,4.91752,106.82645
Jordyn Mariam,f7e75558-805b-459d-b944-ec8d5a5beeac,09/18/2025,1758244225.0,vs FAU 9.18.25,201,6fad2597-ffdb-41a9-a595-2b44b1dbba61,5,1758236651.0,Wide Midfielder,Rice WSOC,September,Thursday,2235.52,4415.48,2.34253,2235.52,5.3337,463.50018,279.85211,151.42557,166.57895,189.28494,316.82175,28.84978,13.45504,87.30817,2.68369,101.18298
Camille Quarterman,e710b8f7-8542-490c-80f0-c110cb9ed839,09/18/2025,1758244225.0,vs FAU 9.18.25,201,6fad2597-ffdb-41a9-a595-2b44b1dbba61,33,1758236651.0,Wide Midfielder,Rice WSOC,September,Thursday,4045.44,2605.56,4.10012,4045.44,5.25669,727.85306,453.19118,252.7917,263.7144,315.45444,480.20972,55.5341,18.10919,99.57832,4.6757,97.86571
Olivia Duvall,d91f4f1a-979c-4c34-bb2f-a8b1f5176b9e,09/18/2025,1758244225.0,vs FAU 9.18.25,201,6fad2597-ffdb-41a9-a595-2b44b1dbba61,14,1758236651.0,Wide Midfielder,Rice WSOC,September,Thursday,2504.87,4146.13,2.76338,2504.87,4.7566,418.76657,253.58174,123.22758,150.30999,171.86507,288.81403,37.3032,16.47713,82.42419,3.24405,106.52598
Dayo Tennyson,d0c5a2ec-d0d5-4ae1-bc9f-ae270bfc51e9,09/18/2025,1758244225.0,vs FAU 9.18.25,201,6fad2597-ffdb-41a9-a595-2b44b1dbba61,3,1758236651.0,Full Back,Rice WSOC,September,Thursday,6651.0,0.0,5.89507,6651.0,6.23225,1266.16492,822.06091,502.4529,525.70555,514.32037,794.26556,68.39402,17.67055,116.74666,6.6665,85.58588
Naija Bruckner,59840313-0841-4a21-a5b5-b8b24cad01b8,09/17/2025,1758121592.0,Practice sub 9.17.25,201,7072a3a2-6e24-4bde-b8e3-c4349b160473,28,1758119091.0,Central Midfielder,Rice WSOC,September,Wednesday,2488.98,12.0,1.11599,2489.0,3.89563,279.45779,172.73989,179.42912,104.58816,115.0254,190.93777,7.45561,11.73729,63.45878,1.30111,43.84971
Mariana Elizondo,c3d64405-eb5d-4fc0-a8df-06af8ad627bf,09/17/2025,1758121592.0,Practice sub 9.17.25,201,7072a3a2-6e24-4bde-b8e3-c4349b160473,10,1758119091.0,Central Midfielder,Rice WSOC,September,Wednesday,2498.98,2.0,1.16349,2499.0,3.82592,253.26064,156.35036,185.08108,100.77257,98.18429,172.68795,7.72468,12.29069,72.6011,1.31637,45.80559
Jordyn Mariam,f7e75558-805b-459d-b944-ec8d5a5beeac,09/17/2025,1758135009.0,Prep 9.17.25,201,c63fa776-20ae-453d-80bc-5861de9fa7a9,5,1758131985.87,Wide Midfielder,Rice WSOC,September,Wednesday,2928.9,0.0,1.29906,2928.9,4.10462,225.30769,151.04979,135.638,96.81694,95.68204,141.79983,7.78616,11.12588,71.58733,1.48938,42.82764
Kallie Mckinney,41be207d-131f-472d-a349-6832380579b4,09/17/2025,1758121592.0,Practice sub 9.17.25,201,7072a3a2-6e24-4bde-b8e3-c4349b160473,27,1758119091.0,Central Midfielder,Rice WSOC,September,Wednesday,2500.98,0.0,1.04045,2501.0,3.02739,225.26678,132.08543,156.08063,77.73764,89.84035,159.57668,6.73272,11.79064,50.11811,1.1776,41.20008
Piper Biziorek,fb332127-6268-4995-a140-9076566dc702,09/17/2025,1758135009.0,Prep 9.17.25,201,c63fa776-20ae-453d-80bc-5861de9fa7a9,15,1758131985.87,Central Midfielder,Rice WSOC,September,Wednesday,2928.9,0.0,1.65722,2928.9,3.51627,266.04728,176.71285,172.73692,103.34004,121.37952,171.1723,9.12319,13.01401,60.8448,1.89358,54.63555
Kenna Sanders,457dc155-bdf2-48cc-8a59-2f0b4ec42ae2,09/17/2025,1758135009.0,Prep 9.17.25,201,c63fa776-20ae-453d-80bc-5861de9fa7a9,18,1758131985.87,Forward,Rice WSOC,September,Wednesday,2928.9,0.0,1.1671,2928.9,4.31075,197.08099,127.16335,134.80199,72.45058,88.73836,128.03721,6.58648,9.46479,55.5876,1.23598,38.47721
Carsyn Martz,5ec6f0de-aa33-44a6-9b7e-676076c27478,09/17/2025,1758135009.0,Prep 9.17.25,201,c63fa776-20ae-453d-80bc-5861de9fa7a9,20,1758131985.87,Centre Back,Rice WSOC,September,Wednesday,2928.9,0.0,1.29243,2928.9,4.00565,211.72426,130.38107,133.41774,78.13967,87.37335,144.52504,7.51001,12.38668,85.25378,1.47688,42.60928
Isabelle Kent,6e66b652-d707-4f6a-86d3-61696dab1831,09/17/2025,1758135009.0,Prep 9.17.25,201,c63fa776-20ae-453d-80bc-5861de9fa7a9,2,1758131985.87,Full Back,Rice WSOC,September,Wednesday,2928.9,0.0,1.25536,2928.9,3.34993,191.73888,115.61229,117.66106,64.11449,82.42632,131.81625,7.86183,12.09963,61.0542,1.42072,41.38699
Sophie Zhang,713ce913-8f9b-41cb-b395-b08e3e69186f,09/17/2025,1758135009.0,Prep 9.17.25,201,c63fa776-20ae-453d-80bc-5861de9fa7a9,9,1758131985.87,Forward,Rice WSOC,September,Wednesday,2928.9,0.0,1.45314,2928.9,4.25362,251.80619,161.10262,155.0294,96.76365,107.89853,166.15074,7.85455,12.68704,83.14616,1.66001,47.90735
Megan Sweeney,76ec7312-9b6e-4355-a747-4de0c8e2d8b9,09/17/2025,1758135009.0,Prep 9.17.25,201,c63fa776-20ae-453d-80bc-5861de9fa7a9,0,1758131985.87,Goalkeeper,Rice WSOC,September,Wednesday,2937.29,0.0,1.41133,2937.29,4.93694,269.48722,179.67633,179.61732,123.80049,105.07024,170.90897,9.97347,11.7301,66.54211,1.57325,46.3962
Taylor Rish,81828efc-2855-4216-a0d1-6a7c9201d5a0,09/17/2025,1758135009.0,Prep 9.17.25,201,c63fa776-20ae-453d-80bc-5861de9fa7a9,7,1758131985.87,Full Back,Rice WSOC,September,Wednesday,2928.9,0.0,1.46166,2928.9,4.95747,233.1542,145.03592,128.16327,89.35729,94.57704,158.25903,8.66132,12.01297,73.57256,1.65946,48.18835
Leah Chancey,85ed14d3-34f0-42fc-8477-c03064e998f4,09/17/2025,1758135009.0,Prep 9.17.25,201,c63fa776-20ae-453d-80bc-5861de9fa7a9,23,1758131985.87,Forward,Rice WSOC,September,Wednesday,2928.9,0.0,1.08223,2928.9,3.03864,188.35051,125.94869,116.1098,79.59385,80.09387,119.4319,5.96064,10.72963,66.70654,1.18062,35.67906
Betty Velkova,8b0cb352-4da9-4349-b147-77a3736ea957,09/17/2025,1758135009.0,Prep 9.17.25,201,c63fa776-20ae-453d-80bc-5861de9fa7a9,19,1758131985.87,Forward,Rice WSOC,September,Wednesday,2928.9,0.0,1.3389,2928.9,5.77778,254.31504,165.71618,171.08472,103.27503,107.19012,165.15002,7.83831,11.21912,75.67529,1.51371,44.14129
Jadyn Jaeger,8e9bb6cd-180e-47be-afa1-39abe9300b25,09/17/2025,1758135009.0,Prep 9.17.25,201,c63fa776-20ae-453d-80bc-5861de9fa7a9,11,1758131985.87,Full Back,Rice WSOC,September,Wednesday,2928.9,0.0,1.64854,2928.9,3.16308,251.69776,159.70572,142.31029,104.78721,98.41335,169.03018,13.81215,11.38663,65.3604,1.8542,54.34936
Jules Johnston,931babc9-289c-47bf-970a-22d756ac9f5a,09/17/2025,1758135009.0,Prep 9.17.25,201,c63fa776-20ae-453d-80bc-5861de9fa7a9,25,1758131985.87,Forward,Rice WSOC,September,Wednesday,2928.9,0.0,1.49004,2928.9,3.76412,240.26213,149.69517,145.64822,87.71307,102.33322,163.72224,8.60839,12.99832,67.0669,1.67971,49.12406
Eileen Albers,943afa05-aaac-4426-ba0c-1ebef4e76cb7,09/17/2025,1758135009.0,Prep 9.17.25,201,c63fa776-20ae-453d-80bc-5861de9fa7a9,12,1758131985.87,Forward,Rice WSOC,September,Wednesday,2928.9,0.0,1.10338,2928.9,2.68556,182.28464,102.83503,98.744,63.6541,67.18446,132.99961,6.12594,9.98147,65.12553,1.21155,36.37634
Allie Love,99ee597d-39b8-4fb7-9c63-0d052a15c0a8,09/17/2025,1758135009.0,Prep 9.17.25,201,c63fa776-20ae-453d-80bc-5861de9fa7a9,17,1758131985.87,Central Midfielder,Rice WSOC,September,Wednesday,2928.9,0.0,1.50353,2928.9,4.07391,247.80367,163.41119,157.72926,97.6751,109.68384,158.44218,9.93266,12.33454,64.08935,1.66214,49.56864
Kirsten Ruf,9a8fba27-951b-4253-aac1-ae31800ac075,09/17/2025,1758136529.31,Prep 9.17.25,201,c63fa776-20ae-453d-80bc-5861de9fa7a9,22,1758131985.87,Goalkeeper,Rice WSOC,September,Wednesday,4435.15,0.0,1.86115,4435.15,3.35255,298.18827,191.06212,222.82792,115.44627,127.73374,195.95921,8.79756,10.36346,70.22926,2.05098,40.52032
Laurel Kelley,a3fa5f45-c40a-44d8-ae81-6ac82f3fc9ef,09/17/2025,1758135009.0,Prep 9.17.25,201,c63fa776-20ae-453d-80bc-5861de9fa7a9,21,1758131985.87,Forward,Rice WSOC,September,Wednesday,2928.9,0.0,1.00188,2928.9,3.40008,189.60678,127.42641,132.50578,70.12155,90.9126,119.75251,5.07821,9.58759,53.31617,1.10077,33.0303
Lilly Reuscher,ad2c003d-9ca2-42b1-bc85-2440ab303b84,09/17/2025,1758135009.0,Prep 9.17.25,201,c63fa776-20ae-453d-80bc-5861de9fa7a9,4,1758131985.87,Centre Back,Rice WSOC,September,Wednesday,2928.9,0.0,0.91583,2928.9,3.38764,162.15195,101.95859,115.18707,53.81465,75.06902,108.2563,4.75739,9.75478,62.91378,1.01329,30.19331
Lauren Pickup,ae01c819-c49a-41ef-aa65-20df1a8a40a9,09/17/2025,1758135009.0,Prep 9.17.25,201,c63fa776-20ae-453d-80bc-5861de9fa7a9,8,1758131985.87,Full Back,Rice WSOC,September,Wednesday,2928.9,0.0,1.62598,2928.9,3.363,262.25709,171.42548,154.9038,95.42638,121.55234,168.34288,10.03789,12.65368,73.92518,1.82994,53.60574
Sam Walker,ce80f564-5fb7-4c34-8faf-d75015152871,09/17/2025,1758135009.0,Prep 9.17.25,201,c63fa776-20ae-453d-80bc-5861de9fa7a9,30,1758131985.87,Goalkeeper,Rice WSOC,September,Wednesday,2937.29,0.0,1.3435,2937.29,4.16168,240.59309,158.64314,158.33444,92.47498,107.96531,153.10865,8.86656,11.36384,50.3283,1.49797,44.16622
Dayo Tennyson,d0c5a2ec-d0d5-4ae1-bc9f-ae270bfc51e9,09/17/2025,1758135009.0,Prep 9.17.25,201,c63fa776-20ae-453d-80bc-5861de9fa7a9,3,1758131985.87,Full Back,Rice WSOC,September,Wednesday,2928.9,0.0,1.28195,2928.9,4.10328,287.15336,182.52018,181.68215,106.10871,124.34097,183.71907,7.94138,13.41947,97.17934,1.47654,42.26369
Chelsea Cross,d654a3c8-46fc-4466-b132-8b2ba7258344,09/17/2025,1758135009.0,Prep 9.17.25,201,c63fa776-20ae-453d-80bc-5861de9fa7a9,24,1758131985.87,Central Midfielder,Rice WSOC,September,Wednesday,2928.9,0.0,1.48782,2928.9,4.11239,238.05485,143.44543,132.85996,82.33727,99.52706,164.44912,8.20433,12.38957,65.8568,1.77198,49.05085
Olivia Duvall,d91f4f1a-979c-4c34-bb2f-a8b1f5176b9e,09/17/2025,1758135009.0,Prep 9.17.25,201,c63fa776-20ae-453d-80bc-5861de9fa7a9,14,1758131985.87,Wide Midfielder,Rice WSOC,September,Wednesday,2928.9,0.0,1.40117,2928.9,4.50292,243.75398,164.00123,152.04836,100.99119,108.15097,152.88168,8.87385,13.76171,81.59553,1.60803,46.19404
Camille Quarterman,e710b8f7-8542-490c-80f0-c110cb9ed839,09/17/2025,1758135009.0,Prep 9.17.25,201,c63fa776-20ae-453d-80bc-5861de9fa7a9,33,1758131985.87,Wide Midfielder,Rice WSOC,September,Wednesday,2928.9,0.0,1.43719,2928.9,4.50618,283.1342,189.92071,161.2486,120.06295,121.20926,176.05106,10.68627,13.65916,80.21474,1.65571,47.38165
Mia Brumlow,e9141800-8f9c-4a98-8265-2ae17f48913e,09/17/2025,1758135009.0,Prep 9.17.25,201,c63fa776-20ae-453d-80bc-5861de9fa7a9,13,1758131985.87,Wide Midfielder,Rice WSOC,September,Wednesday,2928.9,0.0,1.18347,2928.9,3.88005,220.40727,140.67464,157.24609,83.13529,95.99721,146.1387,6.27978,9.76086,73.94209,1.33196,39.01696
Mia Brumlow,e9141800-8f9c-4a98-8265-2ae17f48913e,09/16/2025,1758057687.0,Organizational 9.17.25,201,f6b245b7-5b60-4e69-89f0-bcdd66d1a8aa,13,1758053255.94,Wide Midfielder,Rice WSOC,September,Tuesday,4305.07,0.0,2.544,4305.08,4.26963,438.83241,270.27508,204.25964,167.03848,178.39797,300.78206,27.96421,16.72033,78.34949,2.83462,57.40924
Piper Biziorek,fb332127-6268-4995-a140-9076566dc702,09/16/2025,1758057687.0,Organizational 9.17.25,201,f6b245b7-5b60-4e69-89f0-bcdd66d1a8aa,15,1758053255.94,Central Midfielder,Rice WSOC,September,Tuesday,4305.07,0.0,2.64778,4305.08,4.95734,463.14849,301.86405,155.17468,173.54905,208.89865,300.90373,35.42644,16.93289,89.96731,3.05673,59.75124
Jordyn Mariam,f7e75558-805b-459d-b944-ec8d5a5beeac,09/16/2025,1758057687.0,Organizational 9.17.25,201,f6b245b7-5b60-4e69-89f0-bcdd66d1a8aa,5,1758053255.94,Wide Midfielder,Rice WSOC,September,Tuesday,4305.08,0.0,3.16689,4305.08,4.73829,531.81207,341.42781,228.32202,209.17861,224.0862,350.44486,33.52156,16.43677,85.08322,3.54848,71.03176
Eileen Albers,943afa05-aaac-4426-ba0c-1ebef4e76cb7,09/16/2025,1758057687.0,Organizational 9.17.25,201,f6b245b7-5b60-4e69-89f0-bcdd66d1a8aa,12,1758053255.94,Forward,Rice WSOC,September,Tuesday,4305.06,0.0,3.03126,4305.08,3.636,490.85177,272.73925,182.24108,164.80454,183.19739,364.73005,29.15664,15.91898,74.17982,3.37739,68.37382
Camille Quarterman,e710b8f7-8542-490c-80f0-c110cb9ed839,09/16/2025,1758057687.0,Organizational 9.17.25,201,f6b245b7-5b60-4e69-89f0-bcdd66d1a8aa,33,1758053255.94,Wide Midfielder,Rice WSOC,September,Tuesday,4305.07,0.0,2.25722,4305.08,4.73512,396.47339,262.20015,150.99705,162.06416,171.91523,250.56726,25.85955,18.22003,89.12989,2.56098,50.70892
Chelsea Cross,d654a3c8-46fc-4466-b132-8b2ba7258344,09/16/2025,1758057687.0,Organizational 9.17.25,201,f6b245b7-5b60-4e69-89f0-bcdd66d1a8aa,24,1758053255.94,Central Midfielder,Rice WSOC,September,Tuesday,4305.08,0.0,3.04063,4305.08,4.23605,496.90968,291.48787,208.96816,175.59701,194.76343,350.97568,33.52003,15.6713,74.17863,3.46449,68.19974
Kallie Mckinney,41be207d-131f-472d-a349-6832380579b4,09/16/2025,1758057175.0,Organizational 9.17.25,201,f6b245b7-5b60-4e69-89f0-bcdd66d1a8aa,27,1758053255.94,Central Midfielder,Rice WSOC,September,Tuesday,3797.07,0.0,1.89917,3797.08,4.27764,297.69083,174.4867,139.7328,102.76003,119.14635,210.53564,20.52614,12.1435,52.22015,2.04992,48.3493
Kenna Sanders,457dc155-bdf2-48cc-8a59-2f0b4ec42ae2,09/16/2025,1758057687.0,Organizational 9.17.25,201,f6b245b7-5b60-4e69-89f0-bcdd66d1a8aa,18,1758053255.94,Forward,Rice WSOC,September,Tuesday,4305.06,0.0,1.90599,4305.08,3.22862,338.06305,209.20594,158.81052,117.89388,147.18779,228.36274,16.29912,12.24264,57.11916,2.06371,43.37903
Naija Bruckner,59840313-0841-4a21-a5b5-b8b24cad01b8,09/16/2025,1758057687.0,Organizational 9.17.25,201,f6b245b7-5b60-4e69-89f0-bcdd66d1a8aa,28,1758053255.94,Central Midfielder,Rice WSOC,September,Tuesday,4305.07,0.0,2.94518,4305.08,5.0223,520.49989,302.22743,199.50106,184.73066,200.63026,371.40717,32.53739,17.85802,92.90057,3.37344,66.12258
Carsyn Martz,5ec6f0de-aa33-44a6-9b7e-676076c27478,09/16/2025,1758057687.0,Organizational 9.17.25,201,f6b245b7-5b60-4e69-89f0-bcdd66d1a8aa,20,1758053255.94,Centre Back,Rice WSOC,September,Tuesday,4305.08,0.0,3.16768,4305.08,6.46775,512.50336,310.85455,197.72503,184.50322,210.524,355.11908,33.87997,17.47754,73.44553,3.54096,71.04933
Olivia Duvall,d91f4f1a-979c-4c34-bb2f-a8b1f5176b9e,09/16/2025,1758057687.0,Organizational 9.17.25,201,f6b245b7-5b60-4e69-89f0-bcdd66d1a8aa,14,1758053255.94,Wide Midfielder,Rice WSOC,September,Tuesday,4305.06,0.0,2.80315,4305.08,6.36765,453.6937,297.72207,195.17159,185.06925,194.06055,292.75739,34.35658,16.31542,85.89824,3.19063,63.49561
Isabelle Kent,6e66b652-d707-4f6a-86d3-61696dab1831,09/16/2025,1758057687.0,Organizational 9.17.25,201,f6b245b7-5b60-4e69-89f0-bcdd66d1a8aa,2,1758053255.94,Full Back,Rice WSOC,September,Tuesday,4305.08,0.0,2.22052,4305.08,3.47759,318.63575,188.25906,124.27181,104.82991,134.0329,222.21489,21.61118,16.62608,71.68287,2.45685,49.8051
Sophie Zhang,713ce913-8f9b-41cb-b395-b08e3e69186f,09/16/2025,1758057687.0,Organizational 9.17.25,201,f6b245b7-5b60-4e69-89f0-bcdd66d1a8aa,9,1758053255.94,Forward,Rice WSOC,September,Tuesday,4305.07,0.0,2.50782,4305.08,5.12924,469.12722,289.02462,195.43659,176.46773,190.76442,320.76296,26.8402,15.95469,76.31652,2.84145,56.64569
Megan Sweeney,76ec7312-9b6e-4355-a747-4de0c8e2d8b9,09/16/2025,1758057687.0,Organizational 9.17.25,201,f6b245b7-5b60-4e69-89f0-bcdd66d1a8aa,0,1758053255.94,Goalkeeper,Rice WSOC,September,Tuesday,4294.62,0.0,1.67313,4294.62,5.40366,269.6904,175.05201,151.07101,109.57346,113.93774,175.20024,17.50678,14.48975,90.36583,1.83825,37.61877
Kenzie Solomon,80afc22c-7b44-4cca-83af-4b9370cf2987,09/16/2025,1758057687.0,Organizational 9.17.25,201,f6b245b7-5b60-4e69-89f0-bcdd66d1a8aa,1,1758053255.94,Goalkeeper,Rice WSOC,September,Tuesday,4294.62,0.0,1.46257,4294.62,5.88657,279.66335,184.57464,209.56923,105.17478,128.78077,177.84311,9.7506,9.27601,71.18652,1.64532,32.88453
Taylor Rish,81828efc-2855-4216-a0d1-6a7c9201d5a0,09/16/2025,1758057687.0,Organizational 9.17.25,201,f6b245b7-5b60-4e69-89f0-bcdd66d1a8aa,7,1758053255.94,Full Back,Rice WSOC,September,Tuesday,4305.06,0.0,3.00835,4305.08,5.15829,372.30151,214.52054,147.61899,131.6863,140.65172,269.72653,30.10292,16.86307,78.76171,3.38323,67.88098
Leah Chancey,85ed14d3-34f0-42fc-8477-c03064e998f4,09/16/2025,1758057687.0,Organizational 9.17.25,201,f6b245b7-5b60-4e69-89f0-bcdd66d1a8aa,23,1758053255.94,Forward,Rice WSOC,September,Tuesday,4305.08,0.0,2.95631,4305.08,4.40244,411.34851,252.01953,182.43277,149.97159,168.32211,280.559,25.97584,15.77214,71.72001,3.22239,66.30846
Betty Velkova,8b0cb352-4da9-4349-b147-77a3736ea957,09/16/2025,1758057687.0,Organizational 9.17.25,201,f6b245b7-5b60-4e69-89f0-bcdd66d1a8aa,19,1758053255.94,Forward,Rice WSOC,September,Tuesday,4305.08,0.0,3.28757,4305.08,4.73169,600.59734,371.02214,199.18623,243.73634,226.48896,413.45387,41.69435,16.65389,73.01574,3.61716,73.73847
Jadyn Jaeger,8e9bb6cd-180e-47be-afa1-39abe9300b25,09/16/2025,1758057687.0,Organizational 9.17.25,201,f6b245b7-5b60-4e69-89f0-bcdd66d1a8aa,11,1758053255.94,Full Back,Rice WSOC,September,Tuesday,4305.06,0.0,3.32815,4305.08,4.2211,472.56702,296.51151,209.89293,195.10104,183.13921,320.70213,38.02622,17.13487,75.04234,3.69445,75.17433
Jules Johnston,931babc9-289c-47bf-970a-22d756ac9f5a,09/16/2025,1758057687.0,Organizational 9.17.25,201,f6b245b7-5b60-4e69-89f0-bcdd66d1a8aa,25,1758053255.94,Forward,Rice WSOC,September,Tuesday,4305.06,0.0,2.91965,4305.08,4.63572,544.08339,348.10685,197.50687,205.40786,236.54638,360.19652,32.43754,16.45904,76.52235,3.28295,65.97822
Allie Love,99ee597d-39b8-4fb7-9c63-0d052a15c0a8,09/16/2025,1758057687.0,Organizational 9.17.25,201,f6b245b7-5b60-4e69-89f0-bcdd66d1a8aa,17,1758053255.94,Central Midfielder,Rice WSOC,September,Tuesday,4305.08,0.0,2.42259,4305.08,3.72188,386.78746,248.9227,157.11535,149.58353,166.20088,253.73297,24.88695,15.77294,64.5961,2.71298,54.33738
Kirsten Ruf,9a8fba27-951b-4253-aac1-ae31800ac075,09/16/2025,1758057687.0,Organizational 9.17.25,201,f6b245b7-5b60-4e69-89f0-bcdd66d1a8aa,22,1758053255.94,Goalkeeper,Rice WSOC,September,Tuesday,4294.62,0.0,1.86239,4294.62,5.78047,297.62379,199.55923,189.49175,126.99534,126.82432,186.91374,13.41944,10.38102,66.61577,2.04293,41.87418
Laurel Kelley,a3fa5f45-c40a-44d8-ae81-6ac82f3fc9ef,09/16/2025,1758057687.0,Organizational 9.17.25,201,f6b245b7-5b60-4e69-89f0-bcdd66d1a8aa,21,1758053255.94,Forward,Rice WSOC,September,Tuesday,4305.08,0.0,3.00635,4305.08,5.21234,527.17911,337.63309,210.26402,184.81576,241.44331,351.9712,30.85975,16.94982,78.98034,3.38007,67.43092
Lilly Reuscher,ad2c003d-9ca2-42b1-bc85-2440ab303b84,09/16/2025,1758057687.0,Organizational 9.17.25,201,f6b245b7-5b60-4e69-89f0-bcdd66d1a8aa,4,1758053255.94,Centre Back,Rice WSOC,September,Tuesday,4305.07,0.0,2.75245,4305.08,4.47232,457.72025,277.52948,193.94463,143.84498,205.86329,314.77709,26.56732,16.88411,88.38069,3.03579,62.55247
Lauren Pickup,ae01c819-c49a-41ef-aa65-20df1a8a40a9,09/16/2025,1758057687.0,Organizational 9.17.25,201,f6b245b7-5b60-4e69-89f0-bcdd66d1a8aa,8,1758053255.94,Full Back,Rice WSOC,September,Tuesday,4305.08,0.0,3.16518,4305.08,4.06111,514.71543,338.3798,211.1624,199.75196,230.05206,334.33732,40.30408,16.59746,81.64671,3.6291,70.9934
Mariana Elizondo,c3d64405-eb5d-4fc0-a8df-06af8ad627bf,09/16/2025,1758057687.0,Organizational 9.17.25,201,f6b245b7-5b60-4e69-89f0-bcdd66d1a8aa,10,1758053255.94,Central Midfielder,Rice WSOC,September,Tuesday,4305.08,0.0,3.18605,4305.08,3.96913,572.56617,351.0152,246.73714,224.40966,223.2146,395.84129,36.0761,15.74155,72.85379,3.56719,71.46131
Sam Walker,ce80f564-5fb7-4c34-8faf-d75015152871,09/16/2025,1758057687.0,Organizational 9.17.25,201,f6b245b7-5b60-4e69-89f0-bcdd66d1a8aa,30,1758053255.94,Goalkeeper,Rice WSOC,September,Tuesday,4294.62,0.0,2.10325,4294.62,7.8199,354.49338,234.82046,188.77272,137.18847,159.7467,224.73758,17.81125,12.57473,98.09798,2.37296,47.28974
Bailey Peek,1d2f6fbf-8215-4ae2-ae70-ed9d981fcd85,09/16/2025,1758057687.0,Organizational 9.17.25,201,f6b245b7-5b60-4e69-89f0-bcdd66d1a8aa,6,1758053255.94,Centre Back,Rice WSOC,September,Tuesday,4305.07,0.0,3.18948,4305.08,4.66775,482.21601,305.8503,196.16376,166.99852,220.20902,319.4194,39.64067,16.42642,69.32454,3.57087,71.97562
Dayo Tennyson,d0c5a2ec-d0d5-4ae1-bc9f-ae270bfc51e9,09/16/2025,1758057687.0,Organizational 9.17.25,201,f6b245b7-5b60-4e69-89f0-bcdd66d1a8aa,3,1758053255.94,Full Back,Rice WSOC,September,Tuesday,4305.08,0.0,2.85845,4305.08,6.64251,598.0935,369.89877,274.85441,216.34508,251.03835,393.45951,29.42908,18.47943,85.32965,3.1945,64.11348
Chelsea Cross,d654a3c8-46fc-4466-b132-8b2ba7258344,09/14/2025,1757867958.0,Threshold 9.14.25,201,39082114-516c-417a-8df8-537469c5e61c,24,1757862800.0,Central Midfielder,Rice WSOC,September,Sunday,5069.71,0.0,2.89182,5069.73,4.77285,536.03326,333.54434,287.93085,205.52436,218.19387,364.9364,23.52019,14.01127,72.65486,3.3292,55.22606
Taylor Rish,81828efc-2855-4216-a0d1-6a7c9201d5a0,09/14/2025,1757867958.0,Threshold 9.14.25,201,39082114-516c-417a-8df8-537469c5e61c,7,1757862800.0,Full Back,Rice WSOC,September,Sunday,5069.71,0.0,2.89647,5069.73,4.32175,418.20447,256.79123,221.14306,149.85561,175.89321,289.15123,24.80177,14.84005,91.31636,3.34379,55.22753
Sam Walker,ce80f564-5fb7-4c34-8faf-d75015152871,09/14/2025,1757867958.0,Threshold 9.14.25,201,39082114-516c-417a-8df8-537469c5e61c,30,1757862800.0,Goalkeeper,Rice WSOC,September,Sunday,5082.65,0.0,2.41496,5082.67,7.14939,396.93713,264.45088,265.82512,152.67802,182.03563,250.39221,16.75832,15.01031,86.23958,2.70924,45.9012
Olivia Duvall,d91f4f1a-979c-4c34-bb2f-a8b1f5176b9e,09/14/2025,1757867958.0,Threshold 9.14.25,201,39082114-516c-417a-8df8-537469c5e61c,14,1757862800.0,Wide Midfielder,Rice WSOC,September,Sunday,5069.71,0.0,2.81909,5069.73,4.19402,426.29933,279.52316,235.3963,168.70412,187.35303,274.57723,26.18964,15.89587,110.74484,3.25406,53.76903
Mariana Elizondo,c3d64405-eb5d-4fc0-a8df-06af8ad627bf,09/14/2025,1757867958.0,Threshold 9.14.25,201,39082114-516c-417a-8df8-537469c5e61c,10,1757862800.0,Central Midfielder,Rice WSOC,September,Sunday,5069.73,0.0,3.16341,5069.73,4.0904,569.07502,354.26514,326.74994,225.00689,226.58261,386.00948,26.09896,14.73467,78.61206,3.57106,60.25184
Lauren Pickup,ae01c819-c49a-41ef-aa65-20df1a8a40a9,09/14/2025,1757867958.0,Threshold 9.14.25,201,39082114-516c-417a-8df8-537469c5e61c,8,1757862800.0,Full Back,Rice WSOC,September,Sunday,5069.71,0.0,3.1229,5069.73,4.15749,531.29105,348.09748,295.92873,196.48105,244.16824,341.79961,27.23807,13.42358,88.85839,3.57207,59.5744
Lilly Reuscher,ad2c003d-9ca2-42b1-bc85-2440ab303b84,09/14/2025,1757867958.0,Threshold 9.14.25,201,39082114-516c-417a-8df8-537469c5e61c,4,1757862800.0,Centre Back,Rice WSOC,September,Sunday,5069.71,0.0,2.70355,5069.73,3.93817,461.59536,295.66773,251.54025,157.89086,216.06436,302.02097,24.55539,14.33814,88.17944,3.02764,51.58176
Laurel Kelley,a3fa5f45-c40a-44d8-ae81-6ac82f3fc9ef,09/14/2025,1757867958.0,Threshold 9.14.25,201,39082114-516c-417a-8df8-537469c5e61c,21,1757862800.0,Forward,Rice WSOC,September,Sunday,5069.71,0.0,2.92836,5069.73,8.70022,523.27689,339.55399,263.46368,188.57384,241.12781,343.76033,27.63278,15.34594,78.25042,3.34709,55.82122
Kirsten Ruf,9a8fba27-951b-4253-aac1-ae31800ac075,09/14/2025,1757867958.0,Threshold 9.14.25,201,39082114-516c-417a-8df8-537469c5e61c,22,1757862800.0,Goalkeeper,Rice WSOC,September,Sunday,5082.65,0.0,2.14709,5082.67,5.58667,328.69838,214.64879,234.486,132.94286,140.58314,211.36349,12.44307,14.00648,79.49728,2.35504,40.883
Allie Love,99ee597d-39b8-4fb7-9c63-0d052a15c0a8,09/14/2025,1757867958.0,Threshold 9.14.25,201,39082114-516c-417a-8df8-537469c5e61c,17,1757862800.0,Central Midfielder,Rice WSOC,September,Sunday,5069.71,0.0,3.29126,5069.73,4.16159,561.78482,362.16462,293.72507,213.19674,246.23562,367.0058,31.76838,14.69929,79.81985,3.71715,62.84314
Eileen Albers,943afa05-aaac-4426-ba0c-1ebef4e76cb7,09/14/2025,1757867958.0,Threshold 9.14.25,201,39082114-516c-417a-8df8-537469c5e61c,12,1757862800.0,Forward,Rice WSOC,September,Sunday,5069.71,0.0,2.68967,5069.73,3.93517,433.42015,255.60822,208.42092,156.28127,169.33562,305.35834,23.61356,16.02959,90.74026,3.04543,51.34328
Jules Johnston,931babc9-289c-47bf-970a-22d756ac9f5a,09/14/2025,1757867958.0,Threshold 9.14.25,201,39082114-516c-417a-8df8-537469c5e61c,25,1757862800.0,Forward,Rice WSOC,September,Sunday,5069.71,0.0,2.94257,5069.73,4.28269,464.11205,299.81369,239.70246,173.83679,205.98295,305.84256,24.73483,14.87958,81.13432,3.27832,56.09
Jadyn Jaeger,8e9bb6cd-180e-47be-afa1-39abe9300b25,09/14/2025,1757863763.09,Threshold 9.14.25,201,39082114-516c-417a-8df8-537469c5e61c,11,1757862800.0,Full Back,Rice WSOC,September,Sunday,938.73,0.0,0.56798,938.73,2.45753,73.71903,46.11197,41.4564,31.30323,27.11244,50.22883,4.80052,13.53969,86.39333,0.61237,58.42409
Betty Velkova,8b0cb352-4da9-4349-b147-77a3736ea957,09/14/2025,1757867958.0,Threshold 9.14.25,201,39082114-516c-417a-8df8-537469c5e61c,19,1757862800.0,Forward,Rice WSOC,September,Sunday,5069.71,0.0,3.06893,5069.73,5.60811,585.41257,368.60348,298.70149,238.98653,227.66006,392.76578,28.4364,14.97009,82.47545,3.48978,58.52392
Leah Chancey,85ed14d3-34f0-42fc-8477-c03064e998f4,09/14/2025,1757867958.0,Threshold 9.14.25,201,39082114-516c-417a-8df8-537469c5e61c,23,1757862800.0,Forward,Rice WSOC,September,Sunday,5069.71,0.0,2.65803,5069.73,4.81915,388.26065,239.45523,217.46468,141.66945,161.65951,263.07985,21.5674,14.47949,80.88048,2.9693,50.81453
Dayo Tennyson,d0c5a2ec-d0d5-4ae1-bc9f-ae270bfc51e9,09/14/2025,1757867958.0,Threshold 9.14.25,201,39082114-516c-417a-8df8-537469c5e61c,3,1757862800.0,Full Back,Rice WSOC,September,Sunday,5069.71,0.0,2.51883,5069.73,7.14124,517.63261,338.448,333.55012,196.70334,228.79137,322.09238,17.55441,14.28834,112.04957,2.94526,48.13542
Kenzie Solomon,80afc22c-7b44-4cca-83af-4b9370cf2987,09/14/2025,1757867958.0,Threshold 9.14.25,201,39082114-516c-417a-8df8-537469c5e61c,1,1757862800.0,Goalkeeper,Rice WSOC,September,Sunday,5082.65,0.0,2.47548,5082.67,4.99827,388.26714,247.93941,274.54825,144.85077,170.02543,256.48064,17.12082,13.21321,70.74743,2.68328,47.13676
Megan Sweeney,76ec7312-9b6e-4355-a747-4de0c8e2d8b9,09/14/2025,1757867958.0,Threshold 9.14.25,201,39082114-516c-417a-8df8-537469c5e61c,0,1757862800.0,Goalkeeper,Rice WSOC,September,Sunday,5082.65,0.0,2.70385,5082.67,5.86796,438.72562,286.23921,290.73024,181.49533,183.83723,283.22644,17.69199,14.13828,76.71186,2.98665,51.50459
Sophie Zhang,713ce913-8f9b-41cb-b395-b08e3e69186f,09/14/2025,1757867958.0,Threshold 9.14.25,201,39082114-516c-417a-8df8-537469c5e61c,9,1757862800.0,Forward,Rice WSOC,September,Sunday,5069.71,0.0,3.10014,5069.73,4.08912,573.37151,365.12234,312.51709,212.55456,249.70913,377.95121,24.52553,14.4636,87.86133,3.55633,59.16581
Isabelle Kent,6e66b652-d707-4f6a-86d3-61696dab1831,09/14/2025,1757867958.0,Threshold 9.14.25,201,39082114-516c-417a-8df8-537469c5e61c,2,1757862800.0,Full Back,Rice WSOC,September,Sunday,5069.71,0.0,2.72357,5069.73,3.27547,443.54652,273.22684,238.15079,154.98493,191.50457,298.17473,24.25166,13.29235,78.48447,3.05839,52.1285
Carsyn Martz,5ec6f0de-aa33-44a6-9b7e-676076c27478,09/14/2025,1757867958.0,Threshold 9.14.25,201,39082114-516c-417a-8df8-537469c5e61c,20,1757862800.0,Centre Back,Rice WSOC,September,Sunday,5069.71,0.0,3.00249,5069.73,4.19211,468.76582,287.39404,266.22366,173.6522,192.73727,320.37641,26.45597,15.28407,90.41795,3.3911,57.27839
Naija Bruckner,59840313-0841-4a21-a5b5-b8b24cad01b8,09/14/2025,1757867958.0,Threshold 9.14.25,201,39082114-516c-417a-8df8-537469c5e61c,28,1757862800.0,Central Midfielder,Rice WSOC,September,Sunday,5069.73,0.0,2.85625,5069.73,5.09325,540.8031,331.42679,274.82975,202.54071,218.90926,371.29971,26.41016,15.08905,92.44881,3.29314,54.40165
Kenna Sanders,457dc155-bdf2-48cc-8a59-2f0b4ec42ae2,09/14/2025,1757867958.0,Threshold 9.14.25,201,39082114-516c-417a-8df8-537469c5e61c,18,1757862800.0,Forward,Rice WSOC,September,Sunday,5069.71,0.0,2.57943,5069.73,4.41955,484.16612,310.81911,266.142,175.24369,218.28215,316.17093,20.10031,12.74974,82.72737,2.86511,49.22323
Kallie Mckinney,41be207d-131f-472d-a349-6832380579b4,09/14/2025,1757867958.0,Threshold 9.14.25,201,39082114-516c-417a-8df8-537469c5e61c,27,1757862800.0,Central Midfielder,Rice WSOC,September,Sunday,2928.0,0.0,1.90576,2928.0,3.52325,318.58428,181.30466,138.46061,103.01426,126.69773,228.54122,22.86042,12.38351,69.91959,2.10914,62.84892
Bailey Peek,1d2f6fbf-8215-4ae2-ae70-ed9d981fcd85,09/14/2025,1757867958.0,Threshold 9.14.25,201,39082114-516c-417a-8df8-537469c5e61c,6,1757862800.0,Centre Back,Rice WSOC,September,Sunday,5069.71,0.0,3.11138,5069.73,4.49235,505.20919,316.43087,279.013,180.24051,221.8789,338.91981,25.20539,14.13355,82.86948,3.52186,59.32534
Piper Biziorek,fb332127-6268-4995-a140-9076566dc702,09/14/2025,1757867958.0,Threshold 9.14.25,201,39082114-516c-417a-8df8-537469c5e61c,15,1757862800.0,Central Midfielder,Rice WSOC,September,Sunday,5069.71,0.0,3.53385,5069.73,4.38157,616.03046,398.40225,298.25075,222.80544,280.18585,403.54376,34.19986,15.24602,98.15662,4.10035,67.43787
Jordyn Mariam,f7e75558-805b-459d-b944-ec8d5a5beeac,09/14/2025,1757867958.0,Threshold 9.14.25,201,39082114-516c-417a-8df8-537469c5e61c,5,1757862800.0,Wide Midfielder,Rice WSOC,September,Sunday,5069.71,0.0,2.7655,5069.73,4.56099,513.19432,337.59326,303.22163,198.69508,229.77862,323.99981,22.1373,15.40722,96.34831,3.2031,52.84936
Mia Brumlow,e9141800-8f9c-4a98-8265-2ae17f48913e,09/14/2025,1757867958.0,Threshold 9.14.25,201,39082114-516c-417a-8df8-537469c5e61c,13,1757862800.0,Wide Midfielder,Rice WSOC,September,Sunday,5069.71,0.0,2.79915,5069.73,4.8504,502.57169,319.7742,267.96542,193.97315,214.16392,335.23161,23.49681,14.44408,87.43826,3.177,53.41405
Camille Quarterman,e710b8f7-8542-490c-80f0-c110cb9ed839,09/14/2025,1757867958.0,Threshold 9.14.25,201,39082114-516c-417a-8df8-537469c5e61c,33,1757862800.0,Wide Midfielder,Rice WSOC,September,Sunday,5069.71,0.0,2.85517,5069.73,4.83834,500.45286,327.63386,292.10478,200.11513,217.00982,318.90707,26.69917,16.57614,112.71899,3.26288,54.41532
Jordyn Mariam,f7e75558-805b-459d-b944-ec8d5a5beeac,09/13/2025,1757783768.0,Organizational 9.13.25,201,9ad452dd-a27c-4d38-8202-ce406d7cf570,5,1757777708.62,Wide Midfielder,Rice WSOC,September,Saturday,5953.38,0.0,3.44549,5953.38,5.0152,608.45091,379.92318,286.27542,230.29086,252.89813,403.46572,33.10398,13.63735,87.00011,3.95942,55.88406
Piper Biziorek,fb332127-6268-4995-a140-9076566dc702,09/13/2025,1757783768.0,Organizational 9.13.25,201,9ad452dd-a27c-4d38-8202-ce406d7cf570,15,1757777708.62,Central Midfielder,Rice WSOC,September,Saturday,5953.38,0.0,4.19054,5953.38,5.46488,757.08406,498.92233,302.47263,282.28342,350.40854,490.19506,54.31763,13.80017,80.93158,4.93693,67.96831
Olivia Duvall,d91f4f1a-979c-4c34-bb2f-a8b1f5176b9e,09/13/2025,1757783768.0,Organizational 9.13.25,201,9ad452dd-a27c-4d38-8202-ce406d7cf570,14,1757777708.62,Wide Midfielder,Rice WSOC,September,Saturday,5953.38,0.0,3.44515,5953.38,4.59791,527.99663,345.13381,246.64983,217.03205,223.4325,343.00957,33.35039,15.10606,96.92662,3.94868,55.87845
Mia Brumlow,e9141800-8f9c-4a98-8265-2ae17f48913e,09/13/2025,1757783768.0,Organizational 9.13.25,201,9ad452dd-a27c-4d38-8202-ce406d7cf570,13,1757777708.62,Wide Midfielder,Rice WSOC,September,Saturday,5953.38,0.0,3.37712,5953.38,4.03277,614.65764,390.29606,308.45831,235.1801,261.75242,412.05698,34.04068,14.42345,80.58745,3.81014,54.77505
Camille Quarterman,e710b8f7-8542-490c-80f0-c110cb9ed839,09/13/2025,1757783768.0,Organizational 9.13.25,201,9ad452dd-a27c-4d38-8202-ce406d7cf570,33,1757777708.62,Wide Midfielder,Rice WSOC,September,Saturday,5953.38,0.0,3.66258,5953.38,4.01258,652.35954,422.50828,343.81038,260.34495,279.52878,422.1284,36.47526,14.70137,92.80442,4.16709,59.40511
Bailey Peek,1d2f6fbf-8215-4ae2-ae70-ed9d981fcd85,09/13/2025,1757783768.0,Organizational 9.13.25,201,9ad452dd-a27c-4d38-8202-ce406d7cf570,6,1757777708.62,Centre Back,Rice WSOC,September,Saturday,5953.38,0.0,3.27115,5953.38,5.51084,553.18459,347.67864,266.18416,198.1154,243.54866,365.63517,37.01565,15.66545,97.97455,3.66638,53.05627
Kallie Mckinney,41be207d-131f-472d-a349-6832380579b4,09/13/2025,1757781669.84,Organizational 9.13.25,201,9ad452dd-a27c-4d38-8202-ce406d7cf570,27,1757780810.54,Central Midfielder,Rice WSOC,September,Saturday,859.29,0.0,1.09883,859.3,2.14505,155.72826,93.05187,41.40226,60.62996,57.46696,109.79935,19.84297,9.67425,34.26006,1.11641,125.16059
Kenna Sanders,457dc155-bdf2-48cc-8a59-2f0b4ec42ae2,09/13/2025,1757783768.0,Organizational 9.13.25,201,9ad452dd-a27c-4d38-8202-ce406d7cf570,18,1757777708.62,Forward,Rice WSOC,September,Saturday,5953.38,0.0,2.85988,5953.38,4.36634,549.54642,357.01326,261.11379,200.2589,251.90437,353.11323,26.80605,11.89796,67.78572,3.19796,46.38575
Naija Bruckner,59840313-0841-4a21-a5b5-b8b24cad01b8,09/13/2025,1757778627.0,Organizational 9.13.25,201,9ad452dd-a27c-4d38-8202-ce406d7cf570,28,1757777708.62,Central Midfielder,Rice WSOC,September,Saturday,918.38,0.0,0.33642,918.38,2.70497,59.06015,36.68454,45.73868,21.74593,24.73917,39.98224,2.13343,13.01324,49.47759,0.35666,35.37209
Carsyn Martz,5ec6f0de-aa33-44a6-9b7e-676076c27478,09/13/2025,1757783768.0,Organizational 9.13.25,201,9ad452dd-a27c-4d38-8202-ce406d7cf570,20,1757777708.62,Centre Back,Rice WSOC,September,Saturday,5953.38,0.0,3.43352,5953.38,6.13236,571.17066,356.77217,288.01381,212.64632,239.32409,387.12102,31.36176,14.56657,77.32068,3.84739,55.68986
Isabelle Kent,6e66b652-d707-4f6a-86d3-61696dab1831,09/13/2025,1757783768.0,Organizational 9.13.25,201,9ad452dd-a27c-4d38-8202-ce406d7cf570,2,1757777708.62,Full Back,Rice WSOC,September,Saturday,5953.38,0.0,3.16162,5953.38,4.09324,471.20955,289.50573,228.14262,171.43374,197.32354,322.75621,31.02681,13.34176,69.61635,3.50279,51.27976
Sophie Zhang,713ce913-8f9b-41cb-b395-b08e3e69186f,09/13/2025,1757783768.0,Organizational 9.13.25,201,9ad452dd-a27c-4d38-8202-ce406d7cf570,9,1757777708.62,Forward,Rice WSOC,September,Saturday,5953.37,0.0,3.51967,5953.38,5.3225,699.67139,437.95965,352.53434,260.57816,294.88704,471.0734,29.59529,14.50283,87.67229,3.96675,57.26644
Megan Sweeney,76ec7312-9b6e-4355-a747-4de0c8e2d8b9,09/13/2025,1757783768.0,Organizational 9.13.25,201,9ad452dd-a27c-4d38-8202-ce406d7cf570,0,1757777708.62,Goalkeeper,Rice WSOC,September,Saturday,5955.33,0.0,2.28428,5955.33,5.55869,405.65952,271.28715,262.31952,175.18115,171.13235,255.6725,17.77742,13.65575,86.64823,2.5718,37.03765
Kenzie Solomon,80afc22c-7b44-4cca-83af-4b9370cf2987,09/13/2025,1757783768.0,Organizational 9.13.25,201,9ad452dd-a27c-4d38-8202-ce406d7cf570,1,1757777708.62,Goalkeeper,Rice WSOC,September,Saturday,5955.33,0.0,1.99208,5955.33,4.15672,336.49423,223.9388,246.47362,132.20476,152.81523,214.22683,14.16456,12.5333,61.54726,2.17365,32.29981
Leah Chancey,85ed14d3-34f0-42fc-8477-c03064e998f4,09/13/2025,1757783768.0,Organizational 9.13.25,201,9ad452dd-a27c-4d38-8202-ce406d7cf570,23,1757777708.62,Forward,Rice WSOC,September,Saturday,5953.38,0.0,3.02205,5953.38,3.85411,428.62733,265.13205,243.44103,160.25285,174.94968,288.89147,24.08435,14.38134,82.85733,3.29464,49.01606
Betty Velkova,8b0cb352-4da9-4349-b147-77a3736ea957,09/13/2025,1757783768.0,Organizational 9.13.25,201,9ad452dd-a27c-4d38-8202-ce406d7cf570,19,1757777708.62,Forward,Rice WSOC,September,Saturday,5953.38,0.0,3.73107,5953.38,9.51652,726.90971,434.03327,310.18412,271.8632,275.99094,508.59389,44.07926,13.95121,74.17218,4.19087,60.516
Jadyn Jaeger,8e9bb6cd-180e-47be-afa1-39abe9300b25,09/13/2025,1757783768.0,Organizational 9.13.25,201,9ad452dd-a27c-4d38-8202-ce406d7cf570,11,1757777708.62,Full Back,Rice WSOC,September,Saturday,5953.38,0.0,3.73013,5953.38,3.73988,527.12891,325.75499,286.13315,207.4721,209.17532,363.884,39.41614,13.60776,82.8609,4.13469,60.50079
Jules Johnston,931babc9-289c-47bf-970a-22d756ac9f5a,09/13/2025,1757783768.0,Organizational 9.13.25,201,9ad452dd-a27c-4d38-8202-ce406d7cf570,25,1757777708.62,Forward,Rice WSOC,September,Saturday,5953.38,0.0,3.43846,5953.38,5.28251,601.5099,395.45609,289.80803,240.03233,261.7589,390.33331,28.90402,14.07266,82.39001,3.82767,55.76994
Eileen Albers,943afa05-aaac-4426-ba0c-1ebef4e76cb7,09/13/2025,1757783768.0,Organizational 9.13.25,201,9ad452dd-a27c-4d38-8202-ce406d7cf570,12,1757777708.62,Forward,Rice WSOC,September,Saturday,5953.37,0.0,2.89559,5953.38,4.2653,449.3998,255.60311,216.24441,154.51441,170.65165,324.49833,25.33273,15.99327,92.43844,3.20455,46.9767
Allie Love,99ee597d-39b8-4fb7-9c63-0d052a15c0a8,09/13/2025,1757783768.0,Organizational 9.13.25,201,9ad452dd-a27c-4d38-8202-ce406d7cf570,17,1757777708.62,Central Midfielder,Rice WSOC,September,Saturday,5953.38,0.0,4.10044,5953.38,6.3008,741.44014,480.56133,332.87725,281.80729,326.33618,480.08567,44.77165,15.69885,87.91964,4.67582,66.50696
Kirsten Ruf,9a8fba27-951b-4253-aac1-ae31800ac075,09/13/2025,1757783768.0,Organizational 9.13.25,201,9ad452dd-a27c-4d38-8202-ce406d7cf570,22,1757777708.62,Goalkeeper,Rice WSOC,September,Saturday,5955.33,0.0,2.36094,5955.33,5.23333,422.91891,278.49389,303.46349,170.39509,184.51566,269.77239,16.07475,13.17511,74.95642,2.63419,38.28062
Laurel Kelley,a3fa5f45-c40a-44d8-ae81-6ac82f3fc9ef,09/13/2025,1757783768.0,Organizational 9.13.25,201,9ad452dd-a27c-4d38-8202-ce406d7cf570,21,1757777708.62,Forward,Rice WSOC,September,Saturday,5953.38,0.0,3.62006,5953.38,4.96254,649.03224,418.51721,337.37317,232.56237,297.40764,428.56534,36.77036,15.58324,75.117,4.09202,58.71539
Lilly Reuscher,ad2c003d-9ca2-42b1-bc85-2440ab303b84,09/13/2025,1757783768.0,Organizational 9.13.25,201,9ad452dd-a27c-4d38-8202-ce406d7cf570,4,1757777708.62,Centre Back,Rice WSOC,September,Saturday,5953.38,0.0,3.00861,5953.38,3.68011,530.59163,328.61283,281.6026,172.59789,241.38069,357.04691,26.50338,13.24017,84.32573,3.37882,48.79801
Lauren Pickup,ae01c819-c49a-41ef-aa65-20df1a8a40a9,09/13/2025,1757779581.33,Organizational 9.13.25,201,9ad452dd-a27c-4d38-8202-ce406d7cf570,8,1757777622.15,Full Back,Rice WSOC,September,Saturday,1959.17,0.0,1.87281,1959.18,3.16997,298.89075,189.29842,80.25213,99.95067,138.36593,196.00236,35.14995,15.68734,94.32943,2.00277,93.64196
Dayo Tennyson,d0c5a2ec-d0d5-4ae1-bc9f-ae270bfc51e9,09/13/2025,1757783768.0,Organizational 9.13.25,201,9ad452dd-a27c-4d38-8202-ce406d7cf570,3,1757777708.62,Full Back,Rice WSOC,September,Saturday,5953.38,0.0,3.31491,5953.38,5.33426,798.52531,515.97484,429.05031,314.4395,334.3934,500.75392,30.05409,14.16265,120.43221,3.90254,53.7661
Chelsea Cross,d654a3c8-46fc-4466-b132-8b2ba7258344,09/13/2025,1757783768.0,Organizational 9.13.25,201,9ad452dd-a27c-4d38-8202-ce406d7cf570,24,1757777708.62,Central Midfielder,Rice WSOC,September,Saturday,5953.38,0.0,3.60971,5953.38,5.00522,672.08016,396.13196,304.3405,237.83801,264.75523,475.77581,36.34465,13.78969,76.95155,4.19314,58.54752
Taylor Rish,81828efc-2855-4216-a0d1-6a7c9201d5a0,09/13/2025,1757783768.0,Organizational 9.13.25,201,9ad452dd-a27c-4d38-8202-ce406d7cf570,7,1757777708.62,Full Back,Rice WSOC,September,Saturday,5953.38,0.0,3.25503,5953.38,5.62452,426.97574,245.56203,209.22494,152.12407,159.95318,309.76871,28.56342,15.26593,93.64893,3.70688,52.79481
Betty Velkova,8b0cb352-4da9-4349-b147-77a3736ea957,09/11/2025,1757638823.0,@ UAB 9.12.25,201,05215fd0-703b-4ea9-9a0b-bec78f5731f8,19,1757635518.0,Forward,Rice WSOC,September,Thursday,741.54,2563.46,0.73971,741.54,4.41552,136.72925,80.60603,43.72969,49.62165,52.53533,97.2701,10.09782,14.90929,61.7732,0.85251,96.32188
Kirsten Ruf,9a8fba27-951b-4253-aac1-ae31800ac075,09/11/2025,1757642964.0,@ UAB 9.12.25,201,05215fd0-703b-4ea9-9a0b-bec78f5731f8,22,1757635518.0,Goalkeeper,Rice WSOC,September,Thursday,6549.0,0.0,2.79582,6549.0,4.31245,387.91602,246.60027,281.92982,147.83942,166.18397,257.68321,14.4955,12.08349,73.74139,3.0247,41.22251
Allie Love,99ee597d-39b8-4fb7-9c63-0d052a15c0a8,09/11/2025,1757642964.0,@ UAB 9.12.25,201,05215fd0-703b-4ea9-9a0b-bec78f5731f8,17,1757639720.0,Central Midfielder,Rice WSOC,September,Thursday,1014.3,2229.7,1.26062,1014.3,5.05292,214.88577,138.0004,60.6785,87.93839,87.37479,141.88651,20.79582,13.99311,64.19955,1.4368,120.01007
Camille Quarterman,e710b8f7-8542-490c-80f0-c110cb9ed839,09/11/2025,1757642964.0,@ UAB 9.12.25,201,05215fd0-703b-4ea9-9a0b-bec78f5731f8,33,1757635518.0,Wide Midfielder,Rice WSOC,September,Thursday,2918.9,3630.1,3.14395,2918.9,5.41593,559.26587,348.14915,179.49942,204.62437,240.75734,371.68777,42.00312,18.65362,98.89425,3.66277,104.00549
Olivia Duvall,d91f4f1a-979c-4c34-bb2f-a8b1f5176b9e,09/11/2025,1757642964.0,@ UAB 9.12.25,201,05215fd0-703b-4ea9-9a0b-bec78f5731f8,14,1757635518.0,Wide Midfielder,Rice WSOC,September,Thursday,4473.25,2075.75,4.4653,4473.25,4.12931,672.75821,434.85962,204.3954,263.73105,290.2403,442.11145,70.65282,16.3063,100.54192,5.11823,96.38906
Dayo Tennyson,d0c5a2ec-d0d5-4ae1-bc9f-ae270bfc51e9,09/11/2025,1757642964.0,@ UAB 9.12.25,201,05215fd0-703b-4ea9-9a0b-bec78f5731f8,3,1757635518.0,Full Back,Rice WSOC,September,Thursday,6549.0,0.0,5.74141,6549.0,7.19342,1225.66937,789.82196,467.96533,489.82067,511.28169,774.94339,62.99215,18.136,96.69484,6.69282,84.65333
Mariana Elizondo,c3d64405-eb5d-4fc0-a8df-06af8ad627bf,09/11/2025,1757642964.0,@ UAB 9.12.25,201,05215fd0-703b-4ea9-9a0b-bec78f5731f8,10,1757635518.0,Central Midfielder,Rice WSOC,September,Thursday,6549.0,0.0,6.86225,6549.0,4.26739,1242.89697,758.11458,379.09573,474.92494,494.72565,866.56094,92.02683,14.13007,76.30733,7.54043,101.17929
Lauren Pickup,ae01c819-c49a-41ef-aa65-20df1a8a40a9,09/11/2025,1757642964.0,@ UAB 9.12.25,201,05215fd0-703b-4ea9-9a0b-bec78f5731f8,8,1757635518.0,Full Back,Rice WSOC,September,Thursday,3278.09,3270.91,3.61116,3278.09,4.11333,601.11386,374.84834,147.78896,207.34029,269.61137,405.74097,54.20262,14.24423,84.25663,4.16369,106.37173
Lilly Reuscher,ad2c003d-9ca2-42b1-bc85-2440ab303b84,09/11/2025,1757642964.0,@ UAB 9.12.25,201,05215fd0-703b-4ea9-9a0b-bec78f5731f8,4,1757635518.0,Centre Back,Rice WSOC,September,Thursday,6549.0,0.0,5.39759,6549.0,4.39774,885.80801,539.71753,310.67789,304.9549,377.64068,607.41798,58.19137,16.6934,81.61116,5.95292,79.58386
Eileen Albers,943afa05-aaac-4426-ba0c-1ebef4e76cb7,09/11/2025,1757642964.0,@ UAB 9.12.25,201,05215fd0-703b-4ea9-9a0b-bec78f5731f8,12,1757635518.0,Forward,Rice WSOC,September,Thursday,4657.13,1891.87,4.23251,4657.13,4.75721,720.03519,406.57037,234.59521,229.41264,287.63753,527.70581,53.21544,16.34112,86.18501,4.7114,87.75664
Jules Johnston,931babc9-289c-47bf-970a-22d756ac9f5a,09/11/2025,1757638823.0,@ UAB 9.12.25,201,05215fd0-703b-4ea9-9a0b-bec78f5731f8,25,1757635518.0,Forward,Rice WSOC,September,Thursday,238.31,3066.69,0.28688,238.31,4.03225,56.17731,35.506,10.22542,18.82624,26.15768,37.91841,2.18155,12.66164,54.10821,0.32963,116.242
Jadyn Jaeger,8e9bb6cd-180e-47be-afa1-39abe9300b25,09/11/2025,1757642964.0,@ UAB 9.12.25,201,05215fd0-703b-4ea9-9a0b-bec78f5731f8,11,1757635518.0,Full Back,Rice WSOC,September,Thursday,4667.34,1881.66,5.31867,4667.34,5.33508,737.29553,464.39911,236.05423,305.99181,285.08638,496.46439,78.49975,16.72424,82.31289,5.93277,110.03571
Leah Chancey,85ed14d3-34f0-42fc-8477-c03064e998f4,09/11/2025,1757642964.0,@ UAB 9.12.25,201,05215fd0-703b-4ea9-9a0b-bec78f5731f8,23,1757635518.0,Forward,Rice WSOC,September,Thursday,6549.0,0.0,6.48635,6549.0,6.2869,1048.23877,624.1078,337.56673,366.70422,421.69771,726.83827,81.67844,14.79013,70.696,7.15965,95.63695
Taylor Rish,81828efc-2855-4216-a0d1-6a7c9201d5a0,09/11/2025,1757642964.0,@ UAB 9.12.25,201,05215fd0-703b-4ea9-9a0b-bec78f5731f8,7,1757635518.0,Full Back,Rice WSOC,September,Thursday,2370.05,4178.95,2.26597,2370.05,5.49055,461.3689,277.38011,134.42722,179.11563,174.20155,321.97046,28.62127,14.98673,83.28083,2.70731,92.32003
Carsyn Martz,5ec6f0de-aa33-44a6-9b7e-676076c27478,09/11/2025,1757642964.0,@ UAB 9.12.25,201,05215fd0-703b-4ea9-9a0b-bec78f5731f8,20,1757635518.0,Centre Back,Rice WSOC,September,Thursday,6549.0,0.0,5.65501,6549.0,5.63093,854.42056,482.63094,307.41002,280.59848,332.25055,619.50169,62.93619,16.47447,79.61468,6.31664,83.37938
Naija Bruckner,59840313-0841-4a21-a5b5-b8b24cad01b8,09/11/2025,1757642964.0,@ UAB 9.12.25,201,05215fd0-703b-4ea9-9a0b-bec78f5731f8,28,1757635518.0,Central Midfielder,Rice WSOC,September,Thursday,6549.0,0.0,6.61415,6549.0,6.43535,1186.64471,688.1821,348.78387,410.00576,466.14861,850.83301,94.70319,16.4105,96.29138,7.55467,97.52121
Jessica Molina,49ee30cf-715d-49d2-bfd4-f208c806a5db,09/11/2025,1757638823.0,@ UAB 9.12.25,201,05215fd0-703b-4ea9-9a0b-bec78f5731f8,16,1757635518.0,Forward,Rice WSOC,September,Thursday,366.51,2938.49,0.28692,366.51,4.51869,50.78879,32.10123,17.77449,20.84563,19.95732,34.26274,1.9137,13.20525,64.11105,0.34276,75.59107
Piper Biziorek,fb332127-6268-4995-a140-9076566dc702,09/11/2025,1757642964.0,@ UAB 9.12.25,201,05215fd0-703b-4ea9-9a0b-bec78f5731f8,15,1757635518.0,Central Midfielder,Rice WSOC,September,Thursday,3431.18,3117.82,4.28171,3431.18,4.9863,875.0733,594.03787,203.21713,326.43672,430.55499,543.0459,73.97015,15.59862,86.5532,5.07287,120.49631
Jessica Molina,49ee30cf-715d-49d2-bfd4-f208c806a5db,09/10/2025,1757510865.35,prep 9.10.25,201,17299fb8-db30-49c1-a027-a586a7abf4a5,16,1757508716.93,Forward,Rice WSOC,September,Wednesday,1952.21,0.0,1.13,1952.21,3.89723,162.78774,89.94386,72.13001,53.32276,60.95629,120.87344,7.51145,14.10158,82.37445,1.2732,55.89207
Naija Bruckner,59840313-0841-4a21-a5b5-b8b24cad01b8,09/10/2025,1757509858.22,prep 9.10.25,201,17299fb8-db30-49c1-a027-a586a7abf4a5,28,1757508716.93,Central Midfielder,Rice WSOC,September,Wednesday,1020.04,0.0,0.15821,1020.04,2.01478,19.75543,12.91598,17.29525,7.91138,8.58811,12.46849,1.04554,6.91567,20.32329,0.16168,14.97647
Taylor Rish,81828efc-2855-4216-a0d1-6a7c9201d5a0,09/10/2025,1757510865.35,prep 9.10.25,201,17299fb8-db30-49c1-a027-a586a7abf4a5,7,1757508716.93,Full Back,Rice WSOC,September,Wednesday,1952.21,0.0,0.99296,1952.21,5.11591,156.6475,98.57547,72.71798,60.20987,65.493,106.02019,8.08852,14.66557,100.72417,1.17809,49.11391
Leah Chancey,85ed14d3-34f0-42fc-8477-c03064e998f4,09/10/2025,1757510865.35,prep 9.10.25,201,17299fb8-db30-49c1-a027-a586a7abf4a5,23,1757508716.93,Forward,Rice WSOC,September,Wednesday,1952.21,0.0,0.91181,1952.21,3.60716,140.28473,86.96157,77.79675,52.38933,58.00027,95.79727,6.06876,12.73479,66.60168,1.01063,45.10031
Carsyn Martz,5ec6f0de-aa33-44a6-9b7e-676076c27478,09/10/2025,1757510865.35,prep 9.10.25,201,17299fb8-db30-49c1-a027-a586a7abf4a5,20,1757508716.93,Centre Back,Rice WSOC,September,Wednesday,1952.21,0.0,1.23828,1952.21,3.57857,202.5568,116.55501,80.61861,65.44997,81.76252,144.884,11.62019,13.49898,77.46556,1.40258,61.24828
Isabelle Kent,6e66b652-d707-4f6a-86d3-61696dab1831,09/10/2025,1757510865.35,prep 9.10.25,201,17299fb8-db30-49c1-a027-a586a7abf4a5,2,1757508716.93,Full Back,Rice WSOC,September,Wednesday,1952.21,0.0,1.02899,1952.21,3.51434,172.36465,109.09326,93.03265,64.34776,74.87729,112.71164,9.76836,13.05135,76.51705,1.13962,50.89592
Sophie Zhang,713ce913-8f9b-41cb-b395-b08e3e69186f,09/10/2025,1757510865.35,prep 9.10.25,201,17299fb8-db30-49c1-a027-a586a7abf4a5,9,1757508716.93,Forward,Rice WSOC,September,Wednesday,1952.21,0.0,1.08065,1952.21,3.89335,205.90841,130.14493,108.01945,80.03284,85.73496,138.33023,8.11394,12.82614,80.3438,1.23718,53.45155
Megan Sweeney,76ec7312-9b6e-4355-a747-4de0c8e2d8b9,09/10/2025,1757510865.35,prep 9.10.25,201,17299fb8-db30-49c1-a027-a586a7abf4a5,0,1757508716.93,Goalkeeper,Rice WSOC,September,Wednesday,1952.21,0.0,0.9598,1952.21,4.67049,175.06231,112.27954,118.51088,71.6399,71.60177,115.36774,5.86942,10.10985,59.17716,1.08549,47.47374
Betty Velkova,8b0cb352-4da9-4349-b147-77a3736ea957,09/10/2025,1757510865.35,prep 9.10.25,201,17299fb8-db30-49c1-a027-a586a7abf4a5,19,1757508716.93,Forward,Rice WSOC,September,Wednesday,1952.21,0.0,1.45169,1952.21,4.21715,282.08292,176.48671,105.77166,111.37131,112.67031,191.29854,14.31331,12.93067,74.31044,1.65748,71.80383
Jadyn Jaeger,8e9bb6cd-180e-47be-afa1-39abe9300b25,09/10/2025,1757510865.35,prep 9.10.25,201,17299fb8-db30-49c1-a027-a586a7abf4a5,11,1757508716.93,Full Back,Rice WSOC,September,Wednesday,1952.21,0.0,1.18817,1952.21,3.72794,163.09651,98.91488,72.4125,61.77812,64.60635,114.11344,11.58761,13.53414,80.34413,1.35167,58.76977
Jules Johnston,931babc9-289c-47bf-970a-22d756ac9f5a,09/10/2025,1757510865.35,prep 9.10.25,201,17299fb8-db30-49c1-a027-a586a7abf4a5,25,1757508716.93,Forward,Rice WSOC,September,Wednesday,1952.21,0.0,1.29012,1952.21,3.94544,227.07111,147.86566,93.52889,85.84646,102.09697,148.64594,10.33299,12.64324,78.28507,1.44871,63.81199
Eileen Albers,943afa05-aaac-4426-ba0c-1ebef4e76cb7,09/10/2025,1757510865.35,prep 9.10.25,201,17299fb8-db30-49c1-a027-a586a7abf4a5,12,1757508716.93,Forward,Rice WSOC,September,Wednesday,1952.21,0.0,1.27868,1952.21,4.0573,218.80377,124.49959,94.3559,79.42694,79.4879,159.70435,9.79841,12.82587,85.37837,1.45906,63.24651
Allie Love,99ee597d-39b8-4fb7-9c63-0d052a15c0a8,09/10/2025,1757510865.35,prep 9.10.25,201,17299fb8-db30-49c1-a027-a586a7abf4a5,17,1757508716.93,Central Midfielder,Rice WSOC,September,Wednesday,1952.21,0.0,1.18333,1952.21,3.4605,193.42331,124.19025,89.6206,78.05844,80.00183,126.80317,12.30993,14.32355,76.9252,1.32245,58.52998
Kirsten Ruf,9a8fba27-951b-4253-aac1-ae31800ac075,09/10/2025,1757510865.35,prep 9.10.25,201,17299fb8-db30-49c1-a027-a586a7abf4a5,22,1757508716.93,Goalkeeper,Rice WSOC,September,Wednesday,1952.21,0.0,0.80773,1952.21,5.96286,152.46949,103.31179,102.7216,65.45008,66.12496,94.04084,4.60668,9.04752,57.67393,0.91976,39.95198
Laurel Kelley,a3fa5f45-c40a-44d8-ae81-6ac82f3fc9ef,09/10/2025,1757510865.35,prep 9.10.25,201,17299fb8-db30-49c1-a027-a586a7abf4a5,21,1757508716.93,Forward,Rice WSOC,September,Wednesday,1952.2,0.0,1.19503,1952.21,4.19577,221.74864,140.48462,101.76325,78.32056,100.093,149.64715,12.62474,12.83686,85.17007,1.35268,59.81923
Lilly Reuscher,ad2c003d-9ca2-42b1-bc85-2440ab303b84,09/10/2025,1757510865.35,prep 9.10.25,201,17299fb8-db30-49c1-a027-a586a7abf4a5,4,1757508716.93,Centre Back,Rice WSOC,September,Wednesday,1952.21,0.0,1.10599,1952.21,3.20946,193.26802,174.81909,110.21737,90.03377,130.62674,60.82483,6.17543,13.64815,68.78455,1.25621,54.70477
Lauren Pickup,ae01c819-c49a-41ef-aa65-20df1a8a40a9,09/10/2025,1757510865.35,prep 9.10.25,201,17299fb8-db30-49c1-a027-a586a7abf4a5,8,1757508716.93,Full Back,Rice WSOC,September,Wednesday,1952.21,0.0,1.17245,1952.21,2.7859,182.04023,118.9624,93.48053,68.02156,83.2338,119.5546,8.52956,13.77628,74.25207,1.33576,57.99194
Mariana Elizondo,c3d64405-eb5d-4fc0-a8df-06af8ad627bf,09/10/2025,1757510865.35,prep 9.10.25,201,17299fb8-db30-49c1-a027-a586a7abf4a5,10,1757508716.93,Central Midfielder,Rice WSOC,September,Wednesday,1952.21,0.0,1.29888,1952.21,4.3639,231.98671,137.29315,99.64511,85.74642,89.56231,164.13572,10.97985,13.41879,79.89444,1.43894,64.2455
Sam Walker,ce80f564-5fb7-4c34-8faf-d75015152871,09/10/2025,1757510865.35,prep 9.10.25,201,17299fb8-db30-49c1-a027-a586a7abf4a5,30,1757508716.93,Goalkeeper,Rice WSOC,September,Wednesday,1952.21,0.0,0.88498,1952.21,7.16821,171.65426,114.26643,107.2782,66.49928,77.92563,108.10156,4.06177,11.15776,108.3592,1.06007,43.77295
Dayo Tennyson,d0c5a2ec-d0d5-4ae1-bc9f-ae270bfc51e9,09/10/2025,1757510865.35,prep 9.10.25,201,17299fb8-db30-49c1-a027-a586a7abf4a5,3,1757508716.93,Full Back,Rice WSOC,September,Wednesday,1952.21,0.0,1.04148,1952.21,4.77254,228.30116,149.36943,129.19192,91.57288,96.78368,141.18763,7.87629,14.21346,112.16761,1.22855,51.51368
Chelsea Cross,d654a3c8-46fc-4466-b132-8b2ba7258344,09/10/2025,1757510865.35,prep 9.10.25,201,17299fb8-db30-49c1-a027-a586a7abf4a5,24,1757508716.93,Central Midfielder,Rice WSOC,September,Wednesday,1952.21,0.0,1.02719,1952.21,3.68505,181.48832,118.00974,94.72282,74.41394,76.05342,116.94154,7.11225,12.86637,69.535,1.14592,50.80707
Olivia Duvall,d91f4f1a-979c-4c34-bb2f-a8b1f5176b9e,09/10/2025,1757510865.35,prep 9.10.25,201,17299fb8-db30-49c1-a027-a586a7abf4a5,14,1757508716.93,Wide Midfielder,Rice WSOC,September,Wednesday,1952.21,0.0,0.92654,1952.21,3.09845,128.74132,84.16683,80.48597,51.05458,55.9323,83.37908,5.75588,13.31512,110.74019,1.05756,45.82892
Camille Quarterman,e710b8f7-8542-490c-80f0-c110cb9ed839,09/10/2025,1757510865.35,prep 9.10.25,201,17299fb8-db30-49c1-a027-a586a7abf4a5,33,1757508716.93,Wide Midfielder,Rice WSOC,September,Wednesday,1952.21,0.0,1.2297,1952.21,3.53714,220.0695,146.46722,101.92652,87.79619,98.63952,139.32409,10.73242,15.10771,88.95815,1.44228,60.82378
Mia Brumlow,e9141800-8f9c-4a98-8265-2ae17f48913e,09/10/2025,1757510865.35,prep 9.10.25,201,17299fb8-db30-49c1-a027-a586a7abf4a5,13,1757508716.93,Wide Midfielder,Rice WSOC,September,Wednesday,1952.21,0.0,1.03315,1952.21,3.90101,182.10138,115.2007,85.69995,71.32952,75.90154,122.51769,8.64815,13.07156,96.10831,1.20072,51.10205
Jordyn Mariam,f7e75558-805b-459d-b944-ec8d5a5beeac,09/10/2025,1757510865.35,prep 9.10.25,201,17299fb8-db30-49c1-a027-a586a7abf4a5,5,1757508716.93,Wide Midfielder,Rice WSOC,September,Wednesday,1952.21,0.0,1.0339,1952.21,4.10725,177.90303,109.66185,83.35049,64.72283,74.79621,121.28278,8.59657,13.64756,81.94583,1.21397,51.13888
Piper Biziorek,fb332127-6268-4995-a140-9076566dc702,09/10/2025,1757510865.35,prep 9.10.25,201,17299fb8-db30-49c1-a027-a586a7abf4a5,15,1757508716.93,Central Midfielder,Rice WSOC,September,Wednesday,1952.2,0.0,1.49081,1952.21,3.28743,257.19395,164.25521,87.33169,92.37301,115.06823,170.9894,18.2746,13.06239,88.41348,1.7233,73.93397
Jordyn Mariam,f7e75558-805b-459d-b944-ec8d5a5beeac,09/09/2025,1757453274.0,Organizational 9.9.25,201,2f9c7d5d-4186-4148-9684-a7906dbceedf,5,1757448715.36,Wide Midfielder,Rice WSOC,September,Tuesday,4311.55,0.0,2.67267,4311.56,4.25113,487.28198,312.62962,191.21435,187.35065,209.88181,312.95828,32.03588,12.87727,68.72896,2.98351,60.09388
Piper Biziorek,fb332127-6268-4995-a140-9076566dc702,09/09/2025,1757453274.0,Organizational 9.9.25,201,2f9c7d5d-4186-4148-9684-a7906dbceedf,15,1757448715.36,Central Midfielder,Rice WSOC,September,Tuesday,4311.55,0.0,2.36023,4311.56,4.35908,409.06004,269.94639,157.64692,154.6399,186.85127,264.05228,24.76078,13.71392,81.78938,2.6687,53.09205
Chelsea Cross,d654a3c8-46fc-4466-b132-8b2ba7258344,09/09/2025,1757453274.0,Organizational 9.9.25,201,2f9c7d5d-4186-4148-9684-a7906dbceedf,24,1757448715.36,Central Midfielder,Rice WSOC,September,Tuesday,4311.54,0.0,2.79185,4311.56,3.81428,492.5826,280.9021,178.78766,162.35212,193.26036,354.02548,37.66301,14.08917,71.02946,3.13308,62.85506
Camille Quarterman,e710b8f7-8542-490c-80f0-c110cb9ed839,09/09/2025,1757453274.0,Organizational 9.9.25,201,2f9c7d5d-4186-4148-9684-a7906dbceedf,33,1757448715.36,Wide Midfielder,Rice WSOC,September,Tuesday,4311.56,0.0,2.34488,4311.56,4.31565,414.47831,269.25063,186.93745,163.91644,179.59153,267.51505,26.62103,14.59841,81.67456,2.72004,52.51528
Dayo Tennyson,d0c5a2ec-d0d5-4ae1-bc9f-ae270bfc51e9,09/09/2025,1757453274.0,Organizational 9.9.25,201,2f9c7d5d-4186-4148-9684-a7906dbceedf,3,1757448715.36,Full Back,Rice WSOC,September,Tuesday,4311.55,0.0,2.2289,4311.56,5.1418,485.61539,303.50436,246.72163,177.61955,205.42975,316.69138,20.14088,15.57076,100.92594,2.51648,50.08973
Kenna Sanders,457dc155-bdf2-48cc-8a59-2f0b4ec42ae2,09/09/2025,1757453274.0,Organizational 9.9.25,201,2f9c7d5d-4186-4148-9684-a7906dbceedf,18,1757448715.36,Forward,Rice WSOC,September,Tuesday,4311.54,0.0,2.64559,4311.56,4.01533,498.71576,286.48451,199.51997,162.91572,199.64775,353.23317,32.5764,13.44878,60.60098,2.86827,59.59837
Jessica Molina,49ee30cf-715d-49d2-bfd4-f208c806a5db,09/09/2025,1757453274.0,Organizational 9.9.25,201,2f9c7d5d-4186-4148-9684-a7906dbceedf,16,1757448715.36,Forward,Rice WSOC,September,Tuesday,4311.54,0.0,2.12008,4311.56,4.11854,359.0388,235.47199,153.49112,147.03379,153.24305,232.2609,24.40717,13.69038,66.78876,2.31964,47.79784
Naija Bruckner,59840313-0841-4a21-a5b5-b8b24cad01b8,09/09/2025,1757453274.0,Organizational 9.9.25,201,2f9c7d5d-4186-4148-9684-a7906dbceedf,28,1757448715.36,Central Midfielder,Rice WSOC,September,Tuesday,4311.54,0.0,2.06953,4311.56,4.25671,391.51256,234.39998,159.86421,141.03528,157.3162,271.93191,24.54391,13.95814,75.61826,2.35357,46.6289
Olivia Duvall,d91f4f1a-979c-4c34-bb2f-a8b1f5176b9e,09/09/2025,1757453274.0,Organizational 9.9.25,201,2f9c7d5d-4186-4148-9684-a7906dbceedf,14,1757448715.36,Wide Midfielder,Rice WSOC,September,Tuesday,4311.54,0.0,2.08588,4311.56,3.70667,330.37392,219.6486,171.60407,135.338,144.88046,209.49018,20.28956,14.22114,81.19308,2.39503,47.26962
Carsyn Martz,5ec6f0de-aa33-44a6-9b7e-676076c27478,09/09/2025,1757453274.0,Organizational 9.9.25,201,2f9c7d5d-4186-4148-9684-a7906dbceedf,20,1757448715.36,Centre Back,Rice WSOC,September,Tuesday,4311.54,0.0,2.49078,4311.56,3.65314,400.02862,248.40842,189.80757,150.1021,165.27971,270.04311,21.20809,13.55829,67.45316,2.80092,56.20137
Isabelle Kent,6e66b652-d707-4f6a-86d3-61696dab1831,09/09/2025,1757453274.0,Organizational 9.9.25,201,2f9c7d5d-4186-4148-9684-a7906dbceedf,2,1757448715.36,Full Back,Rice WSOC,September,Tuesday,4311.55,0.0,1.92846,4311.56,2.83746,332.3156,200.34851,139.67108,119.27049,135.49319,228.47144,22.21105,12.80107,63.46634,2.11853,43.358
Sophie Zhang,713ce913-8f9b-41cb-b395-b08e3e69186f,09/09/2025,1757453274.0,Organizational 9.9.25,201,2f9c7d5d-4186-4148-9684-a7906dbceedf,9,1757448715.36,Forward,Rice WSOC,September,Tuesday,4311.55,0.0,2.18056,4311.56,4.20857,445.05888,285.62177,225.78591,173.60076,190.59425,292.61973,23.78889,14.03689,64.68581,2.47975,49.95654
Megan Sweeney,76ec7312-9b6e-4355-a747-4de0c8e2d8b9,09/09/2025,1757453274.0,Organizational 9.9.25,201,2f9c7d5d-4186-4148-9684-a7906dbceedf,0,1757448715.36,Goalkeeper,Rice WSOC,September,Tuesday,4350.39,0.0,1.88291,4350.4,6.31401,341.90711,226.08986,208.53754,147.95876,140.79905,217.39535,14.56337,13.10796,94.45665,2.12367,41.87694
Kenzie Solomon,80afc22c-7b44-4cca-83af-4b9370cf2987,09/09/2025,1757453274.0,Organizational 9.9.25,201,2f9c7d5d-4186-4148-9684-a7906dbceedf,1,1757448715.36,Goalkeeper,Rice WSOC,September,Tuesday,4350.38,0.0,1.6711,4350.4,4.99908,312.31747,200.0517,243.31511,113.89718,140.1008,205.60508,13.24062,13.15768,71.93427,1.85522,37.94792
Taylor Rish,81828efc-2855-4216-a0d1-6a7c9201d5a0,09/09/2025,1757453274.0,Organizational 9.9.25,201,2f9c7d5d-4186-4148-9684-a7906dbceedf,7,1757448715.36,Full Back,Rice WSOC,September,Tuesday,4311.54,0.0,2.33983,4311.56,4.48173,332.3638,187.43132,132.89665,114.08675,124.33628,243.7241,27.372,15.53097,87.98031,2.6287,53.12305
Leah Chancey,85ed14d3-34f0-42fc-8477-c03064e998f4,09/09/2025,1757453274.0,Organizational 9.9.25,201,2f9c7d5d-4186-4148-9684-a7906dbceedf,23,1757448715.36,Forward,Rice WSOC,September,Tuesday,4311.55,0.0,2.15596,4311.56,4.1054,381.06491,245.62113,188.76403,149.40664,161.66908,250.37482,20.96204,12.73317,57.91006,2.3736,48.69933
Betty Velkova,8b0cb352-4da9-4349-b147-77a3736ea957,09/09/2025,1757453274.0,Organizational 9.9.25,201,2f9c7d5d-4186-4148-9684-a7906dbceedf,19,1757448715.36,Forward,Rice WSOC,September,Tuesday,4311.55,0.0,2.93358,4311.56,4.02328,505.90715,303.12781,170.142,190.75291,193.62891,356.7252,41.38728,14.1062,76.14851,3.2269,65.92544
Jadyn Jaeger,8e9bb6cd-180e-47be-afa1-39abe9300b25,09/09/2025,1757453274.0,Organizational 9.9.25,201,2f9c7d5d-4186-4148-9684-a7906dbceedf,11,1757448715.36,Full Back,Rice WSOC,September,Tuesday,4311.54,0.0,2.57092,4311.56,3.93445,378.17138,234.57325,172.20503,157.23011,141.71054,258.99916,28.9618,14.02634,75.33622,2.88626,57.91483
Jules Johnston,931babc9-289c-47bf-970a-22d756ac9f5a,09/09/2025,1757453274.0,Organizational 9.9.25,201,2f9c7d5d-4186-4148-9684-a7906dbceedf,25,1757448715.36,Forward,Rice WSOC,September,Tuesday,4311.55,0.0,2.14835,4311.56,4.33902,401.16083,258.27185,161.44421,153.94479,174.12543,263.90613,25.40402,14.11529,70.91793,2.38453,48.52791
Eileen Albers,943afa05-aaac-4426-ba0c-1ebef4e76cb7,09/09/2025,1757453274.0,Organizational 9.9.25,201,2f9c7d5d-4186-4148-9684-a7906dbceedf,12,1757448715.36,Forward,Rice WSOC,September,Tuesday,4311.55,0.0,2.2408,4311.56,3.6655,351.81037,195.22886,149.67743,121.3074,127.35585,258.80811,22.77393,13.58283,70.34425,2.47988,50.35979
Allie Love,99ee597d-39b8-4fb7-9c63-0d052a15c0a8,09/09/2025,1757453274.0,Organizational 9.9.25,201,2f9c7d5d-4186-4148-9684-a7906dbceedf,17,1757448715.36,Central Midfielder,Rice WSOC,September,Tuesday,4311.55,0.0,3.20514,4311.56,3.772,520.94885,320.99173,178.51308,199.19587,208.42159,355.4183,46.90287,14.49289,65.32315,3.56838,71.9959
Kirsten Ruf,9a8fba27-951b-4253-aac1-ae31800ac075,09/09/2025,1757453274.0,Organizational 9.9.25,201,2f9c7d5d-4186-4148-9684-a7906dbceedf,22,1757448715.36,Goalkeeper,Rice WSOC,September,Tuesday,4350.39,0.0,1.63063,4350.4,4.41643,284.14539,188.51762,180.48817,116.82069,123.61785,180.02592,14.00124,14.72069,66.74749,1.84216,36.24941
Laurel Kelley,a3fa5f45-c40a-44d8-ae81-6ac82f3fc9ef,09/09/2025,1757453274.0,Organizational 9.9.25,201,2f9c7d5d-4186-4148-9684-a7906dbceedf,21,1757448715.36,Forward,Rice WSOC,September,Tuesday,4311.55,0.0,2.79387,4311.56,4.2933,479.36066,295.36021,163.30365,165.09215,209.46798,328.94039,35.91923,15.31106,63.01712,3.08534,62.66955
Lilly Reuscher,ad2c003d-9ca2-42b1-bc85-2440ab303b84,09/09/2025,1757453274.0,Organizational 9.9.25,201,2f9c7d5d-4186-4148-9684-a7906dbceedf,4,1757448715.36,Centre Back,Rice WSOC,September,Tuesday,4311.54,0.0,2.08133,4311.56,3.61366,356.83034,222.87257,183.52501,118.23595,163.08482,237.70188,20.10702,13.7792,69.69164,2.29141,47.01971
Lauren Pickup,ae01c819-c49a-41ef-aa65-20df1a8a40a9,09/09/2025,1757453274.0,Organizational 9.9.25,201,2f9c7d5d-4186-4148-9684-a7906dbceedf,8,1757448715.36,Full Back,Rice WSOC,September,Tuesday,4311.55,0.0,2.13929,4311.56,3.42661,365.5615,230.13906,180.59258,132.69258,159.00372,246.04368,21.27093,13.27772,76.86501,2.44198,48.25825
Mariana Elizondo,c3d64405-eb5d-4fc0-a8df-06af8ad627bf,09/09/2025,1757453274.0,Organizational 9.9.25,201,2f9c7d5d-4186-4148-9684-a7906dbceedf,10,1757448715.36,Central Midfielder,Rice WSOC,September,Tuesday,4311.54,0.0,2.63426,4311.56,4.24719,454.49073,269.10967,200.09885,171.21495,171.37794,320.47648,32.0742,14.48219,68.09718,2.90619,59.47219
Bailey Peek,1d2f6fbf-8215-4ae2-ae70-ed9d981fcd85,09/09/2025,1757453274.0,Organizational 9.9.25,201,2f9c7d5d-4186-4148-9684-a7906dbceedf,6,1757448715.36,Centre Back,Rice WSOC,September,Tuesday,4311.54,0.0,2.77264,4311.56,3.65803,422.70338,258.02661,161.12211,138.00627,187.96805,290.37604,38.82474,14.67385,67.73806,3.04913,62.54944
Sam Walker,ce80f564-5fb7-4c34-8faf-d75015152871,09/09/2025,1757453274.0,Organizational 9.9.25,201,2f9c7d5d-4186-4148-9684-a7906dbceedf,30,1757448715.36,Goalkeeper,Rice WSOC,September,Tuesday,4350.39,0.0,1.72363,4350.4,5.95261,285.60746,192.55464,179.71107,111.82748,131.75875,176.67457,14.94457,15.24641,82.20362,1.96937,38.31636
Eileen Albers,943afa05-aaac-4426-ba0c-1ebef4e76cb7,09/07/2025,1757293303.0,@ Lamar 9.7.25,201,a50b0f16-0b86-426d-bd7a-3f59251d57c6,12,1757286205.0,Forward,Rice WSOC,September,Sunday,3621.57,2511.43,3.43818,3621.57,4.36966,538.42386,300.34245,157.68945,179.63667,202.84191,399.53897,47.68873,16.79739,80.58886,3.80056,91.67109
Jules Johnston,931babc9-289c-47bf-970a-22d756ac9f5a,09/07/2025,1757289223.0,@ Lamar 9.7.25,201,a50b0f16-0b86-426d-bd7a-3f59251d57c6,25,1757286205.0,Forward,Rice WSOC,September,Sunday,1016.58,2001.42,0.97698,1016.58,6.34405,187.00208,120.93576,48.03093,68.02412,85.70543,122.6738,9.26576,16.06754,63.54966,1.11821,92.79946
Mia Brumlow,e9141800-8f9c-4a98-8265-2ae17f48913e,09/07/2025,1757293303.0,@ Lamar 9.7.25,201,a50b0f16-0b86-426d-bd7a-3f59251d57c6,13,1757286205.0,Wide Midfielder,Rice WSOC,September,Sunday,1103.42,5029.58,1.09789,1103.42,4.88893,213.87169,130.66006,58.13547,76.75154,89.79489,146.83177,15.37707,15.81074,80.46264,1.26522,96.07673
Camille Quarterman,e710b8f7-8542-490c-80f0-c110cb9ed839,09/07/2025,1757293303.0,@ Lamar 9.7.25,201,a50b0f16-0b86-426d-bd7a-3f59251d57c6,33,1757286205.0,Wide Midfielder,Rice WSOC,September,Sunday,2375.63,3757.37,2.73308,2375.63,4.81551,466.77585,297.94492,125.46011,176.59867,205.12135,301.65164,35.1238,15.53934,89.37526,3.11501,111.0895
Olivia Duvall,d91f4f1a-979c-4c34-bb2f-a8b1f5176b9e,09/07/2025,1757293303.0,@ Lamar 9.7.25,201,a50b0f16-0b86-426d-bd7a-3f59251d57c6,14,1757286205.0,Wide Midfielder,Rice WSOC,September,Sunday,3770.43,2362.57,3.98633,3770.43,6.11286,580.96069,357.76373,167.64498,221.42547,234.48084,397.69554,63.83939,17.07213,91.42885,4.50337,102.08986
Chelsea Cross,d654a3c8-46fc-4466-b132-8b2ba7258344,09/07/2025,1757293303.0,@ Lamar 9.7.25,201,a50b0f16-0b86-426d-bd7a-3f59251d57c6,24,1757290188.0,Central Midfielder,Rice WSOC,September,Sunday,998.63,2116.37,1.07893,998.63,3.90639,206.69574,123.23828,60.01598,76.80882,79.57169,144.48009,16.06125,15.08536,63.5405,1.24259,104.32488
Dayo Tennyson,d0c5a2ec-d0d5-4ae1-bc9f-ae270bfc51e9,09/07/2025,1757293303.0,@ Lamar 9.7.25,201,a50b0f16-0b86-426d-bd7a-3f59251d57c6,3,1757286205.0,Full Back,Rice WSOC,September,Sunday,6133.0,0.0,5.59952,6133.0,6.30044,1171.26459,723.77177,447.64725,446.41872,472.77386,771.19119,68.10546,17.54016,118.82197,6.31182,88.16125
Mariana Elizondo,c3d64405-eb5d-4fc0-a8df-06af8ad627bf,09/07/2025,1757293303.0,@ Lamar 9.7.25,201,a50b0f16-0b86-426d-bd7a-3f59251d57c6,10,1757286205.0,Central Midfielder,Rice WSOC,September,Sunday,5537.54,595.46,6.02734,5537.54,4.60533,1072.78571,663.41106,293.51318,420.73249,429.49887,738.8503,86.92982,15.3609,67.95199,6.57764,105.10146
Lauren Pickup,ae01c819-c49a-41ef-aa65-20df1a8a40a9,09/07/2025,1757293303.0,@ Lamar 9.7.25,201,a50b0f16-0b86-426d-bd7a-3f59251d57c6,8,1757286205.0,Full Back,Rice WSOC,September,Sunday,3733.22,2399.78,4.28647,3733.22,5.98179,705.94351,440.14146,191.69327,248.54092,311.26181,479.84581,66.69455,15.69961,79.5821,4.87599,110.87046
Lilly Reuscher,ad2c003d-9ca2-42b1-bc85-2440ab303b84,09/07/2025,1757293303.0,@ Lamar 9.7.25,201,a50b0f16-0b86-426d-bd7a-3f59251d57c6,4,1757286205.0,Centre Back,Rice WSOC,September,Sunday,6133.0,0.0,5.20812,6133.0,4.53392,847.05347,516.00333,295.0136,290.1179,364.4359,582.42992,60.64979,15.15551,67.31009,5.68216,81.99891
Kirsten Ruf,9a8fba27-951b-4253-aac1-ae31800ac075,09/07/2025,1757293303.0,@ Lamar 9.7.25,201,a50b0f16-0b86-426d-bd7a-3f59251d57c6,22,1757286205.0,Goalkeeper,Rice WSOC,September,Sunday,6133.0,0.0,2.80358,6133.0,6.36207,342.3454,214.41643,235.40247,127.83237,145.39204,230.42973,17.39964,13.67132,79.88908,3.01738,44.1408
Piper Biziorek,fb332127-6268-4995-a140-9076566dc702,09/07/2025,1757293303.0,@ Lamar 9.7.25,201,a50b0f16-0b86-426d-bd7a-3f59251d57c6,15,1757286205.0,Central Midfielder,Rice WSOC,September,Sunday,4457.03,1675.97,5.64318,4457.03,5.15969,1058.38797,710.53693,246.34781,388.64602,512.20831,668.38939,95.96964,14.84559,95.04604,6.51054,122.25835
Jadyn Jaeger,8e9bb6cd-180e-47be-afa1-39abe9300b25,09/07/2025,1757293303.0,@ Lamar 9.7.25,201,a50b0f16-0b86-426d-bd7a-3f59251d57c6,11,1757286205.0,Full Back,Rice WSOC,September,Sunday,3367.26,2765.74,3.96963,3367.26,6.8783,519.23029,336.39005,147.00603,215.93363,211.92909,337.10551,63.4454,17.17844,75.21096,4.42142,113.8343
Betty Velkova,8b0cb352-4da9-4349-b147-77a3736ea957,09/07/2025,1757289223.0,@ Lamar 9.7.25,201,a50b0f16-0b86-426d-bd7a-3f59251d57c6,19,1757286205.0,Forward,Rice WSOC,September,Sunday,514.16,2503.84,0.6494,514.16,4.75618,132.72134,80.50659,26.63657,49.69153,52.51181,92.12695,7.05692,15.05114,69.29709,0.74577,121.95989
Leah Chancey,85ed14d3-34f0-42fc-8477-c03064e998f4,09/07/2025,1757293303.0,@ Lamar 9.7.25,201,a50b0f16-0b86-426d-bd7a-3f59251d57c6,23,1757286205.0,Forward,Rice WSOC,September,Sunday,5137.07,995.93,5.31236,5137.07,8.70019,864.89465,504.6992,277.38985,289.9211,347.25578,610.48091,68.97511,14.52237,64.84499,5.87268,99.85551
Taylor Rish,81828efc-2855-4216-a0d1-6a7c9201d5a0,09/07/2025,1757289223.0,@ Lamar 9.7.25,201,a50b0f16-0b86-426d-bd7a-3f59251d57c6,7,1757286205.0,Full Back,Rice WSOC,September,Sunday,1227.47,1790.53,1.40002,1227.47,5.91825,287.69641,180.51706,70.96085,115.28037,114.53207,195.82739,17.75069,15.38547,76.19585,1.63665,110.13479
Sophie Zhang,713ce913-8f9b-41cb-b395-b08e3e69186f,09/07/2025,1757293303.0,@ Lamar 9.7.25,201,a50b0f16-0b86-426d-bd7a-3f59251d57c6,9,1757286205.0,Forward,Rice WSOC,September,Sunday,2350.16,3782.84,2.62962,2350.16,4.22361,518.09546,305.2709,147.70732,166.94442,215.98223,365.73058,32.40736,14.77448,76.32225,2.97931,108.04272
Carsyn Martz,5ec6f0de-aa33-44a6-9b7e-676076c27478,09/07/2025,1757293303.0,@ Lamar 9.7.25,201,a50b0f16-0b86-426d-bd7a-3f59251d57c6,20,1757286205.0,Centre Back,Rice WSOC,September,Sunday,6133.0,0.0,5.66678,6133.0,4.88296,826.22827,463.58825,280.76849,271.20589,318.52729,605.36884,67.13905,16.50195,82.27763,6.25807,89.22022
Naija Bruckner,59840313-0841-4a21-a5b5-b8b24cad01b8,09/07/2025,1757293303.0,@ Lamar 9.7.25,201,a50b0f16-0b86-426d-bd7a-3f59251d57c6,28,1757286205.0,Central Midfielder,Rice WSOC,September,Sunday,5376.27,756.73,6.11873,5376.27,6.70096,1050.22589,589.82027,256.55608,343.5356,404.72046,768.93016,89.56575,16.25153,93.4236,6.88461,109.89556
Jessica Molina,49ee30cf-715d-49d2-bfd4-f208c806a5db,09/07/2025,1757293303.0,@ Lamar 9.7.25,201,a50b0f16-0b86-426d-bd7a-3f59251d57c6,16,1757290188.0,Forward,Rice WSOC,September,Sunday,1631.31,1483.69,1.53874,1631.31,4.5841,228.74487,125.99718,72.51419,75.447,84.40849,170.48814,16.0216,14.04578,72.16443,1.75426,91.08142
Bailey Peek,1d2f6fbf-8215-4ae2-ae70-ed9d981fcd85,09/06/2025,1757174473.0,Prep 9.6.25,201,840675a5-5771-463e-8edc-3bd2329f0ae0,6,1757172727.0,Centre Back,Rice WSOC,September,Saturday,1738.0,0.0,0.59326,1738.0,3.50904,97.30216,61.06123,56.48299,33.89354,43.49198,65.70056,3.85781,12.81065,60.91263,0.68731,32.96061
Carsyn Martz,5ec6f0de-aa33-44a6-9b7e-676076c27478,09/06/2025,1757174473.0,Prep 9.6.25,201,840675a5-5771-463e-8edc-3bd2329f0ae0,20,1757172727.0,Centre Back,Rice WSOC,September,Saturday,1738.0,0.0,0.69615,1738.0,3.59876,120.85624,77.13029,75.96683,45.70449,52.07901,80.32638,5.15775,13.95649,72.43189,0.80177,38.67729
Jessica Molina,49ee30cf-715d-49d2-bfd4-f208c806a5db,09/06/2025,1757174473.0,Prep 9.6.25,201,840675a5-5771-463e-8edc-3bd2329f0ae0,16,1757172727.0,Forward,Rice WSOC,September,Saturday,1738.0,0.0,0.59202,1738.0,3.09119,87.86562,55.54824,56.17144,31.82248,38.4609,58.62862,3.5835,12.85144,64.75509,0.67232,32.89195
Naija Bruckner,59840313-0841-4a21-a5b5-b8b24cad01b8,09/06/2025,1757174473.0,Prep 9.6.25,201,840675a5-5771-463e-8edc-3bd2329f0ae0,28,1757172727.0,Central Midfielder,Rice WSOC,September,Saturday,1738.0,0.0,0.7093,1738.0,4.99832,153.97215,96.39619,90.14734,57.52295,65.13077,103.20208,5.1629,14.69841,89.17313,0.83479,39.40765
Kenna Sanders,457dc155-bdf2-48cc-8a59-2f0b4ec42ae2,09/06/2025,1757174473.0,Prep 9.6.25,201,840675a5-5771-463e-8edc-3bd2329f0ae0,18,1757172727.0,Forward,Rice WSOC,September,Saturday,1738.0,0.0,0.57909,1738.0,3.56756,106.26785,71.85463,69.09879,39.79584,51.29399,66.17709,3.06498,13.32232,57.8516,0.65794,32.17319
Kirsten Ruf,9a8fba27-951b-4253-aac1-ae31800ac075,09/06/2025,1757174473.0,Prep 9.6.25,201,840675a5-5771-463e-8edc-3bd2329f0ae0,22,1757172727.0,Goalkeeper,Rice WSOC,September,Saturday,1738.0,0.0,0.62566,1738.0,4.02048,101.34018,67.45692,81.58872,40.04775,45.4894,64.21951,2.63277,8.59593,78.314,0.70452,34.76078
Piper Biziorek,fb332127-6268-4995-a140-9076566dc702,09/06/2025,1757174473.0,Prep 9.6.25,201,840675a5-5771-463e-8edc-3bd2329f0ae0,15,1757172727.0,Central Midfielder,Rice WSOC,September,Saturday,1738.0,0.0,0.72334,1738.0,3.69854,133.76654,87.6549,82.05133,48.78867,62.25331,87.19649,5.4558,13.77634,69.54878,0.85163,40.18747
Megan Sweeney,76ec7312-9b6e-4355-a747-4de0c8e2d8b9,09/06/2025,1757174473.0,Prep 9.6.25,201,840675a5-5771-463e-8edc-3bd2329f0ae0,0,1757172727.0,Goalkeeper,Rice WSOC,September,Saturday,1738.0,0.0,0.95496,1738.0,4.89262,160.50243,104.2851,110.99754,66.19477,66.95049,103.7237,6.30737,9.8609,55.72007,1.06034,53.0564
Kenzie Solomon,80afc22c-7b44-4cca-83af-4b9370cf2987,09/06/2025,1757174473.0,Prep 9.6.25,201,840675a5-5771-463e-8edc-3bd2329f0ae0,1,1757172727.0,Goalkeeper,Rice WSOC,September,Saturday,1738.0,0.0,0.78672,1738.0,4.38458,123.6036,82.53572,100.96686,49.18713,55.63024,77.85733,3.99144,8.81591,68.38605,0.87567,43.70903
Taylor Rish,81828efc-2855-4216-a0d1-6a7c9201d5a0,09/06/2025,1757174473.0,Prep 9.6.25,201,840675a5-5771-463e-8edc-3bd2329f0ae0,7,1757172727.0,Full Back,Rice WSOC,September,Saturday,1738.0,0.0,0.56902,1738.0,3.34674,81.33849,48.76687,52.96791,27.59941,34.12737,57.37236,4.16535,12.95652,68.66716,0.66833,31.61375
Leah Chancey,85ed14d3-34f0-42fc-8477-c03064e998f4,09/06/2025,1757174473.0,Prep 9.6.25,201,840675a5-5771-463e-8edc-3bd2329f0ae0,23,1757172727.0,Forward,Rice WSOC,September,Saturday,1738.0,0.0,0.54675,1738.0,3.5438,99.22206,66.20171,66.05978,39.23919,44.69283,63.02964,3.33694,12.99234,56.71613,0.61085,30.37671
Betty Velkova,8b0cb352-4da9-4349-b147-77a3736ea957,09/06/2025,1757174473.0,Prep 9.6.25,201,840675a5-5771-463e-8edc-3bd2329f0ae0,19,1757172727.0,Forward,Rice WSOC,September,Saturday,1738.0,0.0,0.84594,1738.0,4.34479,159.09679,100.29041,86.16352,60.60192,66.44442,106.6613,6.44761,13.38715,68.79401,0.99537,46.99896
Jadyn Jaeger,8e9bb6cd-180e-47be-afa1-39abe9300b25,09/06/2025,1757174473.0,Prep 9.6.25,201,840675a5-5771-463e-8edc-3bd2329f0ae0,11,1757172727.0,Full Back,Rice WSOC,September,Saturday,1738.0,0.0,0.6431,1738.0,3.18907,92.04536,59.02546,65.09832,35.99387,39.21255,61.01434,3.84038,13.12375,61.90221,0.71924,35.72962
Jules Johnston,931babc9-289c-47bf-970a-22d756ac9f5a,09/06/2025,1757174473.0,Prep 9.6.25,201,840675a5-5771-463e-8edc-3bd2329f0ae0,25,1757172727.0,Forward,Rice WSOC,September,Saturday,1738.0,0.0,0.75516,1738.0,4.4843,128.20723,83.51416,75.26249,48.10982,57.71729,83.96265,5.79487,11.77997,69.94397,0.86694,41.95551
Eileen Albers,943afa05-aaac-4426-ba0c-1ebef4e76cb7,09/06/2025,1757174473.0,Prep 9.6.25,201,840675a5-5771-463e-8edc-3bd2329f0ae0,12,1757172727.0,Forward,Rice WSOC,September,Saturday,1738.0,0.0,0.69501,1738.0,3.09267,109.28112,65.55927,62.8516,38.88094,44.59381,75.8597,3.43922,13.73525,79.77344,0.79697,38.61346
Allie Love,99ee597d-39b8-4fb7-9c63-0d052a15c0a8,09/06/2025,1757174473.0,Prep 9.6.25,201,840675a5-5771-463e-8edc-3bd2329f0ae0,17,1757172727.0,Central Midfielder,Rice WSOC,September,Saturday,1738.0,0.0,0.67527,1738.0,5.08973,129.05898,87.59888,82.75009,52.53854,58.71053,79.99406,5.24613,13.27413,54.39557,0.77708,37.51682
Laurel Kelley,a3fa5f45-c40a-44d8-ae81-6ac82f3fc9ef,09/06/2025,1757174473.0,Prep 9.6.25,201,840675a5-5771-463e-8edc-3bd2329f0ae0,21,1757172727.0,Forward,Rice WSOC,September,Saturday,1738.0,0.0,0.72222,1738.0,4.12031,131.47894,87.00343,80.97487,48.35754,62.07174,84.99499,4.66618,14.2517,64.69672,0.83715,40.12571
Isabelle Kent,6e66b652-d707-4f6a-86d3-61696dab1831,09/06/2025,1757174473.0,Prep 9.6.25,201,840675a5-5771-463e-8edc-3bd2329f0ae0,2,1757172727.0,Full Back,Rice WSOC,September,Saturday,1738.0,0.0,0.53817,1738.0,4.05909,82.74167,53.66892,53.0018,28.49641,39.52239,53.48314,3.39985,13.27868,64.20839,0.60343,29.90006
Lilly Reuscher,ad2c003d-9ca2-42b1-bc85-2440ab303b84,09/06/2025,1757174473.0,Prep 9.6.25,201,840675a5-5771-463e-8edc-3bd2329f0ae0,4,1757172727.0,Centre Back,Rice WSOC,September,Saturday,1738.0,0.0,0.50934,1738.0,3.11312,97.7673,66.75048,66.87851,36.91226,47.71949,60.2939,2.96693,14.25618,68.13756,0.59766,28.29815
Mariana Elizondo,c3d64405-eb5d-4fc0-a8df-06af8ad627bf,09/06/2025,1757174473.0,Prep 9.6.25,201,840675a5-5771-463e-8edc-3bd2329f0ae0,10,1757172727.0,Central Midfielder,Rice WSOC,September,Saturday,1738.0,0.0,0.87626,1738.0,4.43339,154.61048,98.76151,93.63441,62.64963,63.16769,102.66421,5.46376,14.42949,68.78699,0.99131,48.6838
Sam Walker,ce80f564-5fb7-4c34-8faf-d75015152871,09/06/2025,1757174473.0,Prep 9.6.25,201,840675a5-5771-463e-8edc-3bd2329f0ae0,30,1757172727.0,Goalkeeper,Rice WSOC,September,Saturday,1738.0,0.0,0.75521,1738.0,5.95965,119.76146,80.94826,80.1242,46.27305,56.20269,74.65685,3.90468,12.3302,71.1095,0.88711,41.95809
Dayo Tennyson,d0c5a2ec-d0d5-4ae1-bc9f-ae270bfc51e9,09/06/2025,1757174473.0,Prep 9.6.25,201,840675a5-5771-463e-8edc-3bd2329f0ae0,3,1757172727.0,Full Back,Rice WSOC,September,Saturday,1738.0,0.0,0.46159,1738.0,5.28774,104.78078,71.61748,78.50548,41.54089,48.4044,62.04153,3.32495,14.85336,97.31314,0.54322,25.64551
Chelsea Cross,d654a3c8-46fc-4466-b132-8b2ba7258344,09/06/2025,1757174473.0,Prep 9.6.25,201,840675a5-5771-463e-8edc-3bd2329f0ae0,24,1757172727.0,Central Midfielder,Rice WSOC,September,Saturday,1738.0,0.0,0.76377,1738.0,4.17717,137.19889,85.90497,75.67801,49.1316,59.75835,92.21033,7.05695,14.41357,64.67883,0.88825,42.43364
Olivia Duvall,d91f4f1a-979c-4c34-bb2f-a8b1f5176b9e,09/06/2025,1757174473.0,Prep 9.6.25,201,840675a5-5771-463e-8edc-3bd2329f0ae0,14,1757172727.0,Wide Midfielder,Rice WSOC,September,Saturday,1738.0,0.0,0.51394,1738.0,3.61589,92.15294,64.60577,65.42365,38.54977,43.49381,54.89702,4.09952,14.16248,73.09277,0.59192,28.55375
Camille Quarterman,e710b8f7-8542-490c-80f0-c110cb9ed839,09/06/2025,1757174473.0,Prep 9.6.25,201,840675a5-5771-463e-8edc-3bd2329f0ae0,33,1757172727.0,Wide Midfielder,Rice WSOC,September,Saturday,1738.0,0.0,0.52581,1738.0,4.21866,114.54539,77.74805,81.15229,47.23493,51.66256,70.57224,5.1009,15.89911,82.75707,0.6224,29.21313
Mia Brumlow,e9141800-8f9c-4a98-8265-2ae17f48913e,09/06/2025,1757174473.0,Prep 9.6.25,201,840675a5-5771-463e-8edc-3bd2329f0ae0,13,1757172727.0,Wide Midfielder,Rice WSOC,September,Saturday,1738.0,0.0,0.53333,1738.0,4.78341,115.85992,77.84668,66.12535,43.70923,55.28387,71.82452,3.45589,13.35404,73.07303,0.6419,29.63096
Jordyn Mariam,f7e75558-805b-459d-b944-ec8d5a5beeac,09/06/2025,1757174473.0,Prep 9.6.25,201,840675a5-5771-463e-8edc-3bd2329f0ae0,5,1757172727.0,Wide Midfielder,Rice WSOC,September,Saturday,1738.0,0.0,0.78153,1738.0,4.50798,143.12944,94.9442,80.95575,54.76186,65.6329,90.38919,5.5342,12.27118,60.94465,0.8974,43.42081
Sophie Zhang,713ce913-8f9b-41cb-b395-b08e3e69186f,09/06/2025,1757174473.0,Prep 9.6.25,201,840675a5-5771-463e-8edc-3bd2329f0ae0,9,1757172727.0,Forward,Rice WSOC,September,Saturday,1738.0,0.0,0.55002,1738.0,3.96315,116.26346,78.68846,80.68414,47.8049,52.10638,72.18129,3.60749,12.93664,79.18555,0.63354,30.5583
Jordyn Mariam,f7e75558-805b-459d-b944-ec8d5a5beeac,09/05/2025,1757104610.06,Organizational 9.5.25,201,865fe51f-264c-4288-a8af-283a2517cfaa,5,1757100117.21,Wide Midfielder,Rice WSOC,September,Friday,4290.54,0.0,3.08427,4290.54,4.2812,496.67215,319.74632,213.74543,187.64525,217.51782,323.46755,32.26762,14.71643,82.42679,3.47085,69.41296
Piper Biziorek,fb332127-6268-4995-a140-9076566dc702,09/05/2025,1757104610.06,Organizational 9.5.25,201,865fe51f-264c-4288-a8af-283a2517cfaa,15,1757100117.21,Central Midfielder,Rice WSOC,September,Friday,4290.54,0.0,3.82812,4290.54,4.64293,636.47395,409.30054,222.20875,221.69364,297.4635,420.36916,47.76155,15.75571,81.67899,4.32979,86.15374
Eileen Albers,943afa05-aaac-4426-ba0c-1ebef4e76cb7,09/05/2025,1757103826.51,Organizational 9.5.25,201,865fe51f-264c-4288-a8af-283a2517cfaa,12,1757100117.21,Forward,Rice WSOC,September,Friday,3538.75,0.0,1.97246,3538.75,3.69882,291.27349,165.01583,135.06724,101.77596,108.23311,211.07312,15.93483,14.28314,86.80315,2.16363,53.82172
Mia Brumlow,e9141800-8f9c-4a98-8265-2ae17f48913e,09/05/2025,1757104610.06,Organizational 9.5.25,201,865fe51f-264c-4288-a8af-283a2517cfaa,13,1757100117.21,Wide Midfielder,Rice WSOC,September,Friday,4290.54,0.0,3.00707,4290.54,4.19842,504.69354,308.85675,228.66674,190.37535,204.04606,345.9035,30.51356,14.42542,81.82923,3.32433,67.67554
Camille Quarterman,e710b8f7-8542-490c-80f0-c110cb9ed839,09/05/2025,1757104610.06,Organizational 9.5.25,201,865fe51f-264c-4288-a8af-283a2517cfaa,33,1757100117.21,Wide Midfielder,Rice WSOC,September,Friday,4290.54,0.0,2.80968,4290.54,5.08935,474.19286,295.87723,211.55751,177.23827,199.88391,316.60573,29.00485,15.67968,94.52581,3.20545,63.23322
Bailey Peek,1d2f6fbf-8215-4ae2-ae70-ed9d981fcd85,09/05/2025,1757104610.06,Organizational 9.5.25,201,865fe51f-264c-4288-a8af-283a2517cfaa,6,1757100117.21,Centre Back,Rice WSOC,September,Friday,4290.54,0.0,3.24348,4290.54,5.19766,509.578,332.64464,206.13797,183.53536,237.89055,327.13333,34.07801,15.3118,74.26454,3.58447,72.99599
Kenna Sanders,457dc155-bdf2-48cc-8a59-2f0b4ec42ae2,09/05/2025,1757104610.06,Organizational 9.5.25,201,865fe51f-264c-4288-a8af-283a2517cfaa,18,1757100117.21,Forward,Rice WSOC,September,Friday,4290.54,0.0,3.123,4290.54,3.80164,565.04441,367.06696,233.86334,207.41099,258.86708,364.19925,33.3308,13.95541,61.30992,3.40134,70.28457
Jessica Molina,49ee30cf-715d-49d2-bfd4-f208c806a5db,09/05/2025,1757104610.06,Organizational 9.5.25,201,865fe51f-264c-4288-a8af-283a2517cfaa,16,1757100117.21,Forward,Rice WSOC,September,Friday,4290.54,0.0,2.32981,4290.54,3.63737,357.96191,221.12416,168.92906,143.31769,137.03376,246.51364,19.41324,14.38338,89.74828,2.58104,52.43349
Naija Bruckner,59840313-0841-4a21-a5b5-b8b24cad01b8,09/05/2025,1757104610.06,Organizational 9.5.25,201,865fe51f-264c-4288-a8af-283a2517cfaa,28,1757100117.21,Central Midfielder,Rice WSOC,September,Friday,4290.54,0.0,2.56016,4290.54,4.31928,450.60124,268.1925,182.05023,164.33367,177.05242,318.6985,28.47492,15.70538,98.59706,2.91961,57.61771
Isabelle Kent,6e66b652-d707-4f6a-86d3-61696dab1831,09/05/2025,1757104610.06,Organizational 9.5.25,201,865fe51f-264c-4288-a8af-283a2517cfaa,2,1757100117.21,Full Back,Rice WSOC,September,Friday,4290.54,0.0,2.7151,4290.54,3.93019,443.95953,266.97855,198.97238,145.24047,193.5052,305.74807,29.89035,12.39504,67.9625,2.9486,61.10461
Sophie Zhang,713ce913-8f9b-41cb-b395-b08e3e69186f,09/05/2025,1757104610.06,Organizational 9.5.25,201,865fe51f-264c-4288-a8af-283a2517cfaa,9,1757100117.21,Forward,Rice WSOC,September,Friday,4290.54,0.0,2.46946,4290.54,4.82222,433.91385,273.6625,190.42421,167.2187,179.63426,292.03616,21.07779,13.3256,75.6662,2.78049,55.57636
Megan Sweeney,76ec7312-9b6e-4355-a747-4de0c8e2d8b9,09/05/2025,1757104610.06,Organizational 9.5.25,201,865fe51f-264c-4288-a8af-283a2517cfaa,0,1757100117.21,Goalkeeper,Rice WSOC,September,Friday,4290.54,0.0,1.87362,4290.54,5.23741,329.82419,217.14925,208.61936,140.08734,136.63519,210.82454,14.82994,14.03377,81.34448,2.09073,42.16674
Kenzie Solomon,80afc22c-7b44-4cca-83af-4b9370cf2987,09/05/2025,1757104610.06,Organizational 9.5.25,201,865fe51f-264c-4288-a8af-283a2517cfaa,1,1757100117.21,Goalkeeper,Rice WSOC,September,Friday,4290.54,0.0,2.10374,4290.54,5.90806,338.2739,223.36198,243.81365,128.31733,155.13167,216.51111,17.70642,13.00712,96.01631,2.32533,47.34565
Taylor Rish,81828efc-2855-4216-a0d1-6a7c9201d5a0,09/05/2025,1757104610.06,Organizational 9.5.25,201,865fe51f-264c-4288-a8af-283a2517cfaa,7,1757100117.21,Full Back,Rice WSOC,September,Friday,4290.54,0.0,2.9248,4290.54,5.92297,481.28404,300.13084,199.0525,185.0859,196.68394,326.58345,33.95902,15.78476,84.0834,3.28261,65.82401
Leah Chancey,85ed14d3-34f0-42fc-8477-c03064e998f4,09/05/2025,1757104610.06,Organizational 9.5.25,201,865fe51f-264c-4288-a8af-283a2517cfaa,23,1757100117.21,Forward,Rice WSOC,September,Friday,4290.54,0.0,2.38257,4290.54,4.45282,358.55326,219.03629,176.02007,128.73856,148.08143,244.13525,22.63964,14.09295,84.0696,2.62086,53.62079
Betty Velkova,8b0cb352-4da9-4349-b147-77a3736ea957,09/05/2025,1757104610.06,Organizational 9.5.25,201,865fe51f-264c-4288-a8af-283a2517cfaa,19,1757100117.21,Forward,Rice WSOC,September,Friday,4290.54,0.0,3.28263,4290.54,4.21991,569.25687,339.11908,212.2252,208.84449,220.39139,398.96721,37.91669,14.14413,74.13695,3.62258,73.87714
Jadyn Jaeger,8e9bb6cd-180e-47be-afa1-39abe9300b25,09/05/2025,1757104610.06,Organizational 9.5.25,201,865fe51f-264c-4288-a8af-283a2517cfaa,11,1757100117.21,Full Back,Rice WSOC,September,Friday,4290.54,0.0,3.51438,4290.54,3.72511,452.55019,271.13343,187.75994,176.81014,168.37457,320.52042,41.71179,14.13635,85.13326,3.86705,79.0927
Jules Johnston,931babc9-289c-47bf-970a-22d756ac9f5a,09/05/2025,1757104610.06,Organizational 9.5.25,201,865fe51f-264c-4288-a8af-283a2517cfaa,25,1757100117.21,Forward,Rice WSOC,September,Friday,4290.54,0.0,2.52656,4290.54,4.24756,402.00821,251.58526,179.28018,148.0943,170.47988,273.23183,23.95128,14.06949,71.61024,2.82869,56.86148
Allie Love,99ee597d-39b8-4fb7-9c63-0d052a15c0a8,09/05/2025,1757104610.06,Organizational 9.5.25,201,865fe51f-264c-4288-a8af-283a2517cfaa,17,1757100117.21,Central Midfielder,Rice WSOC,September,Friday,4290.54,0.0,3.63575,4290.54,4.53548,603.6791,375.85976,240.97878,214.79662,261.99286,407.90252,44.61466,15.06534,67.0308,4.08124,81.82435
Kirsten Ruf,9a8fba27-951b-4253-aac1-ae31800ac075,09/05/2025,1757104610.06,Organizational 9.5.25,201,865fe51f-264c-4288-a8af-283a2517cfaa,22,1757100117.21,Goalkeeper,Rice WSOC,September,Friday,4290.54,0.0,1.90827,4290.54,4.42131,331.9218,220.20076,207.53236,136.38979,144.04546,210.13859,15.08315,13.3278,77.99351,2.1267,42.94643
Lilly Reuscher,ad2c003d-9ca2-42b1-bc85-2440ab303b84,09/05/2025,1757104610.06,Organizational 9.5.25,201,865fe51f-264c-4288-a8af-283a2517cfaa,4,1757100117.21,Centre Back,Rice WSOC,September,Friday,4290.54,0.0,2.64344,4290.54,3.67378,441.52213,278.10679,198.72149,152.5315,199.43942,293.11091,24.51655,13.88108,87.68845,2.89511,59.49194
Lauren Pickup,ae01c819-c49a-41ef-aa65-20df1a8a40a9,09/05/2025,1757104610.06,Organizational 9.5.25,201,865fe51f-264c-4288-a8af-283a2517cfaa,8,1757100117.21,Full Back,Rice WSOC,September,Friday,4290.54,0.0,2.48441,4290.54,3.53419,386.53242,255.10025,181.83881,150.65093,173.89068,245.62806,22.30902,15.03381,90.09864,2.79003,55.91289
Mariana Elizondo,c3d64405-eb5d-4fc0-a8df-06af8ad627bf,09/05/2025,1757104610.06,Organizational 9.5.25,201,865fe51f-264c-4288-a8af-283a2517cfaa,10,1757100117.21,Central Midfielder,Rice WSOC,September,Friday,4290.53,0.0,3.40187,4290.54,4.05419,602.19804,372.07272,255.19883,237.10778,238.93067,411.30524,38.11839,14.63473,76.70403,3.70942,76.69673
Sam Walker,ce80f564-5fb7-4c34-8faf-d75015152871,09/05/2025,1757104610.06,Organizational 9.5.25,201,865fe51f-264c-4288-a8af-283a2517cfaa,30,1757100117.21,Goalkeeper,Rice WSOC,September,Friday,4290.54,0.0,1.82392,4290.54,6.15592,326.22818,219.80103,195.71591,124.46705,153.18213,203.36367,14.2036,15.46433,96.4034,2.06245,41.04828
Dayo Tennyson,d0c5a2ec-d0d5-4ae1-bc9f-ae270bfc51e9,09/05/2025,1757104610.06,Organizational 9.5.25,201,865fe51f-264c-4288-a8af-283a2517cfaa,3,1757100117.21,Full Back,Rice WSOC,September,Friday,4290.54,0.0,2.98292,4290.54,5.04254,590.5786,360.99704,274.72152,209.57946,246.4001,392.38868,29.32514,16.39217,99.82462,3.37336,67.13204
Chelsea Cross,d654a3c8-46fc-4466-b132-8b2ba7258344,09/05/2025,1757104610.06,Organizational 9.5.25,201,865fe51f-264c-4288-a8af-283a2517cfaa,24,1757100117.21,Central Midfielder,Rice WSOC,September,Friday,4290.54,0.0,3.2069,4290.54,5.49826,565.01453,362.07882,236.46604,231.98512,229.87169,374.40765,35.16372,13.60815,63.22351,3.5804,72.17291
Olivia Duvall,d91f4f1a-979c-4c34-bb2f-a8b1f5176b9e,09/05/2025,1757104610.06,Organizational 9.5.25,201,865fe51f-264c-4288-a8af-283a2517cfaa,14,1757100117.21,Wide Midfielder,Rice WSOC,September,Friday,4290.54,0.0,2.40511,4290.54,3.80996,334.62717,211.55453,171.20476,122.89861,145.71574,220.6845,26.1694,14.94695,94.63762,2.67402,54.12807
Jordyn Mariam,f7e75558-805b-459d-b944-ec8d5a5beeac,09/03/2025,1756902363.0,Threshold 9.3.25,201,1a6294ea-beda-433e-9ee4-8753a19657f3,5,1756898002.73,Wide Midfielder,Rice WSOC,September,Wednesday,4260.8,0.0,2.93956,4260.8,4.20219,498.72826,317.45869,231.18441,187.30834,216.47203,329.83262,30.73202,14.18296,83.01337,3.36496,66.6179
Piper Biziorek,fb332127-6268-4995-a140-9076566dc702,09/03/2025,1756902363.0,Threshold 9.3.25,201,1a6294ea-beda-433e-9ee4-8753a19657f3,15,1756898002.73,Central Midfielder,Rice WSOC,September,Wednesday,4260.79,0.0,2.80708,4260.8,4.48359,513.65492,329.45486,210.85553,175.63129,241.62753,338.98437,35.0057,14.34267,76.30737,3.25754,63.87667
Eileen Albers,943afa05-aaac-4426-ba0c-1ebef4e76cb7,09/03/2025,1756902363.0,Threshold 9.3.25,201,1a6294ea-beda-433e-9ee4-8753a19657f3,12,1756898002.73,Forward,Rice WSOC,September,Wednesday,4260.8,0.0,2.50378,4260.8,3.86172,414.83486,230.96248,169.3468,138.09336,156.86669,306.73631,24.18872,14.50515,82.25747,2.82842,56.74205
Mia Brumlow,e9141800-8f9c-4a98-8265-2ae17f48913e,09/03/2025,1756902363.0,Threshold 9.3.25,201,1a6294ea-beda-433e-9ee4-8753a19657f3,13,1756898002.73,Wide Midfielder,Rice WSOC,September,Wednesday,4260.8,0.0,2.37379,4260.8,6.08812,419.74694,260.39752,212.94976,158.28841,174.00751,287.43699,22.52187,15.15902,83.91343,2.68037,53.79618
Camille Quarterman,e710b8f7-8542-490c-80f0-c110cb9ed839,09/03/2025,1756902363.0,Threshold 9.3.25,201,1a6294ea-beda-433e-9ee4-8753a19657f3,33,1756898002.73,Wide Midfielder,Rice WSOC,September,Wednesday,4260.8,0.0,2.8092,4260.8,5.38198,453.81696,288.65223,220.72607,168.02642,200.21609,300.07091,27.28516,14.47356,99.27419,3.24596,63.66366
Chelsea Cross,d654a3c8-46fc-4466-b132-8b2ba7258344,09/03/2025,1756902363.0,Threshold 9.3.25,201,1a6294ea-beda-433e-9ee4-8753a19657f3,24,1756898002.73,Central Midfielder,Rice WSOC,September,Wednesday,4260.8,0.0,2.52179,4260.8,4.41768,417.51035,249.22794,205.03676,142.18982,173.7177,291.3379,23.71806,13.77897,71.48245,2.88981,57.15028
Dayo Tennyson,d0c5a2ec-d0d5-4ae1-bc9f-ae270bfc51e9,09/03/2025,1756902363.0,Threshold 9.3.25,201,1a6294ea-beda-433e-9ee4-8753a19657f3,3,1756898002.73,Full Back,Rice WSOC,September,Wednesday,4260.8,0.0,2.44329,4260.8,4.5598,499.06884,311.22311,282.97492,187.69433,203.76268,322.5227,22.05336,14.14509,94.05886,2.8137,55.37114
Sam Walker,ce80f564-5fb7-4c34-8faf-d75015152871,09/03/2025,1756902363.0,Threshold 9.3.25,201,1a6294ea-beda-433e-9ee4-8753a19657f3,30,1756898002.73,Goalkeeper,Rice WSOC,September,Wednesday,4260.8,0.0,2.08409,4260.8,6.36844,351.8345,239.57204,237.32109,137.31283,166.24261,215.98723,19.17014,14.63501,68.17809,2.34828,47.23081
Mariana Elizondo,c3d64405-eb5d-4fc0-a8df-06af8ad627bf,09/03/2025,1756902363.0,Threshold 9.3.25,201,1a6294ea-beda-433e-9ee4-8753a19657f3,10,1756898002.73,Central Midfielder,Rice WSOC,September,Wednesday,4260.8,0.0,2.76367,4260.8,4.39571,466.09251,284.27091,202.91818,174.95812,187.96675,323.09017,26.20316,14.05405,79.09052,3.10802,62.63186
Lauren Pickup,ae01c819-c49a-41ef-aa65-20df1a8a40a9,09/03/2025,1756902363.0,Threshold 9.3.25,201,1a6294ea-beda-433e-9ee4-8753a19657f3,8,1756898002.73,Full Back,Rice WSOC,September,Wednesday,4260.8,0.0,2.98485,4260.8,3.73807,455.64606,281.08888,203.41366,151.93737,202.88528,313.76407,34.6928,14.24633,78.65169,3.41024,67.64426
Lilly Reuscher,ad2c003d-9ca2-42b1-bc85-2440ab303b84,09/03/2025,1756902363.0,Threshold 9.3.25,201,1a6294ea-beda-433e-9ee4-8753a19657f3,4,1756898002.73,Centre Back,Rice WSOC,September,Wednesday,4260.8,0.0,2.3837,4260.8,3.36616,399.56715,252.2148,198.18118,137.30403,182.49808,264.85725,20.85259,14.48915,77.01116,2.69429,54.02082
Laurel Kelley,a3fa5f45-c40a-44d8-ae81-6ac82f3fc9ef,09/03/2025,1756902363.0,Threshold 9.3.25,201,1a6294ea-beda-433e-9ee4-8753a19657f3,21,1756898002.73,Forward,Rice WSOC,September,Wednesday,4260.8,0.0,2.71029,4260.8,5.32028,477.93845,307.79807,209.38784,178.83221,213.09869,317.07767,26.64131,13.87022,76.38779,3.1054,61.42207
Kirsten Ruf,9a8fba27-951b-4253-aac1-ae31800ac075,09/03/2025,1756902363.0,Threshold 9.3.25,201,1a6294ea-beda-433e-9ee4-8753a19657f3,22,1756898002.73,Goalkeeper,Rice WSOC,September,Wednesday,4260.8,0.0,1.62094,4260.8,3.97715,281.59697,185.32443,195.41234,111.76341,124.65571,180.08805,10.32073,12.71977,68.3811,1.82223,36.73457
Allie Love,99ee597d-39b8-4fb7-9c63-0d052a15c0a8,09/03/2025,1756902363.0,Threshold 9.3.25,201,1a6294ea-beda-433e-9ee4-8753a19657f3,17,1756898002.73,Central Midfielder,Rice WSOC,September,Wednesday,4260.8,0.0,2.9694,4260.8,3.98879,490.38867,306.30126,198.86644,174.52773,212.65011,328.3623,34.95594,14.30063,65.10183,3.31244,67.29419
Jules Johnston,931babc9-289c-47bf-970a-22d756ac9f5a,09/03/2025,1756902363.0,Threshold 9.3.25,201,1a6294ea-beda-433e-9ee4-8753a19657f3,25,1756898002.73,Forward,Rice WSOC,September,Wednesday,4260.8,0.0,2.6203,4260.8,4.40403,453.14352,296.91503,202.1674,165.56294,210.46301,295.64874,25.51248,14.56641,82.86642,2.98434,59.38282
Betty Velkova,8b0cb352-4da9-4349-b147-77a3736ea957,09/03/2025,1756902363.0,Threshold 9.3.25,201,1a6294ea-beda-433e-9ee4-8753a19657f3,19,1756898002.73,Forward,Rice WSOC,September,Wednesday,4260.8,0.0,2.86709,4260.8,4.23201,481.78058,294.65355,186.19761,182.1299,192.11654,333.65235,31.50696,14.47124,72.0246,3.26548,64.97567
Leah Chancey,85ed14d3-34f0-42fc-8477-c03064e998f4,09/03/2025,1756902363.0,Threshold 9.3.25,201,1a6294ea-beda-433e-9ee4-8753a19657f3,23,1756898002.73,Forward,Rice WSOC,September,Wednesday,4260.8,0.0,2.57368,4260.8,4.24668,449.14533,285.65253,208.71532,174.96636,188.38542,300.92371,23.85119,12.98764,65.09247,2.88056,58.32619
Taylor Rish,81828efc-2855-4216-a0d1-6a7c9201d5a0,09/03/2025,1756902363.0,Threshold 9.3.25,201,1a6294ea-beda-433e-9ee4-8753a19657f3,7,1756898002.73,Full Back,Rice WSOC,September,Wednesday,4260.8,0.0,3.04103,4260.8,3.97324,407.47498,238.20037,184.26147,141.10985,161.24471,292.53166,32.60426,14.32995,84.94474,3.49639,68.91756
Kenzie Solomon,80afc22c-7b44-4cca-83af-4b9370cf2987,09/03/2025,1756902363.0,Threshold 9.3.25,201,1a6294ea-beda-433e-9ee4-8753a19657f3,1,1756898002.73,Goalkeeper,Rice WSOC,September,Wednesday,4260.8,0.0,2.06239,4260.8,5.59232,322.86088,211.62179,244.39962,124.43589,144.44954,207.49972,13.36374,11.91473,78.90268,2.26887,46.73904
Megan Sweeney,76ec7312-9b6e-4355-a747-4de0c8e2d8b9,09/03/2025,1756902363.0,Threshold 9.3.25,201,1a6294ea-beda-433e-9ee4-8753a19657f3,0,1756898002.73,Goalkeeper,Rice WSOC,September,Wednesday,4260.8,0.0,2.09584,4260.8,4.89512,335.08294,215.75926,228.0817,137.68534,137.47574,219.98097,18.57809,12.94061,57.45856,2.30344,47.49714
Sophie Zhang,713ce913-8f9b-41cb-b395-b08e3e69186f,09/03/2025,1756902363.0,Threshold 9.3.25,201,1a6294ea-beda-433e-9ee4-8753a19657f3,9,1756898002.73,Forward,Rice WSOC,September,Wednesday,4260.8,0.0,2.78346,4260.8,4.12395,511.044,314.06576,247.18706,184.7771,213.30633,350.70068,27.27674,14.22012,69.03371,3.20679,63.08025
Isabelle Kent,6e66b652-d707-4f6a-86d3-61696dab1831,09/03/2025,1756902363.0,Threshold 9.3.25,201,1a6294ea-beda-433e-9ee4-8753a19657f3,2,1756898002.73,Full Back,Rice WSOC,September,Wednesday,4260.8,0.0,2.47583,4260.8,5.22666,381.86817,232.11078,181.1511,125.13627,168.72408,261.57287,24.1413,12.31615,63.90715,2.75257,56.10861
Carsyn Martz,5ec6f0de-aa33-44a6-9b7e-676076c27478,09/03/2025,1756902363.0,Threshold 9.3.25,201,1a6294ea-beda-433e-9ee4-8753a19657f3,20,1756898002.73,Centre Back,Rice WSOC,September,Wednesday,4260.8,0.0,2.70991,4260.8,4.04815,423.88363,270.86807,214.31647,169.80821,173.86013,281.34959,26.97449,13.47002,75.64329,3.06544,61.41343
Naija Bruckner,59840313-0841-4a21-a5b5-b8b24cad01b8,09/03/2025,1756902363.0,Threshold 9.3.25,201,1a6294ea-beda-433e-9ee4-8753a19657f3,28,1756898002.73,Central Midfielder,Rice WSOC,September,Wednesday,4260.79,0.0,2.76255,4260.8,5.39526,523.98394,315.21207,210.47307,187.30392,212.9946,366.79166,30.61256,14.91666,73.73984,3.12355,62.74515
Jessica Molina,49ee30cf-715d-49d2-bfd4-f208c806a5db,09/03/2025,1756902363.0,Threshold 9.3.25,201,1a6294ea-beda-433e-9ee4-8753a19657f3,16,1756898002.73,Forward,Rice WSOC,September,Wednesday,4260.8,0.0,2.49809,4260.8,3.20755,385.25259,239.44902,183.90261,144.86586,158.9747,263.31709,27.16042,14.50647,83.5687,2.80468,56.61302
Bailey Peek,1d2f6fbf-8215-4ae2-ae70-ed9d981fcd85,09/03/2025,1756902363.0,Threshold 9.3.25,201,1a6294ea-beda-433e-9ee4-8753a19657f3,6,1756898002.73,Centre Back,Rice WSOC,September,Wednesday,4260.8,0.0,2.67368,4260.8,4.55968,434.51025,276.68923,215.24753,152.98852,198.69662,284.87174,26.99076,15.14544,72.61989,3.0067,60.59233
Olivia Duvall,d91f4f1a-979c-4c34-bb2f-a8b1f5176b9e,09/03/2025,1756902363.0,Threshold 9.3.25,201,1a6294ea-beda-433e-9ee4-8753a19657f3,14,1756898002.73,Wide Midfielder,Rice WSOC,September,Wednesday,4260.8,0.0,2.50945,4260.8,3.6469,369.14634,238.82524,191.4086,144.77478,160.23368,241.47943,22.9215,13.6472,92.9807,2.85646,56.87065
Kenna Sanders,457dc155-bdf2-48cc-8a59-2f0b4ec42ae2,09/03/2025,1756902363.0,Threshold 9.3.25,201,1a6294ea-beda-433e-9ee4-8753a19657f3,18,1756898002.73,Forward,Rice WSOC,September,Wednesday,4260.8,0.0,2.36795,4260.8,4.54723,420.02359,277.45036,217.43349,155.84816,196.11311,267.96544,27.64514,13.52131,62.31646,2.62498,53.66384
Olivia Duvall,d91f4f1a-979c-4c34-bb2f-a8b1f5176b9e,09/02/2025,1756848431.0,Organizational 9.2.25,201,5b205e24-5933-4dec-afc2-3b5533cbded1,14,1756843784.0,Wide Midfielder,Rice WSOC,September,Tuesday,4600.98,0.0,3.20195,4601.0,4.31601,442.97578,294.4392,217.61339,178.05035,198.02792,283.38762,34.85857,17.71956,103.58284,3.60792,68.20101
Chelsea Cross,d654a3c8-46fc-4466-b132-8b2ba7258344,09/02/2025,1756849496.54,Organizational 9.2.25,201,5b205e24-5933-4dec-afc2-3b5533cbded1,24,1756843784.0,Central Midfielder,Rice WSOC,September,Tuesday,5046.8,0.0,4.12459,5046.82,4.92262,778.90279,501.30571,271.96372,322.34525,317.2195,515.80999,51.84248,15.86056,72.25283,4.64123,79.20765
Bailey Peek,1d2f6fbf-8215-4ae2-ae70-ed9d981fcd85,09/02/2025,1756847061.0,Organizational 9.2.25,201,5b205e24-5933-4dec-afc2-3b5533cbded1,6,1756843784.0,Centre Back,Rice WSOC,September,Tuesday,3242.98,0.0,1.79001,3243.0,4.40397,286.76145,172.72697,119.55187,95.78677,122.5933,200.47522,17.67479,16.4708,82.24462,2.00817,53.96007
Kenna Sanders,457dc155-bdf2-48cc-8a59-2f0b4ec42ae2,09/02/2025,1756849496.54,Organizational 9.2.25,201,5b205e24-5933-4dec-afc2-3b5533cbded1,18,1756843784.0,Forward,Rice WSOC,September,Tuesday,5046.8,0.0,4.06456,5046.82,4.53388,808.60583,519.75264,316.72739,298.86093,359.23941,524.62983,49.93917,14.83897,61.74294,4.48233,80.43008
Jessica Molina,49ee30cf-715d-49d2-bfd4-f208c806a5db,09/02/2025,1756849496.54,Organizational 9.2.25,201,5b205e24-5933-4dec-afc2-3b5533cbded1,16,1756843784.0,Forward,Rice WSOC,September,Tuesday,5046.8,0.0,3.08543,5046.82,3.83016,503.94223,311.05698,213.31008,197.62385,196.52264,346.4369,34.2332,17.02577,83.94954,3.39061,59.36863
Naija Bruckner,59840313-0841-4a21-a5b5-b8b24cad01b8,09/02/2025,1756848431.0,Organizational 9.2.25,201,5b205e24-5933-4dec-afc2-3b5533cbded1,28,1756843784.0,Central Midfielder,Rice WSOC,September,Tuesday,4600.98,0.0,3.40254,4601.0,5.21287,637.33359,369.32516,248.82243,218.72477,251.36703,458.13925,36.68934,18.56867,100.37122,3.91476,71.90734
Carsyn Martz,5ec6f0de-aa33-44a6-9b7e-676076c27478,09/02/2025,1756848431.0,Organizational 9.2.25,201,5b205e24-5933-4dec-afc2-3b5533cbded1,20,1756843784.0,Centre Back,Rice WSOC,September,Tuesday,4600.98,0.0,3.00587,4601.0,5.66698,488.9948,302.65238,245.52959,183.64608,201.42261,330.90083,29.40803,17.39002,91.82217,3.36832,63.70421
Isabelle Kent,6e66b652-d707-4f6a-86d3-61696dab1831,09/02/2025,1756849496.54,Organizational 9.2.25,201,5b205e24-5933-4dec-afc2-3b5533cbded1,2,1756843784.0,Full Back,Rice WSOC,September,Tuesday,5046.81,0.0,3.92904,5046.82,4.0452,648.58916,410.09173,283.89821,251.23404,271.29739,425.5523,47.18609,15.70033,74.73412,4.29949,75.46762
Sophie Zhang,713ce913-8f9b-41cb-b395-b08e3e69186f,09/02/2025,1756849496.54,Organizational 9.2.25,201,5b205e24-5933-4dec-afc2-3b5533cbded1,9,1756843784.0,Forward,Rice WSOC,September,Tuesday,5046.81,0.0,3.85371,5046.82,5.07566,750.37449,473.09756,282.54599,274.31103,323.94454,505.58515,46.5401,16.61539,88.49621,4.28492,74.45009
Megan Sweeney,76ec7312-9b6e-4355-a747-4de0c8e2d8b9,09/02/2025,1756849496.54,Organizational 9.2.25,201,5b205e24-5933-4dec-afc2-3b5533cbded1,0,1756843784.0,Goalkeeper,Rice WSOC,September,Tuesday,5021.8,0.0,2.65245,5021.82,6.87359,459.90192,295.80719,258.87555,186.79529,190.73801,302.92686,30.71747,15.93965,85.02524,2.89778,51.49919
Kenzie Solomon,80afc22c-7b44-4cca-83af-4b9370cf2987,09/02/2025,1756848431.0,Organizational 9.2.25,201,5b205e24-5933-4dec-afc2-3b5533cbded1,1,1756843784.0,Goalkeeper,Rice WSOC,September,Tuesday,4575.99,0.0,2.26713,4576.0,6.11683,366.51047,234.64485,265.28394,139.47529,158.25201,241.77031,18.32685,16.32594,83.74076,2.4869,48.32743
Taylor Rish,81828efc-2855-4216-a0d1-6a7c9201d5a0,09/02/2025,1756848431.0,Organizational 9.2.25,201,5b205e24-5933-4dec-afc2-3b5533cbded1,7,1756843784.0,Full Back,Rice WSOC,September,Tuesday,4600.98,0.0,2.92022,4601.0,6.10616,511.09903,319.59466,231.76671,194.78241,212.03608,346.97492,30.85775,16.97479,89.9613,3.28812,61.81698
Leah Chancey,85ed14d3-34f0-42fc-8477-c03064e998f4,09/02/2025,1756848431.0,Organizational 9.2.25,201,5b205e24-5933-4dec-afc2-3b5533cbded1,23,1756843784.0,Forward,Rice WSOC,September,Tuesday,4600.99,0.0,2.62194,4601.0,3.94929,414.0154,247.33112,200.65356,142.09541,170.32843,287.98069,26.52596,15.9859,75.50695,2.91027,55.25822
Betty Velkova,8b0cb352-4da9-4349-b147-77a3736ea957,09/02/2025,1756849496.54,Organizational 9.2.25,201,5b205e24-5933-4dec-afc2-3b5533cbded1,19,1756843784.0,Forward,Rice WSOC,September,Tuesday,5046.81,0.0,3.39869,5046.82,4.94914,632.1672,391.94934,223.5338,247.27601,246.47647,431.77227,45.51857,16.97956,76.89396,3.77028,65.26124
Jadyn Jaeger,8e9bb6cd-180e-47be-afa1-39abe9300b25,09/02/2025,1756861842.0,Organizational 9.2.25,201,5b205e24-5933-4dec-afc2-3b5533cbded1,11,1756843804.0,Full Back,Rice WSOC,September,Tuesday,18037.98,0.0,4.06667,18038.0,5.9943,1552.81433,1131.02733,1252.63557,747.51914,682.22758,866.6522,149.01283,17.34075,90.31207,4.53461,21.81203
Jules Johnston,931babc9-289c-47bf-970a-22d756ac9f5a,09/02/2025,1756848431.0,Organizational 9.2.25,201,5b205e24-5933-4dec-afc2-3b5533cbded1,25,1756843784.0,Forward,Rice WSOC,September,Tuesday,4600.98,0.0,2.58995,4601.0,4.49313,465.98225,305.5674,226.25782,186.33878,201.18643,300.45861,25.29056,17.03099,85.04241,2.92243,54.79076
Eileen Albers,943afa05-aaac-4426-ba0c-1ebef4e76cb7,09/02/2025,1756848431.0,Organizational 9.2.25,201,5b205e24-5933-4dec-afc2-3b5533cbded1,12,1756843784.0,Forward,Rice WSOC,September,Tuesday,4600.99,0.0,2.57559,4601.0,4.7803,395.08573,225.22655,187.15226,139.29323,147.3395,285.66686,24.45682,17.28195,94.2672,2.88091,54.40449
Allie Love,99ee597d-39b8-4fb7-9c63-0d052a15c0a8,09/02/2025,1756848431.0,Organizational 9.2.25,201,5b205e24-5933-4dec-afc2-3b5533cbded1,17,1756843784.0,Central Midfielder,Rice WSOC,September,Tuesday,4600.98,0.0,3.82033,4601.0,4.64031,636.45338,408.78824,245.33207,242.96099,275.02165,417.96788,46.70641,15.33155,74.17627,4.26809,80.86745
Kirsten Ruf,9a8fba27-951b-4253-aac1-ae31800ac075,09/02/2025,1756848431.0,Organizational 9.2.25,201,5b205e24-5933-4dec-afc2-3b5533cbded1,22,1756843784.0,Goalkeeper,Rice WSOC,September,Tuesday,4575.99,0.0,1.98485,4576.0,5.5564,350.01147,225.06941,242.285,136.13678,150.7088,229.73522,12.50834,16.80008,85.41512,2.23953,42.12396
Laurel Kelley,a3fa5f45-c40a-44d8-ae81-6ac82f3fc9ef,09/02/2025,1756849496.54,Organizational 9.2.25,201,5b205e24-5933-4dec-afc2-3b5533cbded1,21,1756843784.0,Forward,Rice WSOC,September,Tuesday,5046.8,0.0,4.00366,5046.82,4.77858,701.19855,440.22075,286.71085,256.45277,304.33965,474.23003,50.9451,16.44104,85.62704,4.39577,77.1277
Lilly Reuscher,ad2c003d-9ca2-42b1-bc85-2440ab303b84,09/02/2025,1756848431.0,Organizational 9.2.25,201,5b205e24-5933-4dec-afc2-3b5533cbded1,4,1756843784.0,Centre Back,Rice WSOC,September,Tuesday,4600.99,0.0,2.88933,4601.0,4.04049,492.44148,305.5197,219.89683,165.16378,220.81317,333.94153,28.3961,17.40365,84.54424,3.27069,61.01847
Lauren Pickup,ae01c819-c49a-41ef-aa65-20df1a8a40a9,09/02/2025,1756848431.0,Organizational 9.2.25,201,5b205e24-5933-4dec-afc2-3b5533cbded1,8,1756843784.0,Full Back,Rice WSOC,September,Tuesday,4600.99,0.0,3.55438,4601.0,3.82843,603.91598,392.6773,263.8926,223.90041,273.45626,390.4806,42.33762,16.93299,82.35742,4.05692,75.02124
Sam Walker,ce80f564-5fb7-4c34-8faf-d75015152871,09/02/2025,1756849496.54,Organizational 9.2.25,201,5b205e24-5933-4dec-afc2-3b5533cbded1,30,1756843784.0,Goalkeeper,Rice WSOC,September,Tuesday,5021.81,0.0,2.69746,5021.82,5.91007,460.64555,306.76807,240.16685,175.48973,212.19829,292.18748,28.69102,16.83139,88.7718,3.02172,52.36885
Dayo Tennyson,d0c5a2ec-d0d5-4ae1-bc9f-ae270bfc51e9,09/02/2025,1756848431.0,Organizational 9.2.25,201,5b205e24-5933-4dec-afc2-3b5533cbded1,3,1756843784.0,Full Back,Rice WSOC,September,Tuesday,4600.99,0.0,3.20698,4601.0,6.19422,730.58309,468.62707,374.53692,286.81466,303.8056,462.95269,32.45872,19.26459,100.31184,3.61746,67.57231
Piper Biziorek,fb332127-6268-4995-a140-9076566dc702,09/02/2025,1756848431.0,Organizational 9.2.25,201,5b205e24-5933-4dec-afc2-3b5533cbded1,15,1756843784.0,Central Midfielder,Rice WSOC,September,Tuesday,4600.98,0.0,3.97751,4601.0,4.39306,720.01195,481.59416,295.33723,283.23814,328.45511,456.61744,44.72513,17.50252,97.22881,4.59918,84.94709
Jordyn Mariam,f7e75558-805b-459d-b944-ec8d5a5beeac,09/02/2025,1756849496.54,Organizational 9.2.25,201,5b205e24-5933-4dec-afc2-3b5533cbded1,5,1756843784.0,Wide Midfielder,Rice WSOC,September,Tuesday,5046.81,0.0,3.9284,5046.82,5.40994,705.92462,459.07905,245.65242,256.46496,325.24517,449.38645,46.32905,16.75163,87.2541,4.39636,75.55296
Mia Brumlow,e9141800-8f9c-4a98-8265-2ae17f48913e,09/02/2025,1756849496.54,Organizational 9.2.25,201,5b205e24-5933-4dec-afc2-3b5533cbded1,13,1756843784.0,Wide Midfielder,Rice WSOC,September,Tuesday,5046.81,0.0,3.77214,5046.82,4.34919,685.17662,59.75287,-7.99072,39.9404,36.63195,75.14794,46.64963,17.14272,90.98909,4.18644,72.54768
Camille Quarterman,e710b8f7-8542-490c-80f0-c110cb9ed839,09/02/2025,1756848431.0,Organizational 9.2.25,201,5b205e24-5933-4dec-afc2-3b5533cbded1,33,1756847073.0,Wide Midfielder,Rice WSOC,September,Tuesday,1357.98,0.0,0.97085,1358.0,4.38923,173.29578,110.90149,86.78785,66.51616,74.78041,113.46537,8.41225,12.76692,75.91325,1.13291,70.40124
Leah Chancey,85ed14d3-34f0-42fc-8477-c03064e998f4,08/31/2025,1756670959.0,@ ULL 8.31.25,201,faa48e67-283e-44ea-a97d-201bd44310cd,23,1756663452.0,Forward,Rice WSOC,August,Sunday,4178.04,2247.96,4.18676,4178.04,5.79092,619.59027,365.86361,219.88783,214.26862,247.23817,434.10931,48.56736,14.97599,68.97073,4.57389,96.76219
Lauren Pickup,ae01c819-c49a-41ef-aa65-20df1a8a40a9,08/31/2025,1756670959.0,@ ULL 8.31.25,201,faa48e67-283e-44ea-a97d-201bd44310cd,8,1756663452.0,Full Back,Rice WSOC,August,Sunday,4364.0,2062.0,4.74729,4364.0,3.92903,777.367,480.61633,224.22902,267.9212,342.24732,531.16321,68.12243,14.3273,78.16615,5.35386,105.04145
Jessica Molina,49ee30cf-715d-49d2-bfd4-f208c806a5db,08/31/2025,1756670959.0,@ ULL 8.31.25,201,faa48e67-283e-44ea-a97d-201bd44310cd,16,1756663452.0,Forward,Rice WSOC,August,Sunday,1900.83,4525.17,1.2821,1900.83,4.47883,200.30029,123.15947,78.30827,77.01498,79.60518,139.26097,14.16881,14.8521,69.61252,1.4498,65.1296
Carsyn Martz,5ec6f0de-aa33-44a6-9b7e-676076c27478,08/31/2025,1756670959.0,@ ULL 8.31.25,201,faa48e67-283e-44ea-a97d-201bd44310cd,20,1756663452.0,Centre Back,Rice WSOC,August,Sunday,5843.34,582.66,4.99456,5843.34,4.86909,714.54297,421.53784,267.61316,250.70274,286.03105,506.21663,56.88121,16.67675,77.94522,5.52957,82.53457
Taylor Rish,81828efc-2855-4216-a0d1-6a7c9201d5a0,08/31/2025,1756670959.0,@ ULL 8.31.25,201,faa48e67-283e-44ea-a97d-201bd44310cd,7,1756663452.0,Full Back,Rice WSOC,August,Sunday,3165.36,3260.64,2.964,3165.36,10.06135,574.31128,336.89882,154.62256,208.30739,220.86662,403.55704,47.37171,15.73369,77.35884,3.38247,90.4181
Jadyn Jaeger,8e9bb6cd-180e-47be-afa1-39abe9300b25,08/31/2025,1756670959.0,@ ULL 8.31.25,201,faa48e67-283e-44ea-a97d-201bd44310cd,11,1756663452.0,Full Back,Rice WSOC,August,Sunday,4358.12,2067.88,4.79346,4358.12,4.77233,678.15073,442.3127,226.27003,287.38126,275.85364,435.80705,62.85482,14.80192,67.47287,5.30066,106.20615
Jules Johnston,931babc9-289c-47bf-970a-22d756ac9f5a,08/31/2025,1756670959.0,@ ULL 8.31.25,201,faa48e67-283e-44ea-a97d-201bd44310cd,25,1756663452.0,Forward,Rice WSOC,August,Sunday,2570.29,3855.71,2.17755,2570.29,7.48635,374.95203,243.91512,135.22816,137.66644,171.96454,246.6174,26.42336,15.92372,71.36594,2.49257,81.80633
Eileen Albers,943afa05-aaac-4426-ba0c-1ebef4e76cb7,08/31/2025,1756670959.0,@ ULL 8.31.25,201,faa48e67-283e-44ea-a97d-201bd44310cd,12,1756663452.0,Forward,Rice WSOC,August,Sunday,4227.63,2198.37,3.93751,4227.63,4.9707,622.18564,349.16458,200.82053,205.47676,239.52132,457.35146,39.54147,16.76569,99.47079,4.38249,89.93414
Allie Love,99ee597d-39b8-4fb7-9c63-0d052a15c0a8,08/31/2025,1756670959.0,@ ULL 8.31.25,201,faa48e67-283e-44ea-a97d-201bd44310cd,17,1756663452.0,Central Midfielder,Rice WSOC,August,Sunday,3021.78,3404.22,3.50594,3021.78,5.00736,596.55118,373.57077,151.28664,231.24919,242.94682,404.28137,56.35609,15.58982,77.12702,3.90742,112.032
Kirsten Ruf,9a8fba27-951b-4253-aac1-ae31800ac075,08/31/2025,1756670959.0,@ ULL 8.31.25,201,faa48e67-283e-44ea-a97d-201bd44310cd,22,1756663452.0,Goalkeeper,Rice WSOC,August,Sunday,6426.0,0.0,3.24235,6426.0,4.71863,446.24094,279.63466,284.72231,170.62561,185.33098,300.4054,20.60879,13.19314,96.6124,3.5179,48.7213
Laurel Kelley,a3fa5f45-c40a-44d8-ae81-6ac82f3fc9ef,08/31/2025,1756666701.0,@ ULL 8.31.25,201,faa48e67-283e-44ea-a97d-201bd44310cd,21,1756663452.0,Forward,Rice WSOC,August,Sunday,1326.5,1922.5,1.05497,1326.5,4.65093,178.81812,115.2529,72.11955,66.58958,80.59644,118.61269,15.06959,15.64775,72.69041,1.20304,76.79507
Lilly Reuscher,ad2c003d-9ca2-42b1-bc85-2440ab303b84,08/31/2025,1756670959.0,@ ULL 8.31.25,201,faa48e67-283e-44ea-a97d-201bd44310cd,4,1756663452.0,Centre Back,Rice WSOC,August,Sunday,6426.0,0.0,5.10418,6426.0,5.16659,808.54248,501.27644,304.34776,284.92481,348.96191,552.23755,51.61023,15.77898,78.29603,5.51917,76.6983
Naija Bruckner,59840313-0841-4a21-a5b5-b8b24cad01b8,08/31/2025,1756670959.0,@ ULL 8.31.25,201,faa48e67-283e-44ea-a97d-201bd44310cd,28,1756663452.0,Central Midfielder,Rice WSOC,August,Sunday,5003.45,1422.55,4.7049,5003.45,7.47582,775.66339,454.63907,241.02031,278.56891,299.83633,551.47731,61.69011,16.42738,85.83474,5.22548,90.79894
Mariana Elizondo,c3d64405-eb5d-4fc0-a8df-06af8ad627bf,08/31/2025,1756670959.0,@ ULL 8.31.25,201,faa48e67-283e-44ea-a97d-201bd44310cd,10,1756663452.0,Central Midfielder,Rice WSOC,August,Sunday,5330.98,1095.02,5.69623,5330.98,5.20363,965.5076,594.42734,298.31778,377.08559,381.73574,667.32547,70.85544,14.63964,69.52064,6.21362,103.17652
Dayo Tennyson,d0c5a2ec-d0d5-4ae1-bc9f-ae270bfc51e9,08/31/2025,1756670959.0,@ ULL 8.31.25,201,faa48e67-283e-44ea-a97d-201bd44310cd,3,1756663452.0,Full Back,Rice WSOC,August,Sunday,5359.85,1066.15,4.60984,5359.85,5.92271,935.9931,602.16768,357.13333,374.31196,390.6781,596.44675,52.13352,17.32543,105.86967,5.24953,83.04889
Chelsea Cross,d654a3c8-46fc-4466-b132-8b2ba7258344,08/31/2025,1756666701.0,@ ULL 8.31.25,201,faa48e67-283e-44ea-a97d-201bd44310cd,24,1756663452.0,Central Midfielder,Rice WSOC,August,Sunday,1392.55,1856.45,1.44177,1392.55,4.51141,264.24933,151.48405,71.97113,93.18632,99.08698,190.12852,23.05184,14.47679,64.92078,1.66082,99.97334
Olivia Duvall,d91f4f1a-979c-4c34-bb2f-a8b1f5176b9e,08/31/2025,1756670959.0,@ ULL 8.31.25,201,faa48e67-283e-44ea-a97d-201bd44310cd,14,1756663452.0,Wide Midfielder,Rice WSOC,August,Sunday,4054.08,2371.92,4.33798,4054.08,4.44337,646.14099,409.86507,196.4397,248.58503,273.62606,430.20309,56.837,16.92526,104.61425,4.86688,103.32262
Camille Quarterman,e710b8f7-8542-490c-80f0-c110cb9ed839,08/31/2025,1756670959.0,@ ULL 8.31.25,201,faa48e67-283e-44ea-a97d-201bd44310cd,33,1756663452.0,Wide Midfielder,Rice WSOC,August,Sunday,3103.36,3322.64,2.84601,3103.36,5.58912,505.07047,306.60921,178.24631,172.56855,218.01196,342.17235,37.97608,15.69515,77.68682,3.19783,88.55331
Piper Biziorek,fb332127-6268-4995-a140-9076566dc702,08/31/2025,1756670959.0,@ ULL 8.31.25,201,faa48e67-283e-44ea-a97d-201bd44310cd,15,1756663452.0,Central Midfielder,Rice WSOC,August,Sunday,3704.3,2721.7,4.48058,3704.3,5.67214,860.78754,585.35559,212.73914,324.47502,422.79362,533.07027,64.9106,14.60807,84.14947,5.12348,116.79613
Bailey Peek,1d2f6fbf-8215-4ae2-ae70-ed9d981fcd85,08/31/2025,1756648405.0,BP Low min,201,f36ebec4-688e-47d0-8f32-99fed9b71105,6,1756646501.0,Centre Back,Rice WSOC,August,Sunday,1903.98,0.0,2.06149,1904.0,2.19326,285.09247,260.88521,62.62702,140.33771,190.55138,84.96654,34.20589,11.62437,109.61295,2.25963,105.43389
Bailey Peek,1d2f6fbf-8215-4ae2-ae70-ed9d981fcd85,08/30/2025,1756570667.0,Prep 8.30.25,201,ff0d7051-445b-44c8-a639-8d974e2f4868,6,1756567303.0,Centre Back,Rice WSOC,August,Saturday,3363.98,0.0,1.38096,3364.0,4.47918,240.93987,160.49363,145.19389,92.4198,111.16329,150.46962,10.87519,14.39475,64.03273,1.57688,39.80853
Sophie Zhang,713ce913-8f9b-41cb-b395-b08e3e69186f,08/30/2025,1756570404.0,Prep 8.30.25,201,ff0d7051-445b-44c8-a639-8d974e2f4868,9,1756567429.05,Forward,Rice WSOC,August,Saturday,2815.44,0.0,1.21156,2815.44,4.61212,248.43949,155.96091,143.97873,92.82436,105.08936,167.99103,10.424,12.7968,74.44979,1.41341,41.55281
Kenna Sanders,457dc155-bdf2-48cc-8a59-2f0b4ec42ae2,08/30/2025,1756570404.0,Prep 8.30.25,201,ff0d7051-445b-44c8-a639-8d974e2f4868,18,1756567429.05,Forward,Rice WSOC,August,Saturday,2815.44,0.0,1.24775,2815.44,3.84829,239.07278,153.14645,146.55086,80.48697,113.73276,157.86177,8.77751,11.60073,55.36625,1.40463,42.79371
Jessica Molina,49ee30cf-715d-49d2-bfd4-f208c806a5db,08/30/2025,1756570404.0,Prep 8.30.25,201,ff0d7051-445b-44c8-a639-8d974e2f4868,16,1756567429.05,Forward,Rice WSOC,August,Saturday,2815.44,0.0,1.33461,2815.44,3.41947,196.72263,116.39021,116.35593,69.53589,77.64385,140.52346,11.00193,13.9354,70.70056,1.48634,45.77304
Isabelle Kent,6e66b652-d707-4f6a-86d3-61696dab1831,08/30/2025,1756570404.0,Prep 8.30.25,201,ff0d7051-445b-44c8-a639-8d974e2f4868,2,1756567429.05,Full Back,Rice WSOC,August,Saturday,2815.44,0.0,1.02808,2815.44,3.18311,177.90248,112.09765,117.74326,60.67323,81.28045,117.96312,9.02346,12.20921,66.30646,1.15146,35.25987
Carsyn Martz,5ec6f0de-aa33-44a6-9b7e-676076c27478,08/30/2025,1756570404.0,Prep 8.30.25,201,ff0d7051-445b-44c8-a639-8d974e2f4868,20,1756567429.05,Centre Back,Rice WSOC,August,Saturday,2815.44,0.0,1.31048,2815.44,4.00384,233.39229,142.87636,149.11935,86.94519,94.40512,159.32634,10.03353,11.8526,58.84637,1.46813,44.94514
Jules Johnston,931babc9-289c-47bf-970a-22d756ac9f5a,08/30/2025,1756570404.0,Prep 8.30.25,201,ff0d7051-445b-44c8-a639-8d974e2f4868,25,1756567429.05,Forward,Rice WSOC,August,Saturday,2815.44,0.0,1.32686,2815.44,4.48972,245.90878,158.84835,145.0692,96.63225,104.41876,160.35728,9.39224,13.65011,64.41492,1.50227,45.50723
Jadyn Jaeger,8e9bb6cd-180e-47be-afa1-39abe9300b25,08/30/2025,1756570404.0,Prep 8.30.25,201,ff0d7051-445b-44c8-a639-8d974e2f4868,11,1756567429.05,Full Back,Rice WSOC,August,Saturday,2815.44,0.0,1.46624,2815.44,3.05698,209.25084,130.05759,128.5565,84.67129,81.20297,143.84328,10.95334,14.03436,72.04122,1.68812,50.2873
Mia Brumlow,e9141800-8f9c-4a98-8265-2ae17f48913e,08/30/2025,1756570404.0,Prep 8.30.25,201,ff0d7051-445b-44c8-a639-8d974e2f4868,13,1756567429.05,Wide Midfielder,Rice WSOC,August,Saturday,2815.44,0.0,1.16812,2815.44,4.00622,221.69234,139.48868,132.8878,83.65402,94.30205,148.55278,10.04102,12.65174,87.3912,1.33442,40.06295
Olivia Duvall,d91f4f1a-979c-4c34-bb2f-a8b1f5176b9e,08/30/2025,1756570404.0,Prep 8.30.25,201,ff0d7051-445b-44c8-a639-8d974e2f4868,14,1756567429.05,Wide Midfielder,Rice WSOC,August,Saturday,2815.44,0.0,1.02359,2815.44,4.32983,199.10197,139.44682,141.93762,87.47601,90.46808,118.03705,7.33324,12.70191,77.97369,1.17045,35.10575
Chelsea Cross,d654a3c8-46fc-4466-b132-8b2ba7258344,08/30/2025,1756570404.0,Prep 8.30.25,201,ff0d7051-445b-44c8-a639-8d974e2f4868,24,1756567429.05,Central Midfielder,Rice WSOC,August,Saturday,2815.44,0.0,1.22386,2815.44,8.41771,250.12634,159.6628,145.01781,98.46361,104.4904,165.75665,10.20471,13.13542,63.38147,1.45157,41.97435
Dayo Tennyson,d0c5a2ec-d0d5-4ae1-bc9f-ae270bfc51e9,08/30/2025,1756570404.0,Prep 8.30.25,201,ff0d7051-445b-44c8-a639-8d974e2f4868,3,1756567429.05,Full Back,Rice WSOC,August,Saturday,2815.44,0.0,1.10426,2815.44,4.35793,268.70678,171.02589,170.15567,100.86258,114.25854,172.02657,7.50752,12.77295,76.08228,1.25147,37.87254
Sam Walker,ce80f564-5fb7-4c34-8faf-d75015152871,08/30/2025,1756570404.0,Prep 8.30.25,201,ff0d7051-445b-44c8-a639-8d974e2f4868,30,1756567429.05,Goalkeeper,Rice WSOC,August,Saturday,2649.44,0.0,1.09165,2649.44,7.47094,204.85548,134.06394,121.08896,78.79042,90.69769,132.36479,9.52052,13.84841,80.01936,1.26966,39.78608
Mariana Elizondo,c3d64405-eb5d-4fc0-a8df-06af8ad627bf,08/30/2025,1756570404.0,Prep 8.30.25,201,ff0d7051-445b-44c8-a639-8d974e2f4868,10,1756567429.05,Central Midfielder,Rice WSOC,August,Saturday,2815.44,0.0,1.39875,2815.44,4.33866,285.52487,176.80841,172.09454,113.60529,111.46858,195.55929,11.76752,14.81976,58.09743,1.57886,47.97285
Lauren Pickup,ae01c819-c49a-41ef-aa65-20df1a8a40a9,08/30/2025,1756570404.0,Prep 8.30.25,201,ff0d7051-445b-44c8-a639-8d974e2f4868,8,1756567429.05,Full Back,Rice WSOC,August,Saturday,2815.44,0.0,1.29451,2815.44,3.26618,243.82624,158.39277,151.22156,92.09737,109.69096,159.13478,10.61943,13.21256,73.84148,1.49734,44.39756
Lilly Reuscher,ad2c003d-9ca2-42b1-bc85-2440ab303b84,08/30/2025,1756570404.0,Prep 8.30.25,201,ff0d7051-445b-44c8-a639-8d974e2f4868,4,1756567429.05,Centre Back,Rice WSOC,August,Saturday,2815.44,0.0,1.11287,2815.44,3.52202,227.07676,147.78735,148.6255,92.32394,95.40085,146.3399,7.11053,13.12294,58.80736,1.25244,38.16804
Laurel Kelley,a3fa5f45-c40a-44d8-ae81-6ac82f3fc9ef,08/30/2025,1756570404.0,Prep 8.30.25,201,ff0d7051-445b-44c8-a639-8d974e2f4868,21,1756567429.05,Forward,Rice WSOC,August,Saturday,2815.44,0.0,1.22557,2815.44,3.67572,230.36685,144.53793,145.50071,79.82399,103.39656,156.61607,8.54273,12.71079,61.76021,1.4125,42.03317
Kirsten Ruf,9a8fba27-951b-4253-aac1-ae31800ac075,08/30/2025,1756570404.0,Prep 8.30.25,201,ff0d7051-445b-44c8-a639-8d974e2f4868,22,1756567429.05,Goalkeeper,Rice WSOC,August,Saturday,2649.44,0.0,1.03192,2649.44,4.23467,192.49934,123.76917,124.81697,74.84747,82.94946,126.1418,8.56313,14.07081,78.83461,1.1675,37.609
Allie Love,99ee597d-39b8-4fb7-9c63-0d052a15c0a8,08/30/2025,1756570404.0,Prep 8.30.25,201,ff0d7051-445b-44c8-a639-8d974e2f4868,17,1756567429.05,Central Midfielder,Rice WSOC,August,Saturday,2815.44,0.0,1.42679,2815.44,4.14345,287.84032,181.43282,171.14903,106.79631,123.71699,192.42926,11.71391,14.03005,62.32629,1.632,48.93439
Eileen Albers,943afa05-aaac-4426-ba0c-1ebef4e76cb7,08/30/2025,1756570404.0,Prep 8.30.25,201,ff0d7051-445b-44c8-a639-8d974e2f4868,12,1756567429.05,Forward,Rice WSOC,August,Saturday,2815.44,0.0,1.20967,2815.44,3.32842,215.09735,126.97113,114.20879,80.04403,81.53155,152.14102,9.60393,11.71713,74.11304,1.37,41.488
Jordyn Mariam,f7e75558-805b-459d-b944-ec8d5a5beeac,08/30/2025,1756570404.0,Prep 8.30.25,201,ff0d7051-445b-44c8-a639-8d974e2f4868,5,1756567429.05,Wide Midfielder,Rice WSOC,August,Saturday,2815.44,0.0,1.29847,2815.44,4.48743,248.84258,161.32322,148.54334,96.06497,109.09972,160.71547,12.01249,12.71768,80.1599,1.52524,44.53333
Piper Biziorek,fb332127-6268-4995-a140-9076566dc702,08/30/2025,1756570404.0,Prep 8.30.25,201,ff0d7051-445b-44c8-a639-8d974e2f4868,15,1756567429.05,Central Midfielder,Rice WSOC,August,Saturday,2815.44,0.0,1.50527,2815.44,3.92708,270.00439,170.47692,147.5456,97.68235,118.54942,182.40525,13.6157,13.32297,70.05756,1.76691,51.62598
Betty Velkova,8b0cb352-4da9-4349-b147-77a3736ea957,08/30/2025,1756570404.0,Prep 8.30.25,201,ff0d7051-445b-44c8-a639-8d974e2f4868,19,1756567429.05,Forward,Rice WSOC,August,Saturday,2815.44,0.0,1.28326,2815.44,4.57635,229.06586,141.64879,133.89628,87.99403,91.41401,156.32881,9.60512,13.05992,80.77189,1.44633,44.01183
Taylor Rish,81828efc-2855-4216-a0d1-6a7c9201d5a0,08/30/2025,1756570404.0,Prep 8.30.25,201,ff0d7051-445b-44c8-a639-8d974e2f4868,7,1756567429.05,Full Back,Rice WSOC,August,Saturday,2815.44,0.0,1.32257,2815.44,4.50063,223.8623,130.86532,123.84333,76.24616,89.86442,156.87612,9.89819,14.05361,71.20056,1.53631,45.35992
Kenzie Solomon,80afc22c-7b44-4cca-83af-4b9370cf2987,08/30/2025,1756570404.0,Prep 8.30.25,201,ff0d7051-445b-44c8-a639-8d974e2f4868,1,1756567429.05,Goalkeeper,Rice WSOC,August,Saturday,2649.44,0.0,1.13298,2649.44,6.68958,200.14977,126.98041,147.46615,74.89945,86.50545,133.6482,8.47469,13.02174,72.0222,1.2308,41.2924
Megan Sweeney,76ec7312-9b6e-4355-a747-4de0c8e2d8b9,08/30/2025,1756570404.0,Prep 8.30.25,201,ff0d7051-445b-44c8-a639-8d974e2f4868,0,1756567429.05,Goalkeeper,Rice WSOC,August,Saturday,2649.44,0.0,1.20601,2649.44,6.07977,236.0882,159.84429,161.69402,105.01053,99.06477,147.26075,9.6777,13.31074,77.09209,1.3598,43.95403
Leah Chancey,85ed14d3-34f0-42fc-8477-c03064e998f4,08/30/2025,1756570404.0,Prep 8.30.25,201,ff0d7051-445b-44c8-a639-8d974e2f4868,23,1756567429.05,Forward,Rice WSOC,August,Saturday,2815.44,0.0,1.17222,2815.44,4.56969,213.32298,138.6277,131.30495,87.64523,88.1776,139.11101,9.11863,13.37359,58.4409,1.30574,40.20331
Isabelle Kent,6e66b652-d707-4f6a-86d3-61696dab1831,08/29/2025,1756493351.23,Low minute 8.29.25,201,d2e9a5b0-ce1e-4632-a456-34f6103df0aa,2,1756490617.6,Full Back,Rice WSOC,August,Friday,2579.26,0.0,2.15469,2579.27,2.77106,324.92278,190.28603,131.41421,107.50722,133.99816,232.4277,24.81172,11.37987,51.74331,2.38064,80.88904
Bailey Peek,1d2f6fbf-8215-4ae2-ae70-ed9d981fcd85,08/29/2025,1756493351.23,Low minute 8.29.25,201,d2e9a5b0-ce1e-4632-a456-34f6103df0aa,6,1756490617.6,Centre Back,Rice WSOC,August,Friday,2579.25,0.0,2.03985,2579.27,3.70897,336.19379,207.2415,153.76524,110.73833,150.83036,228.90704,23.70656,11.30405,54.81129,2.25666,77.2952
Kenna Sanders,457dc155-bdf2-48cc-8a59-2f0b4ec42ae2,08/29/2025,1756493351.23,Low minute 8.29.25,201,d2e9a5b0-ce1e-4632-a456-34f6103df0aa,18,1756490617.6,Forward,Rice WSOC,August,Friday,2579.26,0.0,2.2212,2579.27,4.10754,489.22717,274.03755,165.56001,155.15591,190.50052,353.86809,29.16777,11.82653,54.6161,2.4473,83.5607
Sophie Zhang,713ce913-8f9b-41cb-b395-b08e3e69186f,08/29/2025,1756493351.23,Low minute 8.29.25,201,d2e9a5b0-ce1e-4632-a456-34f6103df0aa,9,1756490617.6,Forward,Rice WSOC,August,Friday,2579.26,0.0,2.18381,2579.27,4.35993,446.73275,272.77256,180.26614,169.6644,175.59574,309.64522,24.24305,11.22138,92.20375,2.42612,82.21747
Megan Sweeney,76ec7312-9b6e-4355-a747-4de0c8e2d8b9,08/29/2025,1756493351.23,Low minute 8.29.25,201,d2e9a5b0-ce1e-4632-a456-34f6103df0aa,0,1756490617.6,Goalkeeper,Rice WSOC,August,Friday,2579.26,0.0,1.98034,2579.27,5.31877,361.39372,230.80728,159.50991,136.26649,157.83449,239.02403,22.65534,11.75323,59.10773,2.13876,74.21424
Sam Walker,ce80f564-5fb7-4c34-8faf-d75015152871,08/29/2025,1756493351.23,Low minute 8.29.25,201,d2e9a5b0-ce1e-4632-a456-34f6103df0aa,30,1756490617.6,Goalkeeper,Rice WSOC,August,Friday,2579.27,0.0,1.77748,2579.27,7.49514,324.74759,212.27042,131.52004,122.33129,145.00551,209.21573,22.5457,13.45736,78.99677,1.92668,66.54376
Betty Velkova,8b0cb352-4da9-4349-b147-77a3736ea957,08/29/2025,1756493351.23,Low minute 8.29.25,201,d2e9a5b0-ce1e-4632-a456-34f6103df0aa,19,1756490617.6,Forward,Rice WSOC,August,Friday,2579.26,0.0,2.0714,2579.27,4.92097,398.47533,243.51,158.54249,164.22061,143.38407,276.45083,23.13645,13.85701,69.52571,2.26677,78.26747
Laurel Kelley,a3fa5f45-c40a-44d8-ae81-6ac82f3fc9ef,08/29/2025,1756493351.23,Low minute 8.29.25,201,d2e9a5b0-ce1e-4632-a456-34f6103df0aa,21,1756490617.6,Forward,Rice WSOC,August,Friday,2579.25,0.0,1.3064,2579.27,5.08485,269.01381,172.71171,147.98099,98.18429,121.56728,177.76514,10.23474,12.8558,68.20392,1.5643,49.05047
Chelsea Cross,d654a3c8-46fc-4466-b132-8b2ba7258344,08/29/2025,1756493351.23,Low minute 8.29.25,201,d2e9a5b0-ce1e-4632-a456-34f6103df0aa,24,1756490617.6,Central Midfielder,Rice WSOC,August,Friday,2579.25,0.0,1.39937,2579.27,4.34334,271.73165,159.0443,143.47401,93.56423,108.4709,190.97653,13.55779,11.76195,146.78654,1.70934,52.68279
Mia Brumlow,e9141800-8f9c-4a98-8265-2ae17f48913e,08/29/2025,1756493351.23,Low minute 8.29.25,201,d2e9a5b0-ce1e-4632-a456-34f6103df0aa,13,1756490617.6,Wide Midfielder,Rice WSOC,August,Friday,2579.26,0.0,2.05286,2579.27,4.03076,399.64374,242.80318,162.45612,149.71571,161.05983,276.7019,21.94562,12.32128,146.76602,2.33602,77.17438
Jordyn Mariam,f7e75558-805b-459d-b944-ec8d5a5beeac,08/29/2025,1756493351.23,Low minute 8.29.25,201,d2e9a5b0-ce1e-4632-a456-34f6103df0aa,5,1756490617.6,Wide Midfielder,Rice WSOC,August,Friday,2579.26,0.0,2.23816,2579.27,3.88707,416.68549,264.40658,164.5584,162.20369,173.44489,274.98098,26.76122,11.61653,81.01384,2.54182,83.86896
Jessica Molina,49ee30cf-715d-49d2-bfd4-f208c806a5db,08/29/2025,1756493351.23,Low minute 8.29.25,201,d2e9a5b0-ce1e-4632-a456-34f6103df0aa,16,1756490617.6,Forward,Rice WSOC,August,Friday,2579.25,0.0,2.02757,2579.27,3.14571,346.11591,221.20785,142.0091,140.12137,142.24142,231.0723,20.95937,12.20959,65.09193,2.2424,76.39222
Camille Quarterman,e710b8f7-8542-490c-80f0-c110cb9ed839,08/28/2025,1756429870.0,vs OSU 8.28.25,201,88e1bff8-138e-49f7-8d89-ba8bc68f57f8,33,1756422227.0,Wide Midfielder,Rice WSOC,August,Thursday,3465.51,3282.49,3.34078,3465.51,4.67877,555.67453,346.88666,175.41061,203.09668,241.73378,367.22844,45.28698,16.44408,88.19717,3.76088,93.08528
Bailey Peek,1d2f6fbf-8215-4ae2-ae70-ed9d981fcd85,08/28/2025,1756388397.0,BP low min,201,779b2f5b-127b-418c-9440-ce8cfaec3fcd,6,1756385586.0,Centre Back,Rice WSOC,August,Thursday,2810.98,0.0,1.82655,2811.0,2.62498,273.49911,171.227,62.97862,96.44048,120.47037,187.56527,32.45207,12.42234,49.74747,2.02408,63.33883
Piper Biziorek,fb332127-6268-4995-a140-9076566dc702,08/28/2025,1756429870.0,vs OSU 8.28.25,201,88e1bff8-138e-49f7-8d89-ba8bc68f57f8,15,1756422227.0,Central Midfielder,Rice WSOC,August,Thursday,4277.65,2470.35,4.71838,4277.65,4.7075,787.03653,495.46648,200.70122,257.25249,366.79273,532.14236,68.11041,15.56524,89.2324,5.37263,106.50926
Naija Bruckner,59840313-0841-4a21-a5b5-b8b24cad01b8,08/28/2025,1756429870.0,vs OSU 8.28.25,201,88e1bff8-138e-49f7-8d89-ba8bc68f57f8,28,1756422227.0,Central Midfielder,Rice WSOC,August,Thursday,5667.36,1080.64,5.53252,5667.36,6.25056,955.2879,546.91202,306.94984,317.75393,377.61754,691.52838,67.70408,16.77415,108.2471,6.22947,94.26324
Carsyn Martz,5ec6f0de-aa33-44a6-9b7e-676076c27478,08/28/2025,1756429870.0,vs OSU 8.28.25,201,88e1bff8-138e-49f7-8d89-ba8bc68f57f8,20,1756422227.0,Centre Back,Rice WSOC,August,Thursday,6748.0,0.0,5.66209,6748.0,4.72135,797.1347,469.29535,323.29994,279.33888,319.22684,565.56255,59.3938,17.21104,100.38605,6.23725,81.02178
Taylor Rish,81828efc-2855-4216-a0d1-6a7c9201d5a0,08/28/2025,1756429870.0,vs OSU 8.28.25,201,88e1bff8-138e-49f7-8d89-ba8bc68f57f8,7,1756422227.0,Full Back,Rice WSOC,August,Thursday,4193.52,2554.48,4.12435,4193.52,10.37074,800.80151,494.9203,229.82263,327.51828,302.9597,544.62929,49.61387,16.91349,79.76026,4.7114,94.96796
Leah Chancey,85ed14d3-34f0-42fc-8477-c03064e998f4,08/28/2025,1756429870.0,vs OSU 8.28.25,201,88e1bff8-138e-49f7-8d89-ba8bc68f57f8,23,1756422227.0,Forward,Rice WSOC,August,Thursday,4311.05,2436.95,3.91032,4311.05,5.85622,585.57175,340.53099,214.11631,201.54475,228.74486,414.63669,46.38405,14.61644,63.84706,4.31214,87.58502
Jadyn Jaeger,8e9bb6cd-180e-47be-afa1-39abe9300b25,08/28/2025,1756429870.0,vs OSU 8.28.25,201,88e1bff8-138e-49f7-8d89-ba8bc68f57f8,11,1756422227.0,Full Back,Rice WSOC,August,Thursday,4589.36,2158.64,4.78366,4589.36,5.42956,679.56924,435.85147,245.61533,287.1586,268.06981,443.06749,64.08622,15.87271,74.46411,5.31775,100.6488
Jules Johnston,931babc9-289c-47bf-970a-22d756ac9f5a,08/28/2025,1756429870.0,vs OSU 8.28.25,201,88e1bff8-138e-49f7-8d89-ba8bc68f57f8,25,1756422227.0,Forward,Rice WSOC,August,Thursday,2853.26,3894.74,2.13032,2853.26,6.49892,365.27573,229.22055,141.57172,125.50462,164.70435,246.62013,21.20655,15.6487,74.13064,2.43505,72.09475
Eileen Albers,943afa05-aaac-4426-ba0c-1ebef4e76cb7,08/28/2025,1756429870.0,vs OSU 8.28.25,201,88e1bff8-138e-49f7-8d89-ba8bc68f57f8,12,1756422227.0,Forward,Rice WSOC,August,Thursday,4970.07,1777.93,4.1854,4970.07,6.63073,653.11572,372.34807,202.6537,222.55356,251.75743,475.73026,48.67807,15.58073,81.56712,4.70813,81.31576
Allie Love,99ee597d-39b8-4fb7-9c63-0d052a15c0a8,08/28/2025,1756429870.0,vs OSU 8.28.25,201,88e1bff8-138e-49f7-8d89-ba8bc68f57f8,17,1756422227.0,Central Midfielder,Rice WSOC,August,Thursday,2659.57,4088.43,2.69772,2659.57,4.764,470.54071,293.13239,143.82689,176.27753,195.8333,319.43106,35.89392,15.6705,62.57428,3.05525,97.94585
Kirsten Ruf,9a8fba27-951b-4253-aac1-ae31800ac075,08/28/2025,1756429870.0,vs OSU 8.28.25,201,88e1bff8-138e-49f7-8d89-ba8bc68f57f8,22,1756422227.0,Goalkeeper,Rice WSOC,August,Thursday,6748.0,0.0,3.11459,6748.0,4.67285,436.88385,279.89998,280.44725,171.18011,185.10755,288.5883,20.42863,13.69304,76.72332,3.3787,44.56823
Laurel Kelley,a3fa5f45-c40a-44d8-ae81-6ac82f3fc9ef,08/28/2025,1756429870.0,vs OSU 8.28.25,201,88e1bff8-138e-49f7-8d89-ba8bc68f57f8,21,1756422227.0,Forward,Rice WSOC,August,Thursday,1958.27,4789.73,1.78869,1958.27,4.05454,292.4924,183.19206,104.81467,102.99825,130.24334,198.69038,20.12307,15.28828,62.96548,2.01655,88.19857
Lilly Reuscher,ad2c003d-9ca2-42b1-bc85-2440ab303b84,08/28/2025,1756429870.0,vs OSU 8.28.25,201,88e1bff8-138e-49f7-8d89-ba8bc68f57f8,4,1756422227.0,Centre Back,Rice WSOC,August,Thursday,6748.0,0.0,5.37702,6748.0,5.68434,862.33063,543.31476,330.87982,314.35619,375.82114,577.84386,55.85761,15.90304,77.95015,5.90129,76.9426
Lauren Pickup,ae01c819-c49a-41ef-aa65-20df1a8a40a9,08/28/2025,1756429870.0,vs OSU 8.28.25,201,88e1bff8-138e-49f7-8d89-ba8bc68f57f8,8,1756422227.0,Full Back,Rice WSOC,August,Thursday,3914.78,2833.22,4.03414,3914.78,4.59896,675.29712,414.96161,192.40215,227.9224,297.74575,458.80849,60.51121,15.37214,76.49908,4.57566,99.5047
Mariana Elizondo,c3d64405-eb5d-4fc0-a8df-06af8ad627bf,08/28/2025,1756429870.0,vs OSU 8.28.25,201,88e1bff8-138e-49f7-8d89-ba8bc68f57f8,10,1756422227.0,Central Midfielder,Rice WSOC,August,Thursday,3851.55,2896.45,3.80985,3851.55,5.63212,686.51617,412.49841,209.87738,258.93719,267.04368,482.21532,51.82607,14.69305,69.6339,4.23397,95.51512
Dayo Tennyson,d0c5a2ec-d0d5-4ae1-bc9f-ae270bfc51e9,08/28/2025,1756429870.0,vs OSU 8.28.25,201,88e1bff8-138e-49f7-8d89-ba8bc68f57f8,3,1756422227.0,Full Back,Rice WSOC,August,Thursday,6215.88,532.12,5.27452,6215.88,7.07836,1067.51855,663.81931,456.24768,406.24115,436.1122,695.8645,58.44657,18.30674,106.26397,6.029,81.93708
Chelsea Cross,d654a3c8-46fc-4466-b132-8b2ba7258344,08/28/2025,1756429870.0,vs OSU 8.28.25,201,88e1bff8-138e-49f7-8d89-ba8bc68f57f8,24,1756426494.0,Central Midfielder,Rice WSOC,August,Thursday,1315.76,2060.24,1.33676,1315.76,4.93507,256.69272,143.18758,69.90784,86.76938,94.92464,188.29314,17.35137,12.68347,62.71131,1.54808,98.10147
Olivia Duvall,d91f4f1a-979c-4c34-bb2f-a8b1f5176b9e,08/28/2025,1756429870.0,vs OSU 8.28.25,201,88e1bff8-138e-49f7-8d89-ba8bc68f57f8,14,1756422227.0,Wide Midfielder,Rice WSOC,August,Thursday,4409.03,2338.97,4.61134,4409.03,5.54687,685.45303,415.22224,213.64857,248.60708,279.96414,470.64197,59.25944,15.84519,109.12783,5.19004,100.9914
Betty Velkova,8b0cb352-4da9-4349-b147-77a3736ea957,08/28/2025,1756425599.0,vs OSU 8.28.25,201,88e1bff8-138e-49f7-8d89-ba8bc68f57f8,19,1756422227.0,Forward,Rice WSOC,August,Thursday,728.01,2643.99,0.51967,728.01,4.39331,98.3757,58.47499,35.58759,37.61265,36.63456,69.30652,6.71939,14.13829,68.20371,0.56768,68.92669
Piper Biziorek,fb332127-6268-4995-a140-9076566dc702,08/27/2025,1756321486.75,Prep 8.27.25,201,52433fbc-9f84-4abd-8aa1-1620e7c4b5bc,15,1756319304.14,Central Midfielder,Rice WSOC,August,Wednesday,2065.33,0.0,1.14212,2065.33,2.96453,192.93842,125.16146,119.91731,72.45785,86.53391,125.76644,9.16903,13.49554,80.38995,1.31534,53.39752
Isabelle Kent,6e66b652-d707-4f6a-86d3-61696dab1831,08/27/2025,1756321486.75,Prep 8.27.25,201,52433fbc-9f84-4abd-8aa1-1620e7c4b5bc,2,1756319304.14,Full Back,Rice WSOC,August,Wednesday,2065.32,0.0,0.97308,2065.33,4.05898,146.36181,90.2569,90.78997,55.39374,59.41364,98.84526,7.00974,12.02387,73.88861,1.08706,45.64858
Jordyn Mariam,f7e75558-805b-459d-b944-ec8d5a5beeac,08/27/2025,1756321486.75,Prep 8.27.25,201,52433fbc-9f84-4abd-8aa1-1620e7c4b5bc,5,1756319304.14,Wide Midfielder,Rice WSOC,August,Wednesday,2065.33,0.0,1.08911,2065.33,3.33668,201.74632,127.63852,106.98691,77.13973,85.83954,132.07334,9.74981,13.71146,88.00883,1.27467,50.91931
Jules Johnston,931babc9-289c-47bf-970a-22d756ac9f5a,08/27/2025,1756321486.75,Prep 8.27.25,201,52433fbc-9f84-4abd-8aa1-1620e7c4b5bc,25,1756319304.14,Forward,Rice WSOC,August,Wednesday,2065.33,0.0,1.00219,2065.33,4.06243,175.55198,108.36078,108.90105,62.61586,74.8026,120.6171,6.94901,13.85426,92.44424,1.13919,46.85536
Bailey Peek,1d2f6fbf-8215-4ae2-ae70-ed9d981fcd85,08/27/2025,1756321486.75,Prep 8.27.25,201,52433fbc-9f84-4abd-8aa1-1620e7c4b5bc,6,1756319304.14,Centre Back,Rice WSOC,August,Wednesday,2065.33,0.0,0.98578,2065.33,3.26184,148.79115,95.8638,86.98507,54.51487,67.02349,96.70165,6.523,14.24458,83.2868,1.1224,46.0885
Kenna Sanders,457dc155-bdf2-48cc-8a59-2f0b4ec42ae2,08/27/2025,1756321486.75,Prep 8.27.25,201,52433fbc-9f84-4abd-8aa1-1620e7c4b5bc,18,1756319304.14,Forward,Rice WSOC,August,Wednesday,2065.31,0.0,0.88644,2065.33,3.57859,162.67276,103.81139,107.69822,57.59779,73.69183,106.57529,5.93369,10.10186,55.88451,0.98607,41.78376
Jessica Molina,49ee30cf-715d-49d2-bfd4-f208c806a5db,08/27/2025,1756321486.75,Prep 8.27.25,201,52433fbc-9f84-4abd-8aa1-1620e7c4b5bc,16,1756319304.14,Forward,Rice WSOC,August,Wednesday,2065.33,0.0,0.86162,2065.33,3.29409,168.73027,110.27899,122.15968,73.12431,65.93477,109.31579,5.19943,13.36311,70.74614,0.98154,40.28323
Carsyn Martz,5ec6f0de-aa33-44a6-9b7e-676076c27478,08/27/2025,1756321486.75,Prep 8.27.25,201,52433fbc-9f84-4abd-8aa1-1620e7c4b5bc,20,1756319304.14,Centre Back,Rice WSOC,August,Wednesday,2065.33,0.0,0.9325,2065.33,3.54415,150.03991,93.35333,96.43442,56.81629,61.24161,101.50105,6.13559,12.82897,83.64697,1.05814,43.59708
Sophie Zhang,713ce913-8f9b-41cb-b395-b08e3e69186f,08/27/2025,1756321486.75,Prep 8.27.25,201,52433fbc-9f84-4abd-8aa1-1620e7c4b5bc,9,1756319304.14,Forward,Rice WSOC,August,Wednesday,2065.33,0.0,0.99578,2065.33,3.79825,184.01832,113.47817,109.30103,68.13232,76.08677,125.4824,7.10042,13.45083,84.50336,1.14414,46.55593
Kenzie Solomon,80afc22c-7b44-4cca-83af-4b9370cf2987,08/27/2025,1756322211.12,Prep 8.27.25,201,52433fbc-9f84-4abd-8aa1-1620e7c4b5bc,1,1756319304.14,Goalkeeper,Rice WSOC,August,Wednesday,2751.73,0.0,1.45962,2751.74,6.74162,282.13454,177.3961,201.59676,103.49598,121.81843,188.8202,9.18895,12.56764,80.46156,1.64106,52.0903
Taylor Rish,81828efc-2855-4216-a0d1-6a7c9201d5a0,08/27/2025,1756321486.75,Prep 8.27.25,201,52433fbc-9f84-4abd-8aa1-1620e7c4b5bc,7,1756319304.14,Full Back,Rice WSOC,August,Wednesday,2065.32,0.0,0.94926,2065.33,3.53626,155.83004,91.68168,86.62033,54.6873,61.79599,108.16863,6.07002,13.56155,86.924,1.10812,44.55352
Leah Chancey,85ed14d3-34f0-42fc-8477-c03064e998f4,08/27/2025,1756321486.75,Prep 8.27.25,201,52433fbc-9f84-4abd-8aa1-1620e7c4b5bc,23,1756319304.14,Forward,Rice WSOC,August,Wednesday,2065.32,0.0,1.04746,2065.33,3.68071,190.53072,120.37364,117.77275,74.54017,78.26861,126.70153,7.71126,12.56538,77.67578,1.19479,49.8893
Betty Velkova,8b0cb352-4da9-4349-b147-77a3736ea957,08/27/2025,1756321486.75,Prep 8.27.25,201,52433fbc-9f84-4abd-8aa1-1620e7c4b5bc,19,1756319304.14,Forward,Rice WSOC,August,Wednesday,2065.33,0.0,1.09827,2065.33,3.93632,189.59653,112.63737,103.51273,68.91608,73.74263,133.12666,8.29735,13.08581,72.39448,1.24636,51.34738
Jadyn Jaeger,8e9bb6cd-180e-47be-afa1-39abe9300b25,08/27/2025,1756321486.75,Prep 8.27.25,201,52433fbc-9f84-4abd-8aa1-1620e7c4b5bc,11,1756319304.14,Full Back,Rice WSOC,August,Wednesday,2065.33,0.0,0.66652,2065.33,2.61846,103.65555,64.0543,60.57602,40.57762,40.92324,70.7851,4.70144,14.88943,86.73035,0.78024,31.1617
Megan Sweeney,76ec7312-9b6e-4355-a747-4de0c8e2d8b9,08/27/2025,1756322211.12,Prep 8.27.25,201,52433fbc-9f84-4abd-8aa1-1620e7c4b5bc,0,1756319304.14,Goalkeeper,Rice WSOC,August,Wednesday,2751.74,0.0,0.7109,2751.74,4.32483,132.69018,86.45095,81.22193,57.26073,52.84372,86.236,5.65259,13.7355,77.4501,0.83225,24.94616
Eileen Albers,943afa05-aaac-4426-ba0c-1ebef4e76cb7,08/27/2025,1756321486.75,Prep 8.27.25,201,52433fbc-9f84-4abd-8aa1-1620e7c4b5bc,12,1756319304.14,Forward,Rice WSOC,August,Wednesday,2065.33,0.0,1.0459,2065.33,3.43722,181.68132,105.8101,99.56993,66.16232,68.9044,129.89395,7.15446,13.2424,83.18025,1.24667,48.89919
Dayo Tennyson,d0c5a2ec-d0d5-4ae1-bc9f-ae270bfc51e9,08/27/2025,1756321486.75,Prep 8.27.25,201,52433fbc-9f84-4abd-8aa1-1620e7c4b5bc,3,1756319304.14,Full Back,Rice WSOC,August,Wednesday,2065.32,0.0,0.82678,2065.33,3.52718,176.35146,112.0281,116.0268,64.9072,76.75848,113.973,6.65386,13.02019,87.32224,0.95348,38.95651
Allie Love,99ee597d-39b8-4fb7-9c63-0d052a15c0a8,08/27/2025,1756321486.75,Prep 8.27.25,201,52433fbc-9f84-4abd-8aa1-1620e7c4b5bc,17,1756319304.14,Central Midfielder,Rice WSOC,August,Wednesday,2065.32,0.0,1.16152,2065.33,3.66158,208.91563,130.79432,127.27605,80.3747,85.80556,140.55228,9.536,12.93985,66.90797,1.32642,54.51229
Mia Brumlow,e9141800-8f9c-4a98-8265-2ae17f48913e,08/27/2025,1756321486.75,Prep 8.27.25,201,52433fbc-9f84-4abd-8aa1-1620e7c4b5bc,13,1756319304.14,Wide Midfielder,Rice WSOC,August,Wednesday,2065.33,0.0,0.94234,2065.33,4.41309,150.70516,94.95262,89.83171,58.22093,62.73666,101.63627,6.22634,12.79869,83.42955,1.07226,44.05754
Camille Quarterman,e710b8f7-8542-490c-80f0-c110cb9ed839,08/27/2025,1756321486.75,Prep 8.27.25,201,52433fbc-9f84-4abd-8aa1-1620e7c4b5bc,33,1756319304.14,Wide Midfielder,Rice WSOC,August,Wednesday,2065.32,0.0,0.66527,2065.33,3.74152,119.27,78.13897,75.27874,49.2718,50.63937,76.51082,4.8501,14.45388,103.24716,0.80004,31.3465
Olivia Duvall,d91f4f1a-979c-4c34-bb2f-a8b1f5176b9e,08/27/2025,1756321486.75,Prep 8.27.25,201,52433fbc-9f84-4abd-8aa1-1620e7c4b5bc,14,1756319304.14,Wide Midfielder,Rice WSOC,August,Wednesday,2065.31,0.0,0.97978,2065.33,3.33219,150.82877,95.52788,96.26149,59.29158,62.26438,99.96607,7.07456,13.49712,104.77671,1.11601,46.66176
Chelsea Cross,d654a3c8-46fc-4466-b132-8b2ba7258344,08/27/2025,1756321486.75,Prep 8.27.25,201,52433fbc-9f84-4abd-8aa1-1620e7c4b5bc,24,1756319304.14,Central Midfielder,Rice WSOC,August,Wednesday,2065.32,0.0,1.05597,2065.33,4.10694,191.24019,123.39324,118.05419,80.42853,76.4369,124.32841,6.87704,12.90798,63.09036,1.23014,49.75574
Sam Walker,ce80f564-5fb7-4c34-8faf-d75015152871,08/27/2025,1756322211.12,Prep 8.27.25,201,52433fbc-9f84-4abd-8aa1-1620e7c4b5bc,30,1756319304.14,Goalkeeper,Rice WSOC,August,Wednesday,2751.74,0.0,1.41627,2751.74,5.19723,293.83891,190.38981,201.24483,113.31764,127.44714,191.93344,8.45095,15.41024,86.6408,1.6521,49.69793
Lauren Pickup,ae01c819-c49a-41ef-aa65-20df1a8a40a9,08/27/2025,1756321486.75,Prep 8.27.25,201,52433fbc-9f84-4abd-8aa1-1620e7c4b5bc,8,1756319304.14,Full Back,Rice WSOC,August,Wednesday,2065.33,0.0,1.01408,2065.33,3.00121,175.11304,116.56431,110.90774,68.80961,79.50817,111.81602,7.72398,13.67519,87.55666,1.20286,47.41158
Lilly Reuscher,ad2c003d-9ca2-42b1-bc85-2440ab303b84,08/27/2025,1756321486.75,Prep 8.27.25,201,52433fbc-9f84-4abd-8aa1-1620e7c4b5bc,4,1756319304.14,Centre Back,Rice WSOC,August,Wednesday,2065.33,0.0,1.01819,2065.33,3.23833,186.89922,118.02632,116.23301,65.62034,83.5187,124.05233,7.52591,13.96885,89.41592,1.1797,47.60369
Kirsten Ruf,9a8fba27-951b-4253-aac1-ae31800ac075,08/27/2025,1756322211.12,Prep 8.27.25,201,52433fbc-9f84-4abd-8aa1-1620e7c4b5bc,22,1756319304.14,Goalkeeper,Rice WSOC,August,Wednesday,2751.74,0.0,1.29046,2751.74,5.04917,262.74675,171.45886,165.32409,108.2613,110.69821,168.85117,7.17481,14.01558,84.19598,1.50625,45.28329
Laurel Kelley,a3fa5f45-c40a-44d8-ae81-6ac82f3fc9ef,08/26/2025,1756242102.0,Organizational 8.27.25,201,739f1f69-3c8f-44df-8648-f67aadbff62a,21,1756239904.0,Forward,Rice WSOC,August,Tuesday,2071.0,0.0,1.15924,2071.0,4.93146,231.70721,149.94207,122.71076,89.47221,101.2513,152.81636,8.91046,17.0058,84.64146,1.32506,54.04972
Dayo Tennyson,d0c5a2ec-d0d5-4ae1-bc9f-ae270bfc51e9,08/26/2025,1756242102.0,Organizational 8.27.25,201,739f1f69-3c8f-44df-8648-f67aadbff62a,3,1756239904.0,Full Back,Rice WSOC,August,Tuesday,2071.0,0.0,1.05855,2071.0,6.85904,246.46121,158.2885,151.01223,99.54763,100.01802,156.16978,8.33075,20.28021,121.15953,1.18057,49.35526
Lilly Reuscher,ad2c003d-9ca2-42b1-bc85-2440ab303b84,08/26/2025,1756242102.0,Organizational 8.27.25,201,739f1f69-3c8f-44df-8648-f67aadbff62a,4,1756239904.0,Centre Back,Rice WSOC,August,Tuesday,2071.0,0.0,0.98842,2071.0,4.20273,180.85976,112.18811,100.88009,60.13008,81.47521,122.33724,8.78694,17.70205,90.0129,1.10788,46.08516
Lauren Pickup,ae01c819-c49a-41ef-aa65-20df1a8a40a9,08/26/2025,1756242102.0,Organizational 8.27.25,201,739f1f69-3c8f-44df-8648-f67aadbff62a,8,1756239904.0,Full Back,Rice WSOC,August,Tuesday,2071.0,0.0,1.35554,2071.0,4.40915,248.68975,163.38016,127.50701,99.51296,108.47601,160.18798,12.0121,16.96695,92.61641,1.54397,63.20199
Mariana Elizondo,c3d64405-eb5d-4fc0-a8df-06af8ad627bf,08/26/2025,1756242102.0,Organizational 8.27.25,201,739f1f69-3c8f-44df-8648-f67aadbff62a,10,1756239904.0,Central Midfielder,Rice WSOC,August,Tuesday,2071.0,0.0,1.26804,2071.0,3.98849,251.47091,153.62964,119.85426,99.13822,97.09414,174.10109,11.06078,17.03139,77.34039,1.41761,59.12248
Sam Walker,ce80f564-5fb7-4c34-8faf-d75015152871,08/26/2025,1756242102.0,Organizational 8.27.25,201,739f1f69-3c8f-44df-8648-f67aadbff62a,30,1756239904.0,Goalkeeper,Rice WSOC,August,Tuesday,2071.0,0.0,1.05653,2071.0,5.51162,197.54452,125.628,117.53206,73.38117,85.32267,131.73248,9.05243,16.70754,88.02484,1.20186,49.26087
Piper Biziorek,fb332127-6268-4995-a140-9076566dc702,08/26/2025,1756242102.0,Organizational 8.27.25,201,739f1f69-3c8f-44df-8648-f67aadbff62a,15,1756239904.0,Central Midfielder,Rice WSOC,August,Tuesday,2071.0,0.0,1.30534,2071.0,4.35953,240.67975,151.46668,120.76496,90.09681,102.02385,163.72367,13.34354,17.16003,89.57499,1.48779,60.86158
Chelsea Cross,d654a3c8-46fc-4466-b132-8b2ba7258344,08/26/2025,1756242102.0,Organizational 8.27.25,201,739f1f69-3c8f-44df-8648-f67aadbff62a,24,1756239904.0,Central Midfielder,Rice WSOC,August,Tuesday,2071.0,0.0,1.08845,2071.0,3.93077,201.27222,118.09148,111.59717,71.73799,78.1793,142.72852,8.76123,15.67501,72.51263,1.23085,50.74919
Olivia Duvall,d91f4f1a-979c-4c34-bb2f-a8b1f5176b9e,08/26/2025,1756242102.0,Organizational 8.27.25,201,739f1f69-3c8f-44df-8648-f67aadbff62a,14,1756239904.0,Wide Midfielder,Rice WSOC,August,Tuesday,2071.0,0.0,1.15383,2071.0,3.95984,180.79156,117.00396,91.46613,71.19098,77.75325,117.89607,12.55175,17.65078,100.04433,1.26897,53.79749
Camille Quarterman,e710b8f7-8542-490c-80f0-c110cb9ed839,08/26/2025,1756242102.0,Organizational 8.27.25,201,739f1f69-3c8f-44df-8648-f67aadbff62a,33,1756239904.0,Wide Midfielder,Rice WSOC,August,Tuesday,2071.0,0.0,1.16308,2071.0,4.89037,211.63978,132.5171,111.00911,82.40195,86.44958,142.16825,11.01123,18.90062,108.36002,1.32709,54.22873
Mia Brumlow,e9141800-8f9c-4a98-8265-2ae17f48913e,08/26/2025,1756242102.0,Organizational 8.27.25,201,739f1f69-3c8f-44df-8648-f67aadbff62a,13,1756239904.0,Wide Midfielder,Rice WSOC,August,Tuesday,2071.0,0.0,1.08304,2071.0,4.09681,203.09602,129.27309,108.05513,82.19646,82.57731,136.17091,10.51786,17.64695,91.32663,1.2193,50.49691
Jordyn Mariam,f7e75558-805b-459d-b944-ec8d5a5beeac,08/26/2025,1756242102.0,Organizational 8.27.25,201,739f1f69-3c8f-44df-8648-f67aadbff62a,5,1756239904.0,Wide Midfielder,Rice WSOC,August,Tuesday,2071.0,0.0,1.16794,2071.0,3.65402,230.89619,147.71438,110.16216,85.9717,101.81411,148.86989,15.53411,16.76247,87.52422,1.30992,54.45549
Allie Love,99ee597d-39b8-4fb7-9c63-0d052a15c0a8,08/26/2025,1756242102.0,Organizational 8.27.25,201,739f1f69-3c8f-44df-8648-f67aadbff62a,17,1756239904.0,Central Midfielder,Rice WSOC,August,Tuesday,2071.0,0.0,1.17225,2071.0,4.87286,213.81932,139.01463,123.73293,84.81001,91.3917,138.86833,9.83711,16.06267,76.52045,1.29948,54.65624
Kirsten Ruf,9a8fba27-951b-4253-aac1-ae31800ac075,08/26/2025,1756242102.0,Organizational 8.27.25,201,739f1f69-3c8f-44df-8648-f67aadbff62a,22,1756239904.0,Goalkeeper,Rice WSOC,August,Tuesday,2071.0,0.0,1.00035,2071.0,4.62984,193.43602,125.91075,115.87644,78.18141,81.98913,125.98552,7.29382,16.47207,84.6236,1.13667,46.64127
Naija Bruckner,59840313-0841-4a21-a5b5-b8b24cad01b8,08/26/2025,1756248730.54,Organizational pt. 2 8.27.25,201,c2841eea-ece7-4e48-805c-c184296359c5,28,1756245510.0,Central Midfielder,Rice WSOC,August,Tuesday,3077.98,0.0,2.19197,3077.98,5.02391,418.2507,249.50104,166.99083,150.98003,166.23206,293.78947,27.66932,13.6074,74.96377,2.46241,68.76536
Eileen Albers,943afa05-aaac-4426-ba0c-1ebef4e76cb7,08/26/2025,1756242102.0,Organizational 8.27.25,201,739f1f69-3c8f-44df-8648-f67aadbff62a,12,1756239904.0,Forward,Rice WSOC,August,Tuesday,2071.0,0.0,1.1883,2071.0,4.5687,210.40031,121.09715,95.86152,75.95534,78.24438,152.40703,9.85107,17.85678,98.08426,1.32009,55.40486
Sophie Zhang,713ce913-8f9b-41cb-b395-b08e3e69186f,08/26/2025,1756248730.54,Organizational pt. 2 8.27.25,201,c2841eea-ece7-4e48-805c-c184296359c5,9,1756245510.0,Forward,Rice WSOC,August,Tuesday,3077.98,0.0,2.20181,3077.98,4.54447,429.6675,269.24266,182.75488,158.56604,182.34034,288.62874,25.48447,14.43627,81.19822,2.46817,69.07384
Kenzie Solomon,80afc22c-7b44-4cca-83af-4b9370cf2987,08/26/2025,1756248730.54,Organizational pt. 2 8.27.25,201,c2841eea-ece7-4e48-805c-c184296359c5,1,1756245510.0,Goalkeeper,Rice WSOC,August,Tuesday,3077.98,0.0,1.14488,3077.98,4.95684,174.20125,111.22763,141.55376,61.95355,79.08925,113.31716,8.00011,9.1748,74.08566,1.23804,35.91638
Taylor Rish,81828efc-2855-4216-a0d1-6a7c9201d5a0,08/26/2025,1756248730.54,Organizational pt. 2 8.27.25,201,c2841eea-ece7-4e48-805c-c184296359c5,7,1756245510.0,Full Back,Rice WSOC,August,Tuesday,3077.98,0.0,2.12868,3077.98,4.16804,274.15676,153.72151,113.29942,97.92213,97.41002,201.3385,25.10407,16.71768,79.4085,2.39037,66.77969
Jadyn Jaeger,8e9bb6cd-180e-47be-afa1-39abe9300b25,08/26/2025,1756248730.54,Organizational pt. 2 8.27.25,201,c2841eea-ece7-4e48-805c-c184296359c5,11,1756245510.0,Full Back,Rice WSOC,August,Tuesday,3077.98,0.0,2.4657,3077.98,3.30152,330.39157,199.0342,132.7848,131.92181,123.09564,234.19942,34.33891,13.60092,72.34854,2.7162,77.35239
Eileen Albers,943afa05-aaac-4426-ba0c-1ebef4e76cb7,08/26/2025,1756248730.54,Organizational pt. 2 8.27.25,201,c2841eea-ece7-4e48-805c-c184296359c5,12,1756245510.0,Forward,Rice WSOC,August,Tuesday,3077.98,0.0,2.12798,3077.98,3.98846,354.36271,195.90824,129.32608,120.93577,129.20848,263.90896,25.93779,14.76314,75.4077,2.34223,66.75771
Allie Love,99ee597d-39b8-4fb7-9c63-0d052a15c0a8,08/26/2025,1756248730.54,Organizational pt. 2 8.27.25,201,c2841eea-ece7-4e48-805c-c184296359c5,17,1756245510.0,Central Midfielder,Rice WSOC,August,Tuesday,3077.98,0.0,2.50322,3077.98,4.35446,414.40059,264.26653,163.72265,157.68176,176.88037,273.46406,34.24106,15.0141,71.83304,2.80669,78.52974
Kirsten Ruf,9a8fba27-951b-4253-aac1-ae31800ac075,08/26/2025,1756248730.54,Organizational pt. 2 8.27.25,201,c2841eea-ece7-4e48-805c-c184296359c5,22,1756245510.0,Goalkeeper,Rice WSOC,August,Tuesday,3077.98,0.0,1.42019,3077.98,5.19796,204.69567,129.9907,141.87615,79.15026,86.43486,135.3754,9.95001,11.68371,87.50558,1.5738,44.55354
Laurel Kelley,a3fa5f45-c40a-44d8-ae81-6ac82f3fc9ef,08/26/2025,1756248730.54,Organizational pt. 2 8.27.25,201,c2841eea-ece7-4e48-805c-c184296359c5,21,1756245510.0,Forward,Rice WSOC,August,Tuesday,3077.96,0.0,2.08428,3077.98,4.29077,365.35051,233.42114,155.61746,136.54571,160.91088,243.26737,26.02529,15.45456,74.86702,2.34719,65.41664
Lilly Reuscher,ad2c003d-9ca2-42b1-bc85-2440ab303b84,08/26/2025,1756248730.54,Organizational pt. 2 8.27.25,201,c2841eea-ece7-4e48-805c-c184296359c5,4,1756245510.0,Centre Back,Rice WSOC,August,Tuesday,3077.98,0.0,1.8712,3077.98,3.70603,317.45369,196.34922,136.42488,98.89523,147.8692,213.66522,19.36631,14.7466,71.52695,2.02726,58.70235
Lauren Pickup,ae01c819-c49a-41ef-aa65-20df1a8a40a9,08/26/2025,1756248730.54,Organizational pt. 2 8.27.25,201,c2841eea-ece7-4e48-805c-c184296359c5,8,1756245510.0,Full Back,Rice WSOC,August,Tuesday,3077.98,0.0,2.00347,3077.98,3.84205,342.5167,223.80357,154.09332,128.6367,155.02674,221.83099,25.83579,14.44286,80.64155,2.29323,62.85181
Mariana Elizondo,c3d64405-eb5d-4fc0-a8df-06af8ad627bf,08/26/2025,1756248730.54,Organizational pt. 2 8.27.25,201,c2841eea-ece7-4e48-805c-c184296359c5,10,1756245510.0,Central Midfielder,Rice WSOC,August,Tuesday,3077.98,0.0,2.43893,3077.98,3.50162,456.79672,281.38043,180.37858,182.01515,178.73029,314.13459,32.79116,13.17481,61.68881,2.68792,76.51257
Sam Walker,ce80f564-5fb7-4c34-8faf-d75015152871,08/26/2025,1756248730.54,Organizational pt. 2 8.27.25,201,c2841eea-ece7-4e48-805c-c184296359c5,30,1756245510.0,Goalkeeper,Rice WSOC,August,Tuesday,3077.98,0.0,1.39053,3077.98,7.45645,244.46517,160.90395,145.06066,95.82341,107.77386,155.98929,11.50037,11.43036,106.6019,1.57574,43.62292
Dayo Tennyson,d0c5a2ec-d0d5-4ae1-bc9f-ae270bfc51e9,08/26/2025,1756248730.54,Organizational pt. 2 8.27.25,201,c2841eea-ece7-4e48-805c-c184296359c5,3,1756245510.0,Full Back,Rice WSOC,August,Tuesday,3077.98,0.0,1.98245,3077.98,5.10756,415.3184,260.81241,205.65815,152.16598,177.51164,270.56096,21.65541,15.41645,75.67624,2.22251,62.19234
Chelsea Cross,d654a3c8-46fc-4466-b132-8b2ba7258344,08/26/2025,1756248730.54,Organizational pt. 2 8.27.25,201,c2841eea-ece7-4e48-805c-c184296359c5,24,1756245747.38,Central Midfielder,Rice WSOC,August,Tuesday,2864.98,0.0,2.25757,2864.98,3.73921,367.86176,214.37901,140.29316,125.7392,146.00558,260.99649,30.61517,14.80115,64.92638,2.53997,76.08856
Olivia Duvall,d91f4f1a-979c-4c34-bb2f-a8b1f5176b9e,08/26/2025,1756248730.54,Organizational pt. 2 8.27.25,201,c2841eea-ece7-4e48-805c-c184296359c5,14,1756245510.0,Wide Midfielder,Rice WSOC,August,Tuesday,3077.98,0.0,1.25657,3077.98,3.68056,185.87294,120.4532,100.02187,70.95985,82.48428,120.76287,13.60511,14.20498,72.82817,1.39407,39.42044
Camille Quarterman,e710b8f7-8542-490c-80f0-c110cb9ed839,08/26/2025,1756248730.54,Organizational pt. 2 8.27.25,201,c2841eea-ece7-4e48-805c-c184296359c5,33,1756245510.0,Wide Midfielder,Rice WSOC,August,Tuesday,3077.98,0.0,1.64386,3077.98,4.42283,280.85714,174.5408,130.75455,104.6058,118.03741,188.28968,20.19019,16.00159,65.7799,1.80683,51.57022
Megan Sweeney,76ec7312-9b6e-4355-a747-4de0c8e2d8b9,08/26/2025,1756248730.54,Organizational pt. 2 8.27.25,201,c2841eea-ece7-4e48-805c-c184296359c5,0,1756245510.0,Goalkeeper,Rice WSOC,August,Tuesday,3077.98,0.0,0.83768,3077.98,4.21516,149.24759,-13.05199,-12.04432,-8.98225,-7.62828,-13.5665,5.97543,10.83668,56.37386,0.90055,26.27914
Jadyn Jaeger,8e9bb6cd-180e-47be-afa1-39abe9300b25,08/26/2025,1756242102.0,Organizational 8.27.25,201,739f1f69-3c8f-44df-8648-f67aadbff62a,11,1756239904.0,Full Back,Rice WSOC,August,Tuesday,2071.0,0.0,1.27353,2071.0,3.12679,196.86224,122.89221,107.76209,81.8946,74.63348,135.346,11.62888,17.43672,97.74682,1.42822,59.37836
Kenna Sanders,457dc155-bdf2-48cc-8a59-2f0b4ec42ae2,08/26/2025,1756242102.0,Organizational 8.27.25,201,739f1f69-3c8f-44df-8648-f67aadbff62a,18,1756239904.0,Forward,Rice WSOC,August,Tuesday,2071.0,0.0,1.09113,2071.0,3.97451,208.88472,129.40728,118.97758,74.14072,89.98737,140.82971,8.88315,15.3538,61.1357,1.18587,50.8741
Jessica Molina,49ee30cf-715d-49d2-bfd4-f208c806a5db,08/26/2025,1756242102.0,Organizational 8.27.25,201,739f1f69-3c8f-44df-8648-f67aadbff62a,16,1756239904.0,Forward,Rice WSOC,August,Tuesday,2071.0,0.0,1.20978,2071.0,4.1929,217.98513,138.55257,120.47744,89.59095,86.85476,145.67734,9.70939,17.36146,84.80667,1.34125,56.40608
Taylor Rish,81828efc-2855-4216-a0d1-6a7c9201d5a0,08/26/2025,1756242102.0,Organizational 8.27.25,201,739f1f69-3c8f-44df-8648-f67aadbff62a,7,1756239904.0,Full Back,Rice WSOC,August,Tuesday,2071.0,0.0,1.13713,2071.0,4.10412,162.163,89.47348,81.50974,55.36975,58.35627,121.18145,9.50386,17.80899,97.47336,1.2793,53.01862
Kenzie Solomon,80afc22c-7b44-4cca-83af-4b9370cf2987,08/26/2025,1756242102.0,Organizational 8.27.25,201,739f1f69-3c8f-44df-8648-f67aadbff62a,1,1756239904.0,Goalkeeper,Rice WSOC,August,Tuesday,2071.0,0.0,1.13004,2071.0,4.58943,204.24051,126.16463,133.86273,71.98816,88.01841,139.48146,8.69488,16.75556,74.90797,1.24117,52.68823
Megan Sweeney,76ec7312-9b6e-4355-a747-4de0c8e2d8b9,08/26/2025,1756242102.0,Organizational 8.27.25,201,739f1f69-3c8f-44df-8648-f67aadbff62a,0,1756239904.0,Goalkeeper,Rice WSOC,August,Tuesday,2071.0,0.0,1.04314,2071.0,4.33991,197.50021,128.63901,127.85123,85.28537,78.66361,128.84147,8.31929,16.86125,75.82941,1.17489,48.63639
Sophie Zhang,713ce913-8f9b-41cb-b395-b08e3e69186f,08/26/2025,1756242102.0,Organizational 8.27.25,201,739f1f69-3c8f-44df-8648-f67aadbff62a,9,1756239904.0,Forward,Rice WSOC,August,Tuesday,2071.0,0.0,1.1247,2071.0,5.49999,243.85831,153.67463,130.68194,96.54212,98.03072,163.8388,9.16483,16.48818,93.70737,1.24607,52.43942
Isabelle Kent,6e66b652-d707-4f6a-86d3-61696dab1831,08/26/2025,1756242102.0,Organizational 8.27.25,201,739f1f69-3c8f-44df-8648-f67aadbff62a,2,1756239904.0,Full Back,Rice WSOC,August,Tuesday,2071.0,0.0,1.09963,2071.0,3.86852,192.80909,122.18397,108.41717,72.88925,82.81681,126.8235,10.19562,16.65201,80.41103,1.20678,51.27057
Carsyn Martz,5ec6f0de-aa33-44a6-9b7e-676076c27478,08/26/2025,1756242102.0,Organizational 8.27.25,201,739f1f69-3c8f-44df-8648-f67aadbff62a,20,1756239904.0,Centre Back,Rice WSOC,August,Tuesday,2071.0,0.0,1.16957,2071.0,5.33471,195.39653,121.47231,103.89659,74.16632,79.47129,132.8805,10.51573,17.53103,86.65726,1.2857,54.53143
Naija Bruckner,59840313-0841-4a21-a5b5-b8b24cad01b8,08/26/2025,1756242102.0,Organizational 8.27.25,201,739f1f69-3c8f-44df-8648-f67aadbff62a,28,1756239904.0,Central Midfielder,Rice WSOC,August,Tuesday,2071.0,0.0,1.1688,2071.0,3.74283,226.12779,137.26307,119.64853,84.64186,90.17717,157.49981,12.02513,16.48684,71.9821,1.31335,54.49554
Mia Brumlow,e9141800-8f9c-4a98-8265-2ae17f48913e,08/26/2025,1756248730.54,Organizational pt. 2 8.27.25,201,c2841eea-ece7-4e48-805c-c184296359c5,13,1756245510.0,Wide Midfielder,Rice WSOC,August,Tuesday,3077.98,0.0,1.88363,3077.98,4.54058,311.96616,190.58738,151.93158,115.38184,128.60081,215.07833,20.46344,14.50771,68.52358,2.06456,59.09205
Isabelle Kent,6e66b652-d707-4f6a-86d3-61696dab1831,08/26/2025,1756248730.54,Organizational pt. 2 8.27.25,201,c2841eea-ece7-4e48-805c-c184296359c5,2,1756245510.0,Full Back,Rice WSOC,August,Tuesday,3077.98,0.0,2.2247,3077.98,3.99788,364.63529,-12.43321,-15.80305,-7.55707,-8.25537,-12.75423,30.28365,13.26334,67.11037,2.39826,69.79192
Bailey Peek,1d2f6fbf-8215-4ae2-ae70-ed9d981fcd85,08/26/2025,1756242102.0,Organizational 8.27.25,201,739f1f69-3c8f-44df-8648-f67aadbff62a,6,1756239904.0,Centre Back,Rice WSOC,August,Tuesday,2071.0,0.0,1.00807,2071.0,3.84656,182.03954,113.64699,88.51467,66.60091,77.50939,123.16903,9.58455,16.95202,89.87803,1.12978,47.00118
Piper Biziorek,fb332127-6268-4995-a140-9076566dc702,08/26/2025,1756248730.54,Organizational pt. 2 8.27.25,201,c2841eea-ece7-4e48-805c-c184296359c5,15,1756245510.0,Central Midfielder,Rice WSOC,August,Tuesday,3077.98,0.0,2.67664,3077.98,4.42515,471.04756,296.38441,140.20389,160.56548,212.98968,315.89354,42.14894,14.53973,87.03606,3.05865,83.96997
Jordyn Mariam,f7e75558-805b-459d-b944-ec8d5a5beeac,08/26/2025,1756248730.54,Organizational pt. 2 8.27.25,201,c2841eea-ece7-4e48-805c-c184296359c5,5,1756245510.0,Wide Midfielder,Rice WSOC,August,Tuesday,3077.98,0.0,2.10827,3077.98,4.50405,363.17231,233.30175,150.84515,132.31834,163.7074,233.51937,22.72506,15.02741,69.71786,2.34313,66.13947
Bailey Peek,1d2f6fbf-8215-4ae2-ae70-ed9d981fcd85,08/26/2025,1756248730.54,Organizational pt. 2 8.27.25,201,c2841eea-ece7-4e48-805c-c184296359c5,6,1756245747.38,Centre Back,Rice WSOC,August,Tuesday,2864.96,0.0,1.25922,2864.98,3.23656,171.51787,-0.96087,-1.38294,-0.54525,-0.68369,-0.82208,14.50434,13.66228,58.6117,1.36712,42.44938
Kenna Sanders,457dc155-bdf2-48cc-8a59-2f0b4ec42ae2,08/26/2025,1756248730.54,Organizational pt. 2 8.27.25,201,c2841eea-ece7-4e48-805c-c184296359c5,18,1756245510.0,Forward,Rice WSOC,August,Tuesday,3077.98,0.0,2.21368,3077.98,4.01486,407.9111,-9.44979,-13.18118,-5.44659,-6.52436,-9.83142,25.89059,14.12954,60.33463,2.45556,69.44646
Jessica Molina,49ee30cf-715d-49d2-bfd4-f208c806a5db,08/26/2025,1756248730.54,Organizational pt. 2 8.27.25,201,c2841eea-ece7-4e48-805c-c184296359c5,16,1756245510.0,Forward,Rice WSOC,August,Tuesday,3077.98,0.0,1.13468,3077.98,3.33614,186.74255,118.19345,95.64094,73.5191,77.21247,124.59478,14.81383,14.15555,72.62959,1.23329,35.59662
Carsyn Martz,5ec6f0de-aa33-44a6-9b7e-676076c27478,08/26/2025,1756248730.54,Organizational pt. 2 8.27.25,201,c2841eea-ece7-4e48-805c-c184296359c5,20,1756245510.0,Centre Back,Rice WSOC,August,Tuesday,3077.98,0.0,2.18454,3077.98,3.98253,342.79077,210.86208,146.98282,131.30719,135.5525,234.21925,26.81524,13.44695,64.27364,2.38905,68.53219
Bailey Peek,1d2f6fbf-8215-4ae2-ae70-ed9d981fcd85,08/24/2025,1756042993.0,BP Low min,201,32086d71-0af6-435c-8167-ce66ba20da7c,6,1756040976.0,Centre Back,Rice WSOC,August,Sunday,2016.98,0.0,2.16899,2017.0,2.65487,306.67188,186.01915,53.82576,98.13217,137.2216,215.79292,36.28704,11.69595,52.75948,2.33179,104.33362
Chelsea Cross,d654a3c8-46fc-4466-b132-8b2ba7258344,08/24/2025,1756058850.0,@ UNC 8.27.25,201,5a07b117-3feb-4d11-abb9-9a6221ae9fda,24,1756051496.0,Central Midfielder,Rice WSOC,August,Sunday,1835.83,4542.17,2.00865,1835.83,4.2741,389.20477,221.82683,110.8074,136.21214,144.50458,282.79407,26.06344,13.19521,66.83971,2.29042,105.65079
Piper Biziorek,fb332127-6268-4995-a140-9076566dc702,08/24/2025,1756058850.0,@ UNC 8.27.25,201,5a07b117-3feb-4d11-abb9-9a6221ae9fda,15,1756051496.0,Central Midfielder,Rice WSOC,August,Sunday,3501.09,2876.91,4.42204,3501.09,6.33467,807.03113,518.82785,183.18941,273.39597,382.08534,535.10396,72.129,15.90959,81.45832,5.14877,121.96071
Eileen Albers,943afa05-aaac-4426-ba0c-1ebef4e76cb7,08/24/2025,1756058850.0,@ UNC 8.27.25,201,5a07b117-3feb-4d11-abb9-9a6221ae9fda,12,1756051496.0,Forward,Rice WSOC,August,Sunday,4427.25,1950.75,4.31794,4427.25,7.00568,729.79764,401.73349,202.58842,240.09583,269.825,543.02637,57.60997,17.5842,77.31071,4.78022,94.1766
Jessica Molina,49ee30cf-715d-49d2-bfd4-f208c806a5db,08/24/2025,1756058850.0,@ UNC 8.27.25,201,5a07b117-3feb-4d11-abb9-9a6221ae9fda,16,1756051496.0,Forward,Rice WSOC,August,Sunday,1198.74,5179.26,1.00222,1198.74,4.29913,160.16492,100.49637,56.89436,63.81873,63.92421,109.01935,16.02266,14.26687,69.60033,1.14843,80.73058
Naija Bruckner,59840313-0841-4a21-a5b5-b8b24cad01b8,08/24/2025,1756058850.0,@ UNC 8.27.25,201,5a07b117-3feb-4d11-abb9-9a6221ae9fda,28,1756051496.0,Central Midfielder,Rice WSOC,August,Sunday,4932.82,1445.18,4.83054,4932.82,6.66405,837.9834,484.79854,278.38478,289.98202,327.46888,604.75139,63.26694,16.41116,86.72107,5.44897,94.55849
Carsyn Martz,5ec6f0de-aa33-44a6-9b7e-676076c27478,08/24/2025,1756058850.0,@ UNC 8.27.25,201,5a07b117-3feb-4d11-abb9-9a6221ae9fda,20,1756051496.0,Centre Back,Rice WSOC,August,Sunday,4721.8,1656.2,3.98549,4721.8,6.15391,607.95509,341.94479,244.83138,203.73421,229.39008,437.39178,43.26372,15.98644,80.18398,4.40067,81.50322
Isabelle Kent,6e66b652-d707-4f6a-86d3-61696dab1831,08/24/2025,1756054385.0,@ UNC 8.27.25,201,5a07b117-3feb-4d11-abb9-9a6221ae9fda,2,1756051496.0,Full Back,Rice WSOC,August,Sunday,147.05,2741.95,0.11896,147.05,3.72087,20.54144,13.21033,7.34146,7.78049,9.02412,13.67444,0.59953,9.74812,42.90951,0.13304,78.11667
Sophie Zhang,713ce913-8f9b-41cb-b395-b08e3e69186f,08/24/2025,1756054385.0,@ UNC 8.27.25,201,5a07b117-3feb-4d11-abb9-9a6221ae9fda,9,1756051496.0,Forward,Rice WSOC,August,Sunday,1453.58,1435.42,1.46992,1453.58,4.40134,297.28333,185.95694,114.84135,101.16819,132.84458,200.3278,16.35888,14.50074,72.06011,1.68004,97.64598
Kenzie Solomon,80afc22c-7b44-4cca-83af-4b9370cf2987,08/24/2025,1756058850.0,@ UNC 8.27.25,201,5a07b117-3feb-4d11-abb9-9a6221ae9fda,1,1756055361.0,Goalkeeper,Rice WSOC,August,Sunday,3489.0,0.0,1.95756,3489.0,4.94841,240.71121,153.20242,191.35779,89.03413,105.48421,159.03714,11.69978,10.52898,76.16655,2.07783,54.17689
Taylor Rish,81828efc-2855-4216-a0d1-6a7c9201d5a0,08/24/2025,1756058850.0,@ UNC 8.27.25,201,5a07b117-3feb-4d11-abb9-9a6221ae9fda,7,1756051496.0,Full Back,Rice WSOC,August,Sunday,5242.37,1135.63,4.8775,5242.37,6.55734,936.30353,584.90408,341.74872,361.5616,385.53191,633.43575,58.39536,15.7325,77.94221,5.48427,89.83996
Leah Chancey,85ed14d3-34f0-42fc-8477-c03064e998f4,08/24/2025,1756058850.0,@ UNC 8.27.25,201,5a07b117-3feb-4d11-abb9-9a6221ae9fda,23,1756051496.0,Forward,Rice WSOC,August,Sunday,3005.44,3372.56,3.29687,3005.44,4.82966,556.01514,326.24289,166.22282,192.3635,219.35839,389.99747,44.67342,15.13286,69.40537,3.61732,105.92391
Betty Velkova,8b0cb352-4da9-4349-b147-77a3736ea957,08/24/2025,1756054385.0,@ UNC 8.27.25,201,5a07b117-3feb-4d11-abb9-9a6221ae9fda,19,1756051496.0,Forward,Rice WSOC,August,Sunday,1577.99,1311.01,1.80958,1577.99,4.69805,362.28952,228.48633,101.49518,142.10059,147.34005,243.8613,26.71047,14.88079,73.68452,2.02545,110.7323
Jadyn Jaeger,8e9bb6cd-180e-47be-afa1-39abe9300b25,08/24/2025,1756058850.0,@ UNC 8.27.25,201,5a07b117-3feb-4d11-abb9-9a6221ae9fda,11,1756051496.0,Full Back,Rice WSOC,August,Sunday,4696.4,1681.6,4.87481,4696.4,4.56474,674.77197,436.52415,258.57945,288.55779,266.46022,435.23422,65.11696,14.79484,68.99575,5.39024,100.22884
Jules Johnston,931babc9-289c-47bf-970a-22d756ac9f5a,08/24/2025,1756058850.0,@ UNC 8.27.25,201,5a07b117-3feb-4d11-abb9-9a6221ae9fda,25,1756051496.0,Forward,Rice WSOC,August,Sunday,2209.92,4168.08,2.23366,2209.92,5.03816,401.43182,257.89667,120.90376,144.06782,182.16418,266.37137,30.18023,15.71273,68.69292,2.56002,97.59788
Allie Love,99ee597d-39b8-4fb7-9c63-0d052a15c0a8,08/24/2025,1756054385.0,@ UNC 8.27.25,201,5a07b117-3feb-4d11-abb9-9a6221ae9fda,17,1756051496.0,Central Midfielder,Rice WSOC,August,Sunday,847.53,2041.47,1.00049,847.53,5.20734,179.67642,112.56244,54.8943,66.43002,76.6422,121.93134,14.33704,15.38669,72.31231,1.15551,113.98805
Kirsten Ruf,9a8fba27-951b-4253-aac1-ae31800ac075,08/24/2025,1756054385.0,@ UNC 8.27.25,201,5a07b117-3feb-4d11-abb9-9a6221ae9fda,22,1756051496.0,Goalkeeper,Rice WSOC,August,Sunday,2889.0,0.0,1.29245,2889.0,5.33836,207.34534,134.84258,158.3494,81.9548,89.49416,134.89154,6.5541,10.57985,66.74921,1.42729,43.1982
Laurel Kelley,a3fa5f45-c40a-44d8-ae81-6ac82f3fc9ef,08/24/2025,1756058850.0,@ UNC 8.27.25,201,5a07b117-3feb-4d11-abb9-9a6221ae9fda,21,1756051496.0,Forward,Rice WSOC,August,Sunday,1670.87,4707.13,1.72678,1670.87,4.30556,288.59,183.11772,109.51277,102.25931,131.01396,192.16199,22.57553,15.49893,73.11702,1.93222,99.79163
Lilly Reuscher,ad2c003d-9ca2-42b1-bc85-2440ab303b84,08/24/2025,1756058850.0,@ UNC 8.27.25,201,5a07b117-3feb-4d11-abb9-9a6221ae9fda,4,1756051496.0,Centre Back,Rice WSOC,August,Sunday,6378.0,0.0,5.14073,6378.0,4.35509,802.3916,499.13948,354.83812,286.62173,345.78105,545.49823,52.83176,15.88811,78.61904,5.61568,77.82877
Lauren Pickup,ae01c819-c49a-41ef-aa65-20df1a8a40a9,08/24/2025,1756058850.0,@ UNC 8.27.25,201,5a07b117-3feb-4d11-abb9-9a6221ae9fda,8,1756051496.0,Full Back,Rice WSOC,August,Sunday,2498.1,3879.9,2.74383,2498.1,3.74181,480.90741,303.33896,148.211,170.70715,212.80648,317.68829,39.80515,15.97122,79.21926,3.10181,106.05883
Mariana Elizondo,c3d64405-eb5d-4fc0-a8df-06af8ad627bf,08/24/2025,1756058850.0,@ UNC 8.27.25,201,5a07b117-3feb-4d11-abb9-9a6221ae9fda,10,1756051496.0,Central Midfielder,Rice WSOC,August,Sunday,3306.73,3071.27,3.58662,3306.73,5.16201,643.98883,391.98779,184.83531,242.02576,258.82863,448.5213,49.1904,14.56094,71.53011,3.99952,104.73373
Dayo Tennyson,d0c5a2ec-d0d5-4ae1-bc9f-ae270bfc51e9,08/24/2025,1756058850.0,@ UNC 8.27.25,201,5a07b117-3feb-4d11-abb9-9a6221ae9fda,3,1756051496.0,Full Back,Rice WSOC,August,Sunday,5395.61,982.39,4.70883,5395.61,6.39729,1001.57294,656.65213,441.96312,413.15736,420.40904,625.90471,53.47227,16.90822,93.07684,5.35747,84.26997
Olivia Duvall,d91f4f1a-979c-4c34-bb2f-a8b1f5176b9e,08/24/2025,1756058850.0,@ UNC 8.27.25,201,5a07b117-3feb-4d11-abb9-9a6221ae9fda,14,1756051496.0,Wide Midfielder,Rice WSOC,August,Sunday,4386.57,1991.43,4.16748,4386.57,5.46055,596.79419,364.59735,209.50728,211.83861,251.05579,407.87518,50.07852,17.06934,82.82909,4.69455,91.73775
Camille Quarterman,e710b8f7-8542-490c-80f0-c110cb9ed839,08/24/2025,1756058850.0,@ UNC 8.27.25,201,5a07b117-3feb-4d11-abb9-9a6221ae9fda,33,1756055361.0,Wide Midfielder,Rice WSOC,August,Sunday,2842.97,646.03,2.7553,2842.97,5.01076,471.69174,301.76781,164.23183,178.29808,209.23897,305.2428,34.80916,16.6854,89.32336,3.23649,93.58279
Mia Brumlow,e9141800-8f9c-4a98-8265-2ae17f48913e,08/24/2025,1756054385.0,@ UNC 8.27.25,201,5a07b117-3feb-4d11-abb9-9a6221ae9fda,13,1756051496.0,Wide Midfielder,Rice WSOC,August,Sunday,314.13,2574.87,0.31552,314.13,4.33971,63.26627,37.5567,25.56184,23.29224,24.60044,44.59143,2.65176,15.27599,62.76957,0.37627,96.98825
Jordyn Mariam,f7e75558-805b-459d-b944-ec8d5a5beeac,08/24/2025,1756058850.0,@ UNC 8.27.25,201,5a07b117-3feb-4d11-abb9-9a6221ae9fda,5,1756055361.0,Wide Midfielder,Rice WSOC,August,Sunday,869.92,2619.08,0.88131,869.92,3.76276,165.38596,110.1705,43.897,65.91193,73.82193,103.44385,11.6502,14.28621,62.56416,1.0148,97.82471
Bailey Peek,1d2f6fbf-8215-4ae2-ae70-ed9d981fcd85,08/23/2025,1755955269.0,BP Low min,201,a99cf502-f20c-4846-9630-df662c40a35f,6,1755953561.0,Centre Back,Rice WSOC,August,Saturday,1707.98,0.0,2.07567,1708.0,2.17653,291.38791,169.22456,34.25171,86.14026,128.01448,213.02239,38.067,12.62902,37.93978,2.11744,120.0455
Mia Brumlow,e9141800-8f9c-4a98-8265-2ae17f48913e,08/22/2025,1755899354.0,Organizational 8.22.25,201,b4ce6e35-bfc5-4f28-a3f4-04acdcb1f654,13,1755896517.0,Wide Midfielder,Rice WSOC,August,Friday,2794.0,0.0,1.67667,2794.0,4.12203,300.77602,191.51377,134.20667,121.4742,123.66436,199.60571,18.1811,15.7483,68.53025,1.8839,57.94555
Piper Biziorek,fb332127-6268-4995-a140-9076566dc702,08/22/2025,1755899354.0,Organizational 8.22.25,201,b4ce6e35-bfc5-4f28-a3f4-04acdcb1f654,15,1755896517.0,Central Midfielder,Rice WSOC,August,Friday,2794.0,0.0,2.97185,2794.0,5.08016,586.05685,400.18906,191.12412,234.18772,275.79107,359.31851,44.74984,14.46351,90.79667,3.4267,102.7073
Sophie Zhang,713ce913-8f9b-41cb-b395-b08e3e69186f,08/22/2025,1755899354.0,Organizational 8.22.25,201,b4ce6e35-bfc5-4f28-a3f4-04acdcb1f654,9,1755896517.0,Forward,Rice WSOC,August,Friday,2794.0,0.0,1.99114,2794.0,5.03493,397.86392,248.39473,162.03339,148.78344,166.50009,268.95806,22.22178,13.98982,72.48823,2.27353,68.81376
Camille Quarterman,e710b8f7-8542-490c-80f0-c110cb9ed839,08/22/2025,1755899354.0,Organizational 8.22.25,201,b4ce6e35-bfc5-4f28-a3f4-04acdcb1f654,33,1755896517.0,Wide Midfielder,Rice WSOC,August,Friday,2794.0,0.0,1.91993,2794.0,3.62265,311.34892,205.44137,125.65073,118.97073,143.05783,197.4461,25.84342,16.15217,77.70647,2.20241,66.35272
Jadyn Jaeger,8e9bb6cd-180e-47be-afa1-39abe9300b25,08/22/2025,1755899354.0,Organizational 8.22.25,201,b4ce6e35-bfc5-4f28-a3f4-04acdcb1f654,11,1755896517.0,Full Back,Rice WSOC,August,Friday,2794.0,0.0,2.5061,2794.0,3.7327,331.66191,196.45886,124.8131,127.1592,124.28971,238.23143,28.04954,13.06978,76.37433,2.78647,86.61071
Bailey Peek,1d2f6fbf-8215-4ae2-ae70-ed9d981fcd85,08/22/2025,1755899354.0,Organizational 8.22.25,201,b4ce6e35-bfc5-4f28-a3f4-04acdcb1f654,6,1755896517.0,Centre Back,Rice WSOC,August,Friday,2794.0,0.0,2.32979,2794.0,3.58487,368.6806,230.60275,165.39063,135.3603,158.00529,247.34734,27.02546,16.15427,65.21288,2.56567,80.5174
Kenna Sanders,457dc155-bdf2-48cc-8a59-2f0b4ec42ae2,08/22/2025,1755899354.0,Organizational 8.22.25,201,b4ce6e35-bfc5-4f28-a3f4-04acdcb1f654,18,1755896517.0,Forward,Rice WSOC,August,Friday,2794.0,0.0,1.48572,2794.0,3.7944,266.83643,169.34336,132.74634,93.44924,120.70636,175.65975,13.93763,11.68119,53.38674,1.62286,51.34647
Jessica Molina,49ee30cf-715d-49d2-bfd4-f208c806a5db,08/22/2025,1755899354.0,Organizational 8.22.25,201,b4ce6e35-bfc5-4f28-a3f4-04acdcb1f654,16,1755896517.0,Forward,Rice WSOC,August,Friday,2794.0,0.0,1.61865,2794.0,3.80776,230.79059,134.69212,110.22466,81.36678,89.53046,165.39087,16.14719,12.47097,65.02935,1.79055,55.94038
Naija Bruckner,59840313-0841-4a21-a5b5-b8b24cad01b8,08/22/2025,1755899354.0,Organizational 8.22.25,201,b4ce6e35-bfc5-4f28-a3f4-04acdcb1f654,28,1755896517.0,Central Midfielder,Rice WSOC,August,Friday,2794.0,0.0,2.3519,2794.0,5.46655,412.68884,240.14231,141.39222,144.84172,160.95649,295.16765,28.48515,14.80992,76.83754,2.62888,81.28174
Carsyn Martz,5ec6f0de-aa33-44a6-9b7e-676076c27478,08/22/2025,1755899354.0,Organizational 8.22.25,201,b4ce6e35-bfc5-4f28-a3f4-04acdcb1f654,20,1755896517.0,Centre Back,Rice WSOC,August,Friday,2794.0,0.0,2.36388,2794.0,4.90908,361.18013,211.20739,155.60333,131.55751,136.73246,255.48167,25.92317,15.82149,62.13121,2.63032,81.69569
Isabelle Kent,6e66b652-d707-4f6a-86d3-61696dab1831,08/22/2025,1755899354.0,Organizational 8.22.25,201,b4ce6e35-bfc5-4f28-a3f4-04acdcb1f654,2,1755896517.0,Full Back,Rice WSOC,August,Friday,2794.0,0.0,1.63603,2794.0,3.20147,261.83675,165.73408,137.03614,90.50694,120.20583,174.02676,16.76726,12.52112,60.10465,1.78822,56.54124
Megan Sweeney,76ec7312-9b6e-4355-a747-4de0c8e2d8b9,08/22/2025,1755899354.0,Organizational 8.22.25,201,b4ce6e35-bfc5-4f28-a3f4-04acdcb1f654,0,1755896517.0,Goalkeeper,Rice WSOC,August,Friday,2794.0,0.0,0.943,2794.0,5.6009,169.08162,114.77179,119.4753,73.5831,73.05902,104.53583,8.231,9.5094,66.61706,1.06143,32.58993
Kenzie Solomon,80afc22c-7b44-4cca-83af-4b9370cf2987,08/22/2025,1755899354.0,Organizational 8.22.25,201,b4ce6e35-bfc5-4f28-a3f4-04acdcb1f654,1,1755896517.0,Goalkeeper,Rice WSOC,August,Friday,2794.0,0.0,1.43669,2794.0,6.11226,221.89592,143.03481,147.83717,79.93011,101.40081,144.76141,11.20124,9.72294,59.00056,1.57307,49.65191
Taylor Rish,81828efc-2855-4216-a0d1-6a7c9201d5a0,08/22/2025,1755899354.0,Organizational 8.22.25,201,b4ce6e35-bfc5-4f28-a3f4-04acdcb1f654,7,1755896517.0,Full Back,Rice WSOC,August,Friday,2794.0,0.0,2.12062,2794.0,4.76838,350.44388,200.46334,158.04832,117.41703,137.04333,249.17603,21.69145,14.19429,66.91913,2.38206,73.28852
Leah Chancey,85ed14d3-34f0-42fc-8477-c03064e998f4,08/22/2025,1755899354.0,Organizational 8.22.25,201,b4ce6e35-bfc5-4f28-a3f4-04acdcb1f654,23,1755896517.0,Forward,Rice WSOC,August,Friday,2794.0,0.0,1.86875,2794.0,4.58971,286.00454,169.66948,126.44706,99.19773,115.12194,200.11632,19.6449,15.60223,55.52115,2.08092,64.58416
Olivia Duvall,d91f4f1a-979c-4c34-bb2f-a8b1f5176b9e,08/22/2025,1755899354.0,Organizational 8.22.25,201,b4ce6e35-bfc5-4f28-a3f4-04acdcb1f654,14,1755896517.0,Wide Midfielder,Rice WSOC,August,Friday,2794.0,0.0,1.75243,2794.0,4.35876,249.72086,159.56849,118.39312,96.58311,106.23565,165.60682,17.71713,14.58337,79.97703,1.97214,60.56384
Betty Velkova,8b0cb352-4da9-4349-b147-77a3736ea957,08/22/2025,1755899354.0,Organizational 8.22.25,201,b4ce6e35-bfc5-4f28-a3f4-04acdcb1f654,19,1755896517.0,Forward,Rice WSOC,August,Friday,2794.0,0.0,2.63631,2794.0,4.24447,512.3837,323.98781,162.48936,203.72131,206.91269,342.79687,34.76431,14.214,69.94606,2.93698,91.1108
Jules Johnston,931babc9-289c-47bf-970a-22d756ac9f5a,08/22/2025,1755899354.0,Organizational 8.22.25,201,b4ce6e35-bfc5-4f28-a3f4-04acdcb1f654,25,1755896517.0,Forward,Rice WSOC,August,Friday,2794.0,0.0,1.59486,2794.0,4.28656,299.73788,192.8082,146.06947,116.30519,128.42212,198.55244,14.59189,14.06833,63.12032,1.7895,55.11827
Eileen Albers,943afa05-aaac-4426-ba0c-1ebef4e76cb7,08/22/2025,1755899354.0,Organizational 8.22.25,201,b4ce6e35-bfc5-4f28-a3f4-04acdcb1f654,12,1755896517.0,Forward,Rice WSOC,August,Friday,2794.0,0.0,2.39146,2794.0,3.87291,384.54425,206.58965,134.66081,125.12498,138.43726,292.61189,27.54342,12.66774,74.71235,2.60607,82.64892
Allie Love,99ee597d-39b8-4fb7-9c63-0d052a15c0a8,08/22/2025,1755899354.0,Organizational 8.22.25,201,b4ce6e35-bfc5-4f28-a3f4-04acdcb1f654,17,1755896517.0,Central Midfielder,Rice WSOC,August,Friday,2794.0,0.0,2.45355,2794.0,4.58726,401.79581,254.57177,134.39785,151.50473,170.82276,267.52349,31.61989,15.10301,60.26652,2.72942,84.79484
Kirsten Ruf,9a8fba27-951b-4253-aac1-ae31800ac075,08/22/2025,1755899354.0,Organizational 8.22.25,201,b4ce6e35-bfc5-4f28-a3f4-04acdcb1f654,22,1755896517.0,Goalkeeper,Rice WSOC,August,Friday,2794.0,0.0,1.16923,2794.0,6.89376,205.83981,137.5143,132.8772,82.97038,92.5066,129.33228,8.15393,11.42728,94.29765,1.33459,40.40854
Laurel Kelley,a3fa5f45-c40a-44d8-ae81-6ac82f3fc9ef,08/22/2025,1755899354.0,Organizational 8.22.25,201,b4ce6e35-bfc5-4f28-a3f4-04acdcb1f654,21,1755896517.0,Forward,Rice WSOC,August,Friday,2794.0,0.0,2.17891,2794.0,7.21417,361.87845,227.13205,145.96814,122.81799,164.35665,246.84326,24.35658,13.56837,73.92109,2.4301,75.30301
Lilly Reuscher,ad2c003d-9ca2-42b1-bc85-2440ab303b84,08/22/2025,1755899354.0,Organizational 8.22.25,201,b4ce6e35-bfc5-4f28-a3f4-04acdcb1f654,4,1755896517.0,Centre Back,Rice WSOC,August,Friday,2794.0,0.0,1.9178,2794.0,4.07971,325.23825,204.70528,151.87805,117.07851,142.07655,218.19366,18.7931,13.36206,56.77153,2.09672,66.27922
Lauren Pickup,ae01c819-c49a-41ef-aa65-20df1a8a40a9,08/22/2025,1755899354.0,Organizational 8.22.25,201,b4ce6e35-bfc5-4f28-a3f4-04acdcb1f654,8,1755896517.0,Full Back,Rice WSOC,August,Friday,2794.0,0.0,1.89841,2794.0,3.22155,295.12894,188.83864,129.6581,108.07755,132.09454,195.37161,22.24068,13.29639,67.41743,2.13259,65.60919
Mariana Elizondo,c3d64405-eb5d-4fc0-a8df-06af8ad627bf,08/22/2025,1755899354.0,Organizational 8.22.25,201,b4ce6e35-bfc5-4f28-a3f4-04acdcb1f654,10,1755896517.0,Central Midfielder,Rice WSOC,August,Friday,2794.0,0.0,2.47949,2794.0,4.06337,480.27744,299.5552,183.8448,183.67131,200.98835,322.28947,30.32355,11.83816,59.04721,2.72693,85.6913
Sam Walker,ce80f564-5fb7-4c34-8faf-d75015152871,08/22/2025,1755900144.0,Organizational 8.22.25,201,b4ce6e35-bfc5-4f28-a3f4-04acdcb1f654,30,1755898060.0,Goalkeeper,Rice WSOC,August,Friday,2083.98,0.0,0.92989,2084.0,5.91021,145.54626,97.89637,93.43526,58.8377,65.13331,90.35771,7.83142,11.18891,59.25452,1.04567,43.23317
Dayo Tennyson,d0c5a2ec-d0d5-4ae1-bc9f-ae270bfc51e9,08/22/2025,1755899354.0,Organizational 8.22.25,201,b4ce6e35-bfc5-4f28-a3f4-04acdcb1f654,3,1755896517.0,Full Back,Rice WSOC,August,Friday,2794.0,0.0,2.10167,2794.0,6.34635,470.49113,302.46977,215.49641,184.93787,194.74644,296.61713,21.30109,13.74883,80.98102,2.39648,72.63355
Chelsea Cross,d654a3c8-46fc-4466-b132-8b2ba7258344,08/22/2025,1755899354.0,Organizational 8.22.25,201,b4ce6e35-bfc5-4f28-a3f4-04acdcb1f654,24,1755896517.0,Central Midfielder,Rice WSOC,August,Friday,2794.0,0.0,2.57056,2794.0,3.92143,438.63933,253.95105,152.53407,156.35397,166.90582,313.91766,31.62752,12.7693,66.27567,2.90419,88.83865
Mia Brumlow,e9141800-8f9c-4a98-8265-2ae17f48913e,08/21/2025,1755816806.6,Game warmup 8.21.25,201,84797a61-35ba-4808-b0f5-4d959fa04abf,13,1755814673.56,Wide Midfielder,Rice WSOC,August,Thursday,2133.02,0.0,1.12022,2133.04,3.57575,191.83444,118.23433,116.53266,73.80783,76.24008,131.5717,9.80854,14.89142,84.95985,1.2528,51.89093
Piper Biziorek,fb332127-6268-4995-a140-9076566dc702,08/21/2025,1755816806.6,Game warmup 8.21.25,201,84797a61-35ba-4808-b0f5-4d959fa04abf,15,1755814673.56,Central Midfielder,Rice WSOC,August,Thursday,2133.02,0.0,1.32629,2133.04,3.57973,245.77855,161.40355,148.41422,98.26794,108.13132,158.99523,13.63501,14.29044,74.91461,1.48542,61.4014
Jordyn Mariam,f7e75558-805b-459d-b944-ec8d5a5beeac,08/21/2025,1755816806.6,Game warmup 8.21.25,201,84797a61-35ba-4808-b0f5-4d959fa04abf,5,1755814673.56,Wide Midfielder,Rice WSOC,August,Thursday,2133.02,0.0,1.14888,2133.04,3.51364,216.13031,141.1102,132.93728,90.34528,89.1019,139.04553,10.10665,13.33078,76.0222,1.27885,52.80348
Megan Sweeney,76ec7312-9b6e-4355-a747-4de0c8e2d8b9,08/21/2025,1755816806.6,Game warmup 8.21.25,201,84797a61-35ba-4808-b0f5-4d959fa04abf,0,1755814673.56,Goalkeeper,Rice WSOC,August,Thursday,2133.04,0.0,1.03568,2133.04,3.88912,149.20758,95.46625,111.98291,62.86572,59.02277,98.9334,7.68828,13.05911,59.52632,1.13936,46.88424
Camille Quarterman,e710b8f7-8542-490c-80f0-c110cb9ed839,08/21/2025,1755816806.6,Game warmup 8.21.25,201,84797a61-35ba-4808-b0f5-4d959fa04abf,33,1755814673.56,Wide Midfielder,Rice WSOC,August,Thursday,2133.02,0.0,1.19728,2133.04,3.18995,215.8849,129.03339,147.81836,78.93903,85.90253,149.45155,11.40507,14.59684,74.64246,1.32615,55.45295
Olivia Duvall,d91f4f1a-979c-4c34-bb2f-a8b1f5176b9e,08/21/2025,1755816806.6,Game warmup 8.21.25,201,84797a61-35ba-4808-b0f5-4d959fa04abf,14,1755814673.56,Wide Midfielder,Rice WSOC,August,Thursday,2133.02,0.0,1.11111,2133.04,3.06605,182.15375,115.80227,122.67186,65.78211,81.59418,119.4525,9.39195,15.92878,89.73275,1.22413,51.1402
Chelsea Cross,d654a3c8-46fc-4466-b132-8b2ba7258344,08/21/2025,1755816806.6,Game warmup 8.21.25,201,84797a61-35ba-4808-b0f5-4d959fa04abf,24,1755814673.56,Central Midfielder,Rice WSOC,August,Thursday,2133.02,0.0,1.09497,2133.04,3.53737,203.38785,124.96475,131.98078,79.33526,79.48727,139.115,9.88562,13.97396,60.81266,1.19996,50.65568
Dayo Tennyson,d0c5a2ec-d0d5-4ae1-bc9f-ae270bfc51e9,08/21/2025,1755816806.6,Game warmup 8.21.25,201,84797a61-35ba-4808-b0f5-4d959fa04abf,3,1755814673.56,Full Back,Rice WSOC,August,Thursday,2133.02,0.0,1.07557,2133.04,3.50424,242.89586,157.65874,172.88775,96.25779,102.0135,152.95755,9.01791,14.07643,77.10405,1.18708,50.17652
Sam Walker,ce80f564-5fb7-4c34-8faf-d75015152871,08/21/2025,1755816806.6,Game warmup 8.21.25,201,84797a61-35ba-4808-b0f5-4d959fa04abf,30,1755814673.56,Goalkeeper,Rice WSOC,August,Thursday,2133.04,0.0,1.00352,2133.04,5.37678,162.46066,107.51744,119.54883,64.32938,72.19651,103.34041,7.66799,12.91455,69.54607,1.10368,45.42835
Mariana Elizondo,c3d64405-eb5d-4fc0-a8df-06af8ad627bf,08/21/2025,1755816806.6,Game warmup 8.21.25,201,84797a61-35ba-4808-b0f5-4d959fa04abf,10,1755814673.56,Central Midfielder,Rice WSOC,August,Thursday,2133.02,0.0,1.23649,2133.04,3.1988,232.87082,142.08224,145.35829,92.3544,88.27715,161.00847,13.65508,13.62689,70.84669,1.34965,57.36513
Lauren Pickup,ae01c819-c49a-41ef-aa65-20df1a8a40a9,08/21/2025,1755816806.6,Game warmup 8.21.25,201,84797a61-35ba-4808-b0f5-4d959fa04abf,8,1755814673.56,Full Back,Rice WSOC,August,Thursday,2133.02,0.0,1.11747,2133.04,2.59947,175.49638,106.79312,116.87661,58.92114,76.18886,120.42519,10.03889,13.14543,79.2299,1.23055,51.6051
Lilly Reuscher,ad2c003d-9ca2-42b1-bc85-2440ab303b84,08/21/2025,1755816806.6,Game warmup 8.21.25,201,84797a61-35ba-4808-b0f5-4d959fa04abf,4,1755814673.56,Centre Back,Rice WSOC,August,Thursday,2133.02,0.0,1.04082,2133.04,2.99164,178.48003,111.79989,117.96019,64.41416,77.06276,119.5898,9.09375,13.87541,70.11817,1.15205,48.33825
Laurel Kelley,a3fa5f45-c40a-44d8-ae81-6ac82f3fc9ef,08/21/2025,1755816806.6,Game warmup 8.21.25,201,84797a61-35ba-4808-b0f5-4d959fa04abf,21,1755814673.56,Forward,Rice WSOC,August,Thursday,2133.02,0.0,1.11128,2133.04,3.86395,203.35248,125.60775,131.71625,71.9841,87.13925,139.52408,9.28109,15.41908,82.39613,1.25241,51.67512
Kirsten Ruf,9a8fba27-951b-4253-aac1-ae31800ac075,08/21/2025,1755816806.6,Game warmup 8.21.25,201,84797a61-35ba-4808-b0f5-4d959fa04abf,22,1755814673.56,Goalkeeper,Rice WSOC,August,Thursday,2133.04,0.0,1.01078,2133.04,5.07084,201.60335,131.27438,160.32264,81.99513,85.47229,129.08938,7.08757,12.84017,74.70753,1.196,45.75717
Allie Love,99ee597d-39b8-4fb7-9c63-0d052a15c0a8,08/21/2025,1755816806.6,Game warmup 8.21.25,201,84797a61-35ba-4808-b0f5-4d959fa04abf,17,1755814673.56,Central Midfielder,Rice WSOC,August,Thursday,2133.02,0.0,1.27663,2133.04,3.57249,239.63702,154.51478,162.34968,93.76964,102.39173,156.28373,9.29907,14.80416,71.67004,1.40413,59.32999
Eileen Albers,943afa05-aaac-4426-ba0c-1ebef4e76cb7,08/21/2025,1755816806.6,Game warmup 8.21.25,201,84797a61-35ba-4808-b0f5-4d959fa04abf,12,1755814673.56,Forward,Rice WSOC,August,Thursday,2133.02,0.0,1.12637,2133.04,3.51405,188.75798,108.65579,108.76436,68.21438,70.57511,136.44878,9.43266,15.38217,82.63691,1.24086,51.87733
Jules Johnston,931babc9-289c-47bf-970a-22d756ac9f5a,08/21/2025,1755816806.6,Game warmup 8.21.25,201,84797a61-35ba-4808-b0f5-4d959fa04abf,25,1755814673.56,Forward,Rice WSOC,August,Thursday,2133.04,0.0,1.0794,2133.04,3.30263,187.22394,119.37887,116.85699,68.82009,82.23398,123.75297,8.7653,14.14107,81.19288,1.19971,48.8633
Jadyn Jaeger,8e9bb6cd-180e-47be-afa1-39abe9300b25,08/21/2025,1755816806.6,Game warmup 8.21.25,201,84797a61-35ba-4808-b0f5-4d959fa04abf,11,1755814673.56,Full Back,Rice WSOC,August,Thursday,2133.02,0.0,1.06309,2133.04,3.14741,172.53613,109.14164,115.42584,73.57916,64.94253,114.91646,9.15643,16.03317,90.30525,1.19902,49.46051
Betty Velkova,8b0cb352-4da9-4349-b147-77a3736ea957,08/21/2025,1755816806.6,Game warmup 8.21.25,201,84797a61-35ba-4808-b0f5-4d959fa04abf,19,1755814673.56,Forward,Rice WSOC,August,Thursday,2133.02,0.0,1.1433,2133.04,4.13457,218.15967,129.69276,137.62405,79.87164,84.6189,153.85375,10.3702,14.48581,72.83418,1.26829,52.39741
Leah Chancey,85ed14d3-34f0-42fc-8477-c03064e998f4,08/21/2025,1755816806.6,Game warmup 8.21.25,201,84797a61-35ba-4808-b0f5-4d959fa04abf,23,1755814673.56,Forward,Rice WSOC,August,Thursday,2133.02,0.0,0.99999,2133.04,3.18194,155.24751,93.78265,114.37188,58.01537,60.87187,107.19207,8.013,13.0707,62.30973,1.07291,46.36385
Taylor Rish,81828efc-2855-4216-a0d1-6a7c9201d5a0,08/21/2025,1755816806.6,Game warmup 8.21.25,201,84797a61-35ba-4808-b0f5-4d959fa04abf,7,1755814673.56,Full Back,Rice WSOC,August,Thursday,2133.02,0.0,0.96879,2133.04,4.2854,171.0993,103.75721,105.11686,63.10295,68.48018,118.20634,7.43709,12.45847,70.43533,1.07741,44.75006
Kenzie Solomon,80afc22c-7b44-4cca-83af-4b9370cf2987,08/21/2025,1755816806.6,Game warmup 8.21.25,201,84797a61-35ba-4808-b0f5-4d959fa04abf,1,1755814673.56,Goalkeeper,Rice WSOC,August,Thursday,2133.04,0.0,1.18519,2133.04,5.25676,206.46658,136.44185,167.92978,88.09664,84.96711,129.95181,8.5328,12.00985,62.83156,1.33108,53.65242
Sophie Zhang,713ce913-8f9b-41cb-b395-b08e3e69186f,08/21/2025,1755816806.6,Game warmup 8.21.25,201,84797a61-35ba-4808-b0f5-4d959fa04abf,9,1755814673.56,Forward,Rice WSOC,August,Thursday,2133.02,0.0,1.14462,2133.04,3.59583,217.71152,135.47236,141.17782,83.24673,88.59463,146.48951,11.3657,13.88932,75.95181,1.2598,52.59016
Isabelle Kent,6e66b652-d707-4f6a-86d3-61696dab1831,08/21/2025,1755816806.6,Game warmup 8.21.25,201,84797a61-35ba-4808-b0f5-4d959fa04abf,2,1755814673.56,Full Back,Rice WSOC,August,Thursday,2133.02,0.0,1.19886,2133.04,2.80474,189.71548,112.31107,115.61654,66.58055,76.24935,133.03515,10.75166,13.41599,130.75797,1.30621,55.3533
Carsyn Martz,5ec6f0de-aa33-44a6-9b7e-676076c27478,08/21/2025,1755816806.6,Game warmup 8.21.25,201,84797a61-35ba-4808-b0f5-4d959fa04abf,20,1755814673.56,Centre Back,Rice WSOC,August,Thursday,2133.02,0.0,1.08851,2133.04,3.40313,174.39333,101.06558,107.28745,61.70639,66.5737,123.64312,9.86238,14.999,78.44206,1.1894,50.0073
Naija Bruckner,59840313-0841-4a21-a5b5-b8b24cad01b8,08/21/2025,1755816806.6,Game warmup 8.21.25,201,84797a61-35ba-4808-b0f5-4d959fa04abf,28,1755814673.56,Central Midfielder,Rice WSOC,August,Thursday,2133.02,0.0,1.16524,2133.04,4.55554,229.70247,135.52401,135.20643,83.05395,89.43591,161.63448,11.79881,16.35553,78.97808,1.31262,53.84484
Jessica Molina,49ee30cf-715d-49d2-bfd4-f208c806a5db,08/21/2025,1755816806.6,Game warmup 8.21.25,201,84797a61-35ba-4808-b0f5-4d959fa04abf,16,1755814673.56,Forward,Rice WSOC,August,Thursday,2133.02,0.0,1.05126,2133.04,3.47572,166.38107,102.22902,110.67835,63.66039,66.27548,114.63757,8.76005,14.70398,73.59405,1.15641,48.70374
Kenna Sanders,457dc155-bdf2-48cc-8a59-2f0b4ec42ae2,08/21/2025,1755816806.6,Game warmup 8.21.25,201,84797a61-35ba-4808-b0f5-4d959fa04abf,18,1755814673.56,Forward,Rice WSOC,August,Thursday,2133.02,0.0,1.07841,2133.04,3.33905,212.90199,130.30909,147.17743,75.92151,88.76968,143.39757,8.69882,12.87941,59.53938,1.16181,49.81331
Bailey Peek,1d2f6fbf-8215-4ae2-ae70-ed9d981fcd85,08/21/2025,1755816806.6,Game warmup 8.21.25,201,84797a61-35ba-4808-b0f5-4d959fa04abf,6,1755814673.56,Centre Back,Rice WSOC,August,Thursday,2133.02,0.0,1.17499,2133.04,3.17281,200.39903,125.38107,129.18589,72.00883,87.19471,132.08959,9.92397,14.85009,73.17229,1.29393,54.52767
Piper Biziorek,fb332127-6268-4995-a140-9076566dc702,08/20/2025,1755698882.0,Prep 8.20.25,201,2576603f-098c-48a4-b9f2-e5e918780762,15,1755695845.72,Central Midfielder,Rice WSOC,August,Wednesday,2917.69,0.0,1.29933,2917.69,3.99114,215.04514,139.38922,126.31264,79.43362,96.47806,140.36036,9.3622,13.49283,71.96455,1.47625,43.00109
Jordyn Mariam,f7e75558-805b-459d-b944-ec8d5a5beeac,08/20/2025,1755698882.0,Prep 8.20.25,201,2576603f-098c-48a4-b9f2-e5e918780762,5,1755695845.72,Wide Midfielder,Rice WSOC,August,Wednesday,2917.69,0.0,1.22198,2917.69,4.45344,231.95255,154.73945,138.09386,93.07933,102.81772,143.86057,8.97828,13.42393,79.98146,1.38052,40.44128
Mia Brumlow,e9141800-8f9c-4a98-8265-2ae17f48913e,08/20/2025,1755698882.0,Prep 8.20.25,201,2576603f-098c-48a4-b9f2-e5e918780762,13,1755695845.72,Wide Midfielder,Rice WSOC,August,Wednesday,2917.69,0.0,1.10065,2917.69,3.33158,185.68218,119.43234,117.90614,70.58581,81.45293,122.83358,7.63754,12.58021,83.14046,1.23358,36.42603
Camille Quarterman,e710b8f7-8542-490c-80f0-c110cb9ed839,08/20/2025,1755698882.0,Prep 8.20.25,201,2576603f-098c-48a4-b9f2-e5e918780762,33,1755695845.72,Wide Midfielder,Rice WSOC,August,Wednesday,2917.69,0.0,1.21425,2917.69,3.93315,230.75208,154.30371,143.56622,95.56315,100.79604,144.6367,7.48848,13.61569,92.09,1.4167,40.1856
Olivia Duvall,d91f4f1a-979c-4c34-bb2f-a8b1f5176b9e,08/20/2025,1755698882.0,Prep 8.20.25,201,2576603f-098c-48a4-b9f2-e5e918780762,14,1755695845.72,Wide Midfielder,Rice WSOC,August,Wednesday,2917.69,0.0,1.20109,2917.69,3.66809,203.03156,141.5049,125.86774,89.41463,91.22568,122.0009,9.28163,12.76773,87.36805,1.34102,39.74985
Bailey Peek,1d2f6fbf-8215-4ae2-ae70-ed9d981fcd85,08/20/2025,1755698882.0,Prep 8.20.25,201,2576603f-098c-48a4-b9f2-e5e918780762,6,1755695845.72,Centre Back,Rice WSOC,August,Wednesday,2917.69,0.0,1.20613,2917.69,3.13072,193.07094,128.45124,94.40898,74.13258,88.56913,122.28365,9.32731,13.95079,79.95354,1.36321,39.91682
Kenna Sanders,457dc155-bdf2-48cc-8a59-2f0b4ec42ae2,08/20/2025,1755698882.0,Prep 8.20.25,201,2576603f-098c-48a4-b9f2-e5e918780762,18,1755695845.72,Forward,Rice WSOC,August,Wednesday,2917.69,0.0,1.22932,2917.69,4.0265,227.38428,147.03849,135.26682,84.71893,101.95646,147.67891,8.61863,11.22699,63.58349,1.3606,40.68434
Jessica Molina,49ee30cf-715d-49d2-bfd4-f208c806a5db,08/20/2025,1755698882.0,Prep 8.20.25,201,2576603f-098c-48a4-b9f2-e5e918780762,16,1755695845.72,Forward,Rice WSOC,August,Wednesday,2917.69,0.0,1.43551,2917.69,4.09812,229.01566,147.83196,130.08981,96.296,91.58058,150.47091,11.10154,13.10313,80.5893,1.63885,47.50808
Naija Bruckner,59840313-0841-4a21-a5b5-b8b24cad01b8,08/20/2025,1755698882.0,Prep 8.20.25,201,2576603f-098c-48a4-b9f2-e5e918780762,28,1755695845.72,Central Midfielder,Rice WSOC,August,Wednesday,2917.69,0.0,1.36626,2917.69,5.11771,253.38321,154.82197,127.92057,91.37364,105.25836,173.91695,10.55054,14.07244,95.84663,1.59336,45.21619
Carsyn Martz,5ec6f0de-aa33-44a6-9b7e-676076c27478,08/20/2025,1755698882.0,Prep 8.20.25,201,2576603f-098c-48a4-b9f2-e5e918780762,20,1755695845.72,Centre Back,Rice WSOC,August,Wednesday,2917.69,0.0,1.14411,2917.69,4.31014,186.47125,123.5817,126.6647,78.39367,77.33103,117.55578,6.84091,12.9569,76.81741,1.27163,37.86417
Isabelle Kent,6e66b652-d707-4f6a-86d3-61696dab1831,08/20/2025,1755698882.0,Prep 8.20.25,201,2576603f-098c-48a4-b9f2-e5e918780762,2,1755695845.72,Full Back,Rice WSOC,August,Wednesday,2917.69,0.0,1.07903,2917.69,3.77497,165.99979,102.82754,94.65453,58.24387,72.24189,111.01446,6.91115,12.98424,68.94193,1.20007,35.71031
Sophie Zhang,713ce913-8f9b-41cb-b395-b08e3e69186f,08/20/2025,1755698882.0,Prep 8.20.25,201,2576603f-098c-48a4-b9f2-e5e918780762,9,1755695845.72,Forward,Rice WSOC,August,Wednesday,2917.69,0.0,1.16396,2917.69,3.74537,228.61501,151.30394,142.17347,95.7254,97.19645,145.96408,7.73651,13.41809,82.10896,1.32188,38.52107
Megan Sweeney,76ec7312-9b6e-4355-a747-4de0c8e2d8b9,08/20/2025,1755699877.07,Prep 8.20.25,201,2576603f-098c-48a4-b9f2-e5e918780762,0,1755695845.72,Goalkeeper,Rice WSOC,August,Wednesday,3900.95,0.0,1.97658,3900.95,4.66554,318.85833,199.6223,181.37265,122.1486,131.50015,213.84192,16.57215,14.4735,89.26643,2.21989,48.92638
Kenzie Solomon,80afc22c-7b44-4cca-83af-4b9370cf2987,08/20/2025,1755699877.07,Prep 8.20.25,201,2576603f-098c-48a4-b9f2-e5e918780762,1,1755695845.72,Goalkeeper,Rice WSOC,August,Wednesday,3889.45,0.0,2.07676,3889.46,5.01706,333.03956,216.30951,225.94005,127.00947,147.29875,215.34591,16.39316,12.58675,66.60247,2.29023,51.62194
Taylor Rish,81828efc-2855-4216-a0d1-6a7c9201d5a0,08/20/2025,1755698882.0,Prep 8.20.25,201,2576603f-098c-48a4-b9f2-e5e918780762,7,1755695845.72,Full Back,Rice WSOC,August,Wednesday,2917.69,0.0,1.13728,2917.69,4.27916,157.37552,88.09956,90.36295,52.4826,59.03687,115.39221,8.37316,13.54008,86.45323,1.2989,37.63803
Leah Chancey,85ed14d3-34f0-42fc-8477-c03064e998f4,08/20/2025,1755698882.0,Prep 8.20.25,201,2576603f-098c-48a4-b9f2-e5e918780762,23,1755695845.72,Central Midfielder,Rice WSOC,August,Wednesday,2917.69,0.0,1.23342,2917.69,4.26081,225.67268,145.07726,136.1728,92.57762,91.7723,148.93506,8.57815,14.17197,72.99534,1.36135,40.81988
Betty Velkova,8b0cb352-4da9-4349-b147-77a3736ea957,08/20/2025,1755698882.0,Prep 8.20.25,201,2576603f-098c-48a4-b9f2-e5e918780762,19,1755695845.72,Forward,Rice WSOC,August,Wednesday,2917.69,0.0,1.37053,2917.69,3.92318,250.07307,148.04032,131.28984,88.63182,98.59657,176.02748,10.3715,13.25485,79.74435,1.55609,45.35771
Jadyn Jaeger,8e9bb6cd-180e-47be-afa1-39abe9300b25,08/20/2025,1755698882.0,Prep 8.20.25,201,2576603f-098c-48a4-b9f2-e5e918780762,11,1755695845.72,Full Back,Rice WSOC,August,Wednesday,2917.69,0.0,1.3166,2917.69,2.62017,195.32414,124.0913,118.20872,80.44638,77.97289,131.12803,7.6976,12.60948,84.37782,1.49655,43.57278
Jules Johnston,931babc9-289c-47bf-970a-22d756ac9f5a,08/20/2025,1755698882.0,Prep 8.20.25,201,2576603f-098c-48a4-b9f2-e5e918780762,25,1755695845.72,Forward,Rice WSOC,August,Wednesday,2917.69,0.0,1.43322,2917.69,3.97001,260.75412,169.78486,131.39986,95.68343,119.13581,170.88944,8.33782,13.69989,68.88292,1.59601,47.43217
Eileen Albers,943afa05-aaac-4426-ba0c-1ebef4e76cb7,08/20/2025,1755698882.0,Prep 8.20.25,201,2576603f-098c-48a4-b9f2-e5e918780762,12,1755695845.72,Forward,Rice WSOC,August,Wednesday,2917.69,0.0,1.18178,2917.69,3.50013,192.4392,112.76092,98.74933,69.43763,74.31395,136.34694,8.3696,12.88153,90.41869,1.33622,39.11073
Allie Love,99ee597d-39b8-4fb7-9c63-0d052a15c0a8,08/20/2025,1755698882.0,Prep 8.20.25,201,2576603f-098c-48a4-b9f2-e5e918780762,17,1755695845.72,Forward,Rice WSOC,August,Wednesday,2917.69,0.0,1.43998,2917.69,3.65103,249.28152,158.98249,146.04994,92.33756,109.02055,163.59742,9.2165,14.52178,82.1816,1.61626,47.6559
Kirsten Ruf,9a8fba27-951b-4253-aac1-ae31800ac075,08/20/2025,1755699877.07,Prep 8.20.25,201,2576603f-098c-48a4-b9f2-e5e918780762,22,1755695845.72,Goalkeeper,Rice WSOC,August,Wednesday,3889.46,0.0,1.64737,3889.46,6.92073,307.71716,203.43514,195.62465,130.31942,128.71507,196.69792,9.84992,14.04795,77.93342,1.9036,40.89799
Laurel Kelley,a3fa5f45-c40a-44d8-ae81-6ac82f3fc9ef,08/20/2025,1755698882.0,Prep 8.20.25,201,2576603f-098c-48a4-b9f2-e5e918780762,21,1755695845.72,Forward,Rice WSOC,August,Wednesday,2917.69,0.0,1.20311,2917.69,3.89799,221.90525,147.77335,141.64781,88.29657,100.35445,140.69494,7.26583,13.64742,82.42803,1.38313,39.81678
Lilly Reuscher,ad2c003d-9ca2-42b1-bc85-2440ab303b84,08/20/2025,1755698882.0,Prep 8.20.25,201,2576603f-098c-48a4-b9f2-e5e918780762,4,1755695845.72,Centre Back,Rice WSOC,August,Wednesday,2917.69,0.0,1.14865,2917.69,3.81615,198.44195,131.38076,127.51376,74.72625,91.53245,126.16684,6.5279,13.16311,76.30383,1.27821,38.01455
Lauren Pickup,ae01c819-c49a-41ef-aa65-20df1a8a40a9,08/20/2025,1755698882.0,Prep 8.20.25,201,2576603f-098c-48a4-b9f2-e5e918780762,8,1755695845.72,Full Back,Rice WSOC,August,Wednesday,2917.69,0.0,1.32472,2917.69,3.55283,226.02059,156.19639,140.24333,93.60799,105.21731,138.37293,11.37698,12.46511,84.84797,1.51867,43.84142
Mariana Elizondo,c3d64405-eb5d-4fc0-a8df-06af8ad627bf,08/20/2025,1755698882.0,Prep 8.20.25,201,2576603f-098c-48a4-b9f2-e5e918780762,10,1755695845.72,Central Midfielder,Rice WSOC,August,Wednesday,2917.69,0.0,1.35829,2917.69,3.42355,253.44179,160.73711,146.72084,104.9657,100.1863,168.44053,8.46258,13.37574,83.93102,1.49893,44.9524
Sam Walker,ce80f564-5fb7-4c34-8faf-d75015152871,08/20/2025,1755699877.07,Prep 8.20.25,201,2576603f-098c-48a4-b9f2-e5e918780762,30,1755695845.72,Goalkeeper,Rice WSOC,August,Wednesday,3889.46,0.0,1.98067,3889.46,8.52393,358.37766,235.62123,193.5409,136.46571,160.7588,229.53116,16.73833,13.89888,78.97102,2.27989,49.17259
Dayo Tennyson,d0c5a2ec-d0d5-4ae1-bc9f-ae270bfc51e9,08/20/2025,1755698882.0,Prep 8.20.25,201,2576603f-098c-48a4-b9f2-e5e918780762,3,1755695845.72,Full Back,Rice WSOC,August,Wednesday,2917.69,0.0,1.18995,2917.69,4.53126,237.9625,155.64149,148.82509,91.55204,104.27186,148.36817,6.66413,12.90546,87.6309,1.37178,39.38138
Chelsea Cross,d654a3c8-46fc-4466-b132-8b2ba7258344,08/20/2025,1755698882.0,Prep 8.20.25,201,2576603f-098c-48a4-b9f2-e5e918780762,24,1755695845.72,Central Midfielder,Rice WSOC,August,Wednesday,2917.68,0.0,1.48611,2917.69,3.61121,251.05965,146.67828,135.81952,85.11027,100.81237,176.45728,8.38918,13.28316,70.78986,1.68588,49.4145
Jordyn Mariam,f7e75558-805b-459d-b944-ec8d5a5beeac,08/19/2025,1755614957.65,Organizational 8.19.25,201,4d31dc50-b1ca-4e35-8d21-54afa2fb461a,5,1755609709.6,Wide Midfielder,Rice WSOC,August,Tuesday,4678.25,0.0,3.25638,4678.25,4.14347,596.12018,379.56366,181.62221,241.68399,241.18654,391.73863,44.44017,15.7653,85.4957,3.60552,67.21285
Piper Biziorek,fb332127-6268-4995-a140-9076566dc702,08/19/2025,1755613728.95,Organizational 8.19.25,201,4d31dc50-b1ca-4e35-8d21-54afa2fb461a,15,1755609709.6,Central Midfielder,Rice WSOC,August,Tuesday,3827.06,0.0,3.05119,3827.07,4.41398,550.61062,349.04174,204.01887,192.76559,246.93367,370.44486,39.26747,16.06984,77.3221,3.53972,78.01439
Isabelle Kent,6e66b652-d707-4f6a-86d3-61696dab1831,08/19/2025,1755614957.65,Organizational 8.19.25,201,4d31dc50-b1ca-4e35-8d21-54afa2fb461a,2,1755609709.6,Full Back,Rice WSOC,August,Tuesday,4686.05,0.0,2.99497,4686.05,3.82076,460.20006,265.67882,133.37828,153.48392,184.56808,328.14517,42.51049,13.93991,63.52324,3.2124,61.71436
Mia Brumlow,e9141800-8f9c-4a98-8265-2ae17f48913e,08/19/2025,1755614957.65,Organizational 8.19.25,201,4d31dc50-b1ca-4e35-8d21-54afa2fb461a,13,1755609709.6,Wide Midfielder,Rice WSOC,August,Tuesday,4678.25,0.0,3.11166,4678.25,4.0145,562.88181,357.40969,166.8952,226.73617,230.25765,379.46834,43.309,15.35691,79.46425,3.37226,64.22577
Olivia Duvall,d91f4f1a-979c-4c34-bb2f-a8b1f5176b9e,08/19/2025,1755613728.95,Organizational 8.19.25,201,4d31dc50-b1ca-4e35-8d21-54afa2fb461a,14,1755609709.6,Wide Midfielder,Rice WSOC,August,Tuesday,3827.06,0.0,1.78238,3827.07,3.67177,267.40143,165.56707,128.71659,94.20963,115.88648,179.81111,15.91935,15.90187,76.4623,2.01404,45.21418
Camille Quarterman,e710b8f7-8542-490c-80f0-c110cb9ed839,08/19/2025,1755614957.65,Organizational 8.19.25,201,4d31dc50-b1ca-4e35-8d21-54afa2fb461a,33,1755609709.6,Wide Midfielder,Rice WSOC,August,Tuesday,4686.05,0.0,3.2612,4686.05,3.95317,565.44006,355.38104,193.14426,205.18723,249.61375,377.17216,44.08648,17.47949,90.07085,3.7018,67.20031
Kenna Sanders,457dc155-bdf2-48cc-8a59-2f0b4ec42ae2,08/19/2025,1755614957.65,Organizational 8.19.25,201,4d31dc50-b1ca-4e35-8d21-54afa2fb461a,18,1755609709.6,Forward,Rice WSOC,August,Tuesday,4686.04,0.0,3.42208,4686.05,3.85926,635.23895,392.85375,202.059,230.80072,265.40814,423.9535,44.31984,13.03788,53.19159,3.63614,70.70351
Jessica Molina,49ee30cf-715d-49d2-bfd4-f208c806a5db,08/19/2025,1755614957.65,Organizational 8.19.25,201,4d31dc50-b1ca-4e35-8d21-54afa2fb461a,16,1755609709.6,Forward,Rice WSOC,August,Tuesday,4686.04,0.0,2.9772,4686.05,4.78201,502.46854,308.1319,207.239,193.46472,198.45952,347.13172,34.78484,16.40934,79.12325,3.29467,62.01715
Naija Bruckner,59840313-0841-4a21-a5b5-b8b24cad01b8,08/19/2025,1755613728.95,Organizational 8.19.25,201,4d31dc50-b1ca-4e35-8d21-54afa2fb461a,28,1755609709.6,Central Midfielder,Rice WSOC,August,Tuesday,3819.26,0.0,2.33182,3819.27,4.82323,427.96175,250.78018,192.42054,144.45303,173.78918,301.472,23.95444,17.35284,85.49432,2.71356,59.14851
Carsyn Martz,5ec6f0de-aa33-44a6-9b7e-676076c27478,08/19/2025,1755613728.95,Organizational 8.19.25,201,4d31dc50-b1ca-4e35-8d21-54afa2fb461a,20,1755609709.6,Centre Back,Rice WSOC,August,Tuesday,3819.26,0.0,2.41966,3819.27,3.92236,390.35683,245.23162,200.68862,154.1845,156.64106,261.51348,22.51874,17.02031,81.7661,2.81204,61.86335
Sophie Zhang,713ce913-8f9b-41cb-b395-b08e3e69186f,08/19/2025,1755614957.65,Organizational 8.19.25,201,4d31dc50-b1ca-4e35-8d21-54afa2fb461a,9,1755609709.6,Forward,Rice WSOC,August,Tuesday,4686.05,0.0,2.82003,4686.05,4.08699,509.49143,305.06519,170.95975,182.0457,205.1249,357.56158,38.01173,15.58172,74.55759,3.09949,58.10957
Megan Sweeney,76ec7312-9b6e-4355-a747-4de0c8e2d8b9,08/19/2025,1755614957.65,Organizational 8.19.25,201,4d31dc50-b1ca-4e35-8d21-54afa2fb461a,0,1755609709.6,Goalkeeper,Rice WSOC,August,Tuesday,4686.05,0.0,3.30039,4686.05,4.02299,557.98286,356.21665,190.79876,225.12211,231.48244,373.61412,54.71952,15.57034,67.42664,3.51206,68.00781
Kenzie Solomon,80afc22c-7b44-4cca-83af-4b9370cf2987,08/19/2025,1755613728.95,Organizational 8.19.25,201,4d31dc50-b1ca-4e35-8d21-54afa2fb461a,1,1755609709.6,Goalkeeper,Rice WSOC,August,Tuesday,3850.49,0.0,1.76842,3850.49,4.95924,320.1476,200.90241,224.3964,111.52652,143.07405,213.82522,13.5583,15.08756,86.00121,1.95553,44.34766
Taylor Rish,81828efc-2855-4216-a0d1-6a7c9201d5a0,08/19/2025,1755613728.95,Organizational 8.19.25,201,4d31dc50-b1ca-4e35-8d21-54afa2fb461a,7,1755609709.6,Full Back,Rice WSOC,August,Tuesday,3819.26,0.0,2.21041,3819.27,6.18229,400.86056,251.29636,186.09988,157.84094,162.03788,269.65766,18.70336,16.27251,78.34424,2.56339,56.20423
Leah Chancey,85ed14d3-34f0-42fc-8477-c03064e998f4,08/19/2025,1755613728.95,Organizational 8.19.25,201,4d31dc50-b1ca-4e35-8d21-54afa2fb461a,23,1755609709.6,Central Midfielder,Rice WSOC,August,Tuesday,3827.07,0.0,2.20132,3827.07,4.03584,335.22182,203.27009,162.40933,117.74907,138.95493,231.08669,17.79426,15.32963,68.12326,2.50706,55.5413
Betty Velkova,8b0cb352-4da9-4349-b147-77a3736ea957,08/19/2025,1755614957.65,Organizational 8.19.25,201,4d31dc50-b1ca-4e35-8d21-54afa2fb461a,19,1755609709.6,Forward,Rice WSOC,August,Tuesday,4686.05,0.0,3.13495,4686.05,4.40597,542.10025,319.89686,189.55792,196.94484,207.82334,383.95134,40.88654,15.60929,74.4707,3.4515,64.59873
Jules Johnston,931babc9-289c-47bf-970a-22d756ac9f5a,08/19/2025,1755614957.65,Organizational 8.19.25,201,4d31dc50-b1ca-4e35-8d21-54afa2fb461a,25,1755609709.6,Forward,Rice WSOC,August,Tuesday,4686.05,0.0,3.24576,4686.05,5.05873,635.13988,432.29651,230.29523,263.12249,288.75219,393.78763,41.33816,15.73956,76.09201,3.66993,66.88214
Eileen Albers,943afa05-aaac-4426-ba0c-1ebef4e76cb7,08/19/2025,1755613728.95,Organizational 8.19.25,201,4d31dc50-b1ca-4e35-8d21-54afa2fb461a,12,1755609709.6,Forward,Rice WSOC,August,Tuesday,3827.06,0.0,2.35165,3827.07,3.88082,401.81427,224.30477,165.16161,134.89617,151.24728,297.16209,19.4451,16.05786,83.40588,2.63428,59.52848
Allie Love,99ee597d-39b8-4fb7-9c63-0d052a15c0a8,08/19/2025,1755614957.65,Organizational 8.19.25,201,4d31dc50-b1ca-4e35-8d21-54afa2fb461a,17,1755609709.6,Forward,Rice WSOC,August,Tuesday,4686.05,0.0,4.30315,4686.05,4.82082,713.70532,418.98388,203.20863,235.12758,295.7158,505.02706,67.78868,15.27044,65.21465,4.66128,88.67056
Kirsten Ruf,9a8fba27-951b-4253-aac1-ae31800ac075,08/19/2025,1755613728.95,Organizational 8.19.25,201,4d31dc50-b1ca-4e35-8d21-54afa2fb461a,22,1755609709.6,Goalkeeper,Rice WSOC,August,Tuesday,3850.49,0.0,1.6013,3850.49,5.01138,281.17663,178.8388,183.81896,110.02911,117.04281,185.93721,14.0901,15.45818,86.22937,1.79259,40.15656
Laurel Kelley,a3fa5f45-c40a-44d8-ae81-6ac82f3fc9ef,08/19/2025,1755613728.95,Organizational 8.19.25,201,4d31dc50-b1ca-4e35-8d21-54afa2fb461a,21,1755609709.6,Forward,Rice WSOC,August,Tuesday,3827.07,0.0,2.52187,3827.07,5.00251,467.53908,300.06721,188.70234,162.78825,215.75305,311.22426,30.22363,15.43154,83.89894,2.9401,63.62907
Lilly Reuscher,ad2c003d-9ca2-42b1-bc85-2440ab303b84,08/19/2025,1755613728.95,Organizational 8.19.25,201,4d31dc50-b1ca-4e35-8d21-54afa2fb461a,4,1755609709.6,Centre Back,Rice WSOC,August,Tuesday,3819.27,0.0,2.11725,3819.27,3.56248,358.28599,220.06462,175.31916,111.46912,165.45355,243.38655,24.87504,16.3954,73.8193,2.4083,53.5293
Lauren Pickup,ae01c819-c49a-41ef-aa65-20df1a8a40a9,08/19/2025,1755614957.65,Organizational 8.19.25,201,4d31dc50-b1ca-4e35-8d21-54afa2fb461a,8,1755609709.6,Full Back,Rice WSOC,August,Tuesday,4686.05,0.0,2.86778,4686.05,3.62831,443.76045,291.96776,173.78482,166.12289,203.25111,284.52883,33.82163,15.46212,75.29982,3.18843,59.09335
Mariana Elizondo,c3d64405-eb5d-4fc0-a8df-06af8ad627bf,08/19/2025,1755613728.95,Organizational 8.19.25,201,4d31dc50-b1ca-4e35-8d21-54afa2fb461a,10,1755609709.6,Central Midfielder,Rice WSOC,August,Tuesday,3819.27,0.0,2.4248,3819.27,4.35739,426.10617,249.93954,202.90953,153.79966,164.32844,303.21978,24.70972,15.39561,77.35489,2.71237,61.30499
Sam Walker,ce80f564-5fb7-4c34-8faf-d75015152871,08/19/2025,1755613728.95,Organizational 8.19.25,201,4d31dc50-b1ca-4e35-8d21-54afa2fb461a,30,1755609709.6,Goalkeeper,Rice WSOC,August,Tuesday,3850.49,0.0,1.74542,3850.49,6.41545,325.14465,212.21195,197.05308,120.28935,147.09716,209.44303,16.36339,15.19176,88.50883,1.9643,43.77081
Dayo Tennyson,d0c5a2ec-d0d5-4ae1-bc9f-ae270bfc51e9,08/19/2025,1755613728.95,Organizational 8.19.25,201,4d31dc50-b1ca-4e35-8d21-54afa2fb461a,3,1755609709.6,Full Back,Rice WSOC,August,Tuesday,3819.26,0.0,2.25589,3819.27,14.76485,1185.84088,929.22748,621.88721,516.33687,645.81364,573.25012,24.95872,16.03264,163.65013,3.20326,64.31743
Bailey Peek,1d2f6fbf-8215-4ae2-ae70-ed9d981fcd85,08/19/2025,1755612412.22,Organizational 8.19.25,201,4d31dc50-b1ca-4e35-8d21-54afa2fb461a,6,1755609709.6,Centre Back,Rice WSOC,August,Tuesday,2632.35,0.0,1.34014,2632.36,3.98554,224.24535,143.05225,113.10315,84.11574,97.6739,146.27539,15.69,15.40684,72.2973,1.47877,49.85119
Chelsea Cross,d654a3c8-46fc-4466-b132-8b2ba7258344,08/19/2025,1755613728.95,Organizational 8.19.25,201,4d31dc50-b1ca-4e35-8d21-54afa2fb461a,24,1755609709.6,Central Midfielder,Rice WSOC,August,Tuesday,3819.27,0.0,2.30753,3819.27,3.89275,410.03962,268.01329,194.29788,161.49637,180.302,262.76951,19.25703,14.72043,63.70356,2.63748,58.34021
Jordyn Mariam,f7e75558-805b-459d-b944-ec8d5a5beeac,08/17/2025,1755450066.0,@ UTRGV 8.17.25,201,656ef509-234d-41a7-82bf-4f9c8e68a0dc,5,1755446952.0,Wide Midfielder,Rice WSOC,August,Sunday,1528.77,1585.23,1.50863,1528.77,4.6944,281.30048,189.82762,74.71375,112.82322,130.0275,172.68701,19.96782,15.22814,81.07417,1.71006,95.28869
Eileen Albers,943afa05-aaac-4426-ba0c-1ebef4e76cb7,08/17/2025,1755454247.0,@ UTRGV 8.17.25,201,656ef509-234d-41a7-82bf-4f9c8e68a0dc,12,1755446952.0,Forward,Rice WSOC,August,Sunday,3297.84,3022.16,3.26195,3297.84,4.91486,504.54889,279.82683,140.62035,166.53316,189.29459,372.99927,44.43375,16.773,73.00734,3.59278,95.50987
Camille Quarterman,e710b8f7-8542-490c-80f0-c110cb9ed839,08/17/2025,1755454247.0,@ UTRGV 8.17.25,201,656ef509-234d-41a7-82bf-4f9c8e68a0dc,33,1755446952.0,Wide Midfielder,Rice WSOC,August,Sunday,2524.89,3795.11,2.42943,2524.89,6.64132,410.29187,262.7805,145.74727,155.72815,179.97281,264.66296,31.51552,17.30288,86.77213,2.80496,92.90974
Olivia Duvall,d91f4f1a-979c-4c34-bb2f-a8b1f5176b9e,08/17/2025,1755454247.0,@ UTRGV 8.17.25,201,656ef509-234d-41a7-82bf-4f9c8e68a0dc,14,1755446952.0,Wide Midfielder,Rice WSOC,August,Sunday,2688.26,3631.74,2.98372,2688.26,4.86977,439.59744,280.02257,132.86407,172.96794,182.97836,292.90987,44.29354,16.80919,86.38105,3.34673,107.17346
Chelsea Cross,d654a3c8-46fc-4466-b132-8b2ba7258344,08/17/2025,1755454247.0,@ UTRGV 8.17.25,201,656ef509-234d-41a7-82bf-4f9c8e68a0dc,24,1755446952.0,Central Midfielder,Rice WSOC,August,Sunday,3449.12,2870.88,3.64771,3449.12,5.40004,630.31708,348.60081,174.82472,203.49889,239.31366,464.81522,49.65999,13.84049,66.76911,4.05105,102.12043
Dayo Tennyson,d0c5a2ec-d0d5-4ae1-bc9f-ae270bfc51e9,08/17/2025,1755454247.0,@ UTRGV 8.17.25,201,656ef509-234d-41a7-82bf-4f9c8e68a0dc,3,1755446952.0,Full Back,Rice WSOC,August,Sunday,2914.03,3405.97,2.62029,2914.03,7.26248,532.59106,337.83699,203.7767,207.73696,219.93408,341.98744,30.15892,16.96829,110.86394,2.97118,86.82717
Mariana Elizondo,c3d64405-eb5d-4fc0-a8df-06af8ad627bf,08/17/2025,1755454247.0,@ UTRGV 8.17.25,201,656ef509-234d-41a7-82bf-4f9c8e68a0dc,10,1755446952.0,Central Midfielder,Rice WSOC,August,Sunday,4766.78,1553.22,5.06051,4766.78,5.6528,900.27997,551.96902,261.00385,345.65031,361.51122,621.76201,69.1647,13.33943,62.55165,5.49083,102.51068
Lauren Pickup,ae01c819-c49a-41ef-aa65-20df1a8a40a9,08/17/2025,1755454247.0,@ UTRGV 8.17.25,201,656ef509-234d-41a7-82bf-4f9c8e68a0dc,8,1755446952.0,Full Back,Rice WSOC,August,Sunday,2088.02,4231.98,2.36428,2088.02,3.90411,390.90082,246.17738,106.29666,140.98896,171.38941,261.92925,36.01767,16.47545,73.72017,2.71657,109.33608
Lilly Reuscher,ad2c003d-9ca2-42b1-bc85-2440ab303b84,08/17/2025,1755454247.0,@ UTRGV 8.17.25,201,656ef509-234d-41a7-82bf-4f9c8e68a0dc,4,1755446952.0,Centre Back,Rice WSOC,August,Sunday,9434.0,-3114.0,7.67842,9434.0,6.23508,1341.51581,836.02798,477.24216,453.1714,604.73294,901.40378,84.00026,14.58852,76.83698,8.39523,78.59163
Laurel Kelley,a3fa5f45-c40a-44d8-ae81-6ac82f3fc9ef,08/17/2025,1755454247.0,@ UTRGV 8.17.25,201,656ef509-234d-41a7-82bf-4f9c8e68a0dc,21,1755446952.0,Forward,Rice WSOC,August,Sunday,6623.76,-303.76,4.17119,6623.76,6.10281,735.08426,468.44806,280.00967,266.38307,330.34137,488.56448,53.06941,16.44602,71.34394,4.73659,60.80728
Kirsten Ruf,9a8fba27-951b-4253-aac1-ae31800ac075,08/17/2025,1755450066.0,@ UTRGV 8.17.25,201,656ef509-234d-41a7-82bf-4f9c8e68a0dc,22,1755446952.0,Goalkeeper,Rice WSOC,August,Sunday,3114.0,0.0,1.45786,3114.0,4.79594,213.87607,138.4649,143.97586,84.68484,91.29982,138.90242,9.37372,10.07117,69.51878,1.57273,45.20624
Allie Love,99ee597d-39b8-4fb7-9c63-0d052a15c0a8,08/17/2025,1755454247.0,@ UTRGV 8.17.25,201,656ef509-234d-41a7-82bf-4f9c8e68a0dc,17,1755451041.0,Forward,Rice WSOC,August,Sunday,1418.11,1787.89,1.47221,1418.11,4.80412,246.52164,157.08539,84.76462,97.04755,102.2296,163.16145,16.43403,15.47091,74.42394,1.69025,100.24469
Mia Brumlow,e9141800-8f9c-4a98-8265-2ae17f48913e,08/17/2025,1755454247.0,@ UTRGV 8.17.25,201,656ef509-234d-41a7-82bf-4f9c8e68a0dc,13,1755451041.0,Wide Midfielder,Rice WSOC,August,Sunday,1203.57,2002.43,1.44133,1203.57,4.64724,262.73416,162.78032,69.98869,100.76586,107.27835,178.52045,22.41219,15.04498,82.03625,1.63154,115.6355
Jules Johnston,931babc9-289c-47bf-970a-22d756ac9f5a,08/17/2025,1755454247.0,@ UTRGV 8.17.25,201,656ef509-234d-41a7-82bf-4f9c8e68a0dc,25,1755446952.0,Forward,Rice WSOC,August,Sunday,2209.42,4110.58,1.89855,2209.42,5.05363,320.77667,204.44589,101.55222,112.95453,145.86964,213.45667,25.11488,16.32263,71.66068,2.14745,82.97436
Jadyn Jaeger,8e9bb6cd-180e-47be-afa1-39abe9300b25,08/17/2025,1755454247.0,@ UTRGV 8.17.25,201,656ef509-234d-41a7-82bf-4f9c8e68a0dc,11,1755446952.0,Full Back,Rice WSOC,August,Sunday,3138.1,3181.9,3.44809,3138.1,5.39888,477.57674,310.6214,150.85477,211.91708,181.6494,310.39198,44.26028,14.03948,71.92434,3.77702,106.09906
Betty Velkova,8b0cb352-4da9-4349-b147-77a3736ea957,08/17/2025,1755454247.0,@ UTRGV 8.17.25,201,656ef509-234d-41a7-82bf-4f9c8e68a0dc,19,1755446952.0,Forward,Rice WSOC,August,Sunday,2567.81,3752.19,2.45581,2567.81,5.19289,462.03496,276.86842,128.16135,169.82109,180.94429,321.78291,34.91893,15.86219,70.39614,2.71952,92.34913
Leah Chancey,85ed14d3-34f0-42fc-8477-c03064e998f4,08/17/2025,1755454247.0,@ UTRGV 8.17.25,201,656ef509-234d-41a7-82bf-4f9c8e68a0dc,23,1755446952.0,Central Midfielder,Rice WSOC,August,Sunday,3239.39,3080.61,3.15805,3239.39,4.9627,480.94424,281.33214,165.2579,166.25586,189.17958,338.342,40.66735,15.5321,61.93988,3.46531,94.13599
Taylor Rish,81828efc-2855-4216-a0d1-6a7c9201d5a0,08/17/2025,1755454247.0,@ UTRGV 8.17.25,201,656ef509-234d-41a7-82bf-4f9c8e68a0dc,7,1755446952.0,Full Back,Rice WSOC,August,Sunday,3639.41,2680.59,3.52022,3639.41,7.45254,641.66309,411.85836,183.08816,243.9725,279.39177,427.79315,45.39254,15.62016,85.92221,3.93054,93.39825
Kenzie Solomon,80afc22c-7b44-4cca-83af-4b9370cf2987,08/17/2025,1755454247.0,@ UTRGV 8.17.25,201,656ef509-234d-41a7-82bf-4f9c8e68a0dc,1,1755451041.0,Goalkeeper,Rice WSOC,August,Sunday,3206.0,0.0,1.9524,3206.0,5.09478,244.23102,155.25574,174.49301,81.23265,114.61711,160.07587,12.27018,11.77371,79.114,2.06917,58.80384
Sophie Zhang,713ce913-8f9b-41cb-b395-b08e3e69186f,08/17/2025,1755454247.0,@ UTRGV 8.17.25,201,656ef509-234d-41a7-82bf-4f9c8e68a0dc,9,1755446952.0,Forward,Rice WSOC,August,Sunday,2291.93,4028.07,2.2015,2291.93,5.64445,422.85001,264.81909,127.48064,149.61884,184.36285,285.18311,28.42503,13.33151,82.23109,2.47011,92.75091
Isabelle Kent,6e66b652-d707-4f6a-86d3-61696dab1831,08/17/2025,1755454247.0,@ UTRGV 8.17.25,201,656ef509-234d-41a7-82bf-4f9c8e68a0dc,2,1755451041.0,Full Back,Rice WSOC,August,Sunday,1202.63,2003.37,1.38397,1202.63,4.17792,223.61523,145.29147,59.09077,87.92588,97.71213,141.73633,17.99291,15.49842,57.85503,1.4933,111.12077
Carsyn Martz,5ec6f0de-aa33-44a6-9b7e-676076c27478,08/17/2025,1755454247.0,@ UTRGV 8.17.25,201,656ef509-234d-41a7-82bf-4f9c8e68a0dc,20,1755446952.0,Centre Back,Rice WSOC,August,Sunday,8705.89,-2385.89,7.40336,8705.89,4.3188,1061.8363,626.83594,369.20877,369.41368,426.92018,747.36539,85.95451,15.76722,71.74515,8.12091,82.11376
Naija Bruckner,59840313-0841-4a21-a5b5-b8b24cad01b8,08/17/2025,1755454247.0,@ UTRGV 8.17.25,201,656ef509-234d-41a7-82bf-4f9c8e68a0dc,28,1755446952.0,Central Midfielder,Rice WSOC,August,Sunday,3472.13,2847.87,3.17068,3472.13,6.55706,538.88998,316.21083,171.02838,190.17267,211.57465,384.04021,35.13407,16.0247,107.34427,3.56413,88.17738
Jessica Molina,49ee30cf-715d-49d2-bfd4-f208c806a5db,08/17/2025,1755454247.0,@ UTRGV 8.17.25,201,656ef509-234d-41a7-82bf-4f9c8e68a0dc,16,1755446952.0,Forward,Rice WSOC,August,Sunday,2518.5,3801.5,1.9083,2518.5,4.3509,260.63417,160.15567,104.93399,102.12917,101.31656,180.27443,16.46973,16.0256,71.57606,2.1085,73.16528
Piper Biziorek,fb332127-6268-4995-a140-9076566dc702,08/17/2025,1755454247.0,@ UTRGV 8.17.25,201,656ef509-234d-41a7-82bf-4f9c8e68a0dc,15,1755446952.0,Central Midfielder,Rice WSOC,August,Sunday,3774.79,2545.21,4.58217,3774.79,5.54584,802.45288,535.96623,199.38516,282.13229,396.54109,508.88901,73.91764,16.01956,72.61347,5.18972,117.2138
Jordyn Mariam,f7e75558-805b-459d-b944-ec8d5a5beeac,08/16/2025,1755360867.0,Prep 8.16.25,201,143bec12-1478-42de-86fe-cdbf16f0daae,5,1755357603.0,Wide Midfielder,Rice WSOC,August,Saturday,3263.98,0.0,1.68603,3264.0,4.40815,305.12143,203.81454,165.06176,121.50875,138.33282,190.1007,15.01708,15.52783,87.20847,1.87682,50.32587
Piper Biziorek,fb332127-6268-4995-a140-9076566dc702,08/16/2025,1755360471.0,Prep 8.16.25,201,143bec12-1478-42de-86fe-cdbf16f0daae,15,1755358668.0,Central Midfielder,Rice WSOC,August,Saturday,1643.0,0.0,0.84057,1643.0,3.71208,150.50321,95.9855,63.41336,51.54029,69.79329,100.25343,6.52127,14.44908,70.99501,0.99961,49.40115
Camille Quarterman,e710b8f7-8542-490c-80f0-c110cb9ed839,08/16/2025,1755360471.0,Prep 8.16.25,201,143bec12-1478-42de-86fe-cdbf16f0daae,33,1755358668.0,Wide Midfielder,Rice WSOC,August,Saturday,1643.0,0.0,0.53402,1643.0,4.59622,105.73997,71.09038,52.90918,42.25014,48.19879,65.76288,4.61218,14.92026,75.0673,0.64922,31.38496
Olivia Duvall,d91f4f1a-979c-4c34-bb2f-a8b1f5176b9e,08/16/2025,1755360471.0,Prep 8.16.25,201,143bec12-1478-42de-86fe-cdbf16f0daae,14,1755358668.0,Wide Midfielder,Rice WSOC,August,Saturday,1643.0,0.0,0.71795,1643.0,3.42596,102.10989,66.32944,52.10819,37.09523,47.04766,65.99114,7.75112,14.14613,59.51427,0.81917,42.19483
Chelsea Cross,d654a3c8-46fc-4466-b132-8b2ba7258344,08/16/2025,1755360471.0,Prep 8.16.25,201,143bec12-1478-42de-86fe-cdbf16f0daae,24,1755358668.0,Central Midfielder,Rice WSOC,August,Saturday,1643.0,0.0,0.76358,1643.0,3.93192,150.126,99.95674,65.77267,60.85776,67.04631,94.65401,6.36217,11.96754,62.07824,0.87493,44.8766
Kenna Sanders,457dc155-bdf2-48cc-8a59-2f0b4ec42ae2,08/16/2025,1755360471.0,Prep 8.16.25,201,143bec12-1478-42de-86fe-cdbf16f0daae,18,1755358668.0,Forward,Rice WSOC,August,Saturday,1643.0,0.0,0.6617,1643.0,4.00738,123.41684,79.53938,69.43185,40.0257,60.1231,80.58305,5.5261,11.14751,53.09679,0.74515,38.88851
Jessica Molina,49ee30cf-715d-49d2-bfd4-f208c806a5db,08/16/2025,1755360471.0,Prep 8.16.25,201,143bec12-1478-42de-86fe-cdbf16f0daae,16,1755358668.0,Forward,Rice WSOC,August,Saturday,1643.0,0.0,0.61042,1643.0,3.28706,98.25085,63.04159,57.80656,38.27534,41.68221,64.54504,2.79075,13.91838,61.56034,0.69001,35.87518
Naija Bruckner,59840313-0841-4a21-a5b5-b8b24cad01b8,08/16/2025,1755360471.0,Prep 8.16.25,201,143bec12-1478-42de-86fe-cdbf16f0daae,28,1755358668.0,Central Midfielder,Rice WSOC,August,Saturday,1643.0,0.0,0.63085,1643.0,4.83945,129.30685,82.41005,67.75863,49.08178,55.61301,85.41335,4.29421,13.16156,74.0284,0.72809,37.07573
Carsyn Martz,5ec6f0de-aa33-44a6-9b7e-676076c27478,08/16/2025,1755360471.0,Prep 8.16.25,201,143bec12-1478-42de-86fe-cdbf16f0daae,20,1755358668.0,Centre Back,Rice WSOC,August,Saturday,1643.0,0.0,0.64357,1643.0,3.15439,107.73994,67.87561,57.67415,41.43507,44.53025,71.1146,5.14608,14.3105,65.37567,0.7364,37.82322
Isabelle Kent,6e66b652-d707-4f6a-86d3-61696dab1831,08/16/2025,1755360471.0,Prep 8.16.25,201,143bec12-1478-42de-86fe-cdbf16f0daae,2,1755358668.0,Full Back,Rice WSOC,August,Saturday,1643.0,0.0,0.52754,1643.0,3.08543,79.80514,48.94391,47.55835,26.36556,35.66834,53.52295,3.59499,13.36702,58.63197,0.58245,31.00412
Sophie Zhang,713ce913-8f9b-41cb-b395-b08e3e69186f,08/16/2025,1755360471.0,Prep 8.16.25,201,143bec12-1478-42de-86fe-cdbf16f0daae,9,1755358668.0,Forward,Rice WSOC,August,Saturday,1643.0,0.0,0.46092,1643.0,3.95399,92.2516,59.11388,44.17889,35.54406,39.53458,60.70313,6.28711,13.11604,59.6706,0.52243,27.08882
Megan Sweeney,76ec7312-9b6e-4355-a747-4de0c8e2d8b9,08/16/2025,1755360471.0,Prep 8.16.25,201,143bec12-1478-42de-86fe-cdbf16f0daae,0,1755358668.0,Goalkeeper,Rice WSOC,August,Saturday,1643.0,0.0,0.53052,1643.0,3.39286,97.70545,63.47478,46.65195,39.11523,42.05339,63.57568,4.16734,12.79766,58.8485,0.60635,31.17897
Kenzie Solomon,80afc22c-7b44-4cca-83af-4b9370cf2987,08/16/2025,1755360471.0,Prep 8.16.25,201,143bec12-1478-42de-86fe-cdbf16f0daae,1,1755358705.85,Goalkeeper,Rice WSOC,August,Saturday,1595.46,0.0,0.71318,1595.46,6.04021,123.86715,81.46988,87.59013,47.09393,56.36813,79.1758,4.82397,9.48751,52.24334,0.78724,43.16321
Taylor Rish,81828efc-2855-4216-a0d1-6a7c9201d5a0,08/16/2025,1755360471.0,Prep 8.16.25,201,143bec12-1478-42de-86fe-cdbf16f0daae,7,1755358668.0,Full Back,Rice WSOC,August,Saturday,1643.0,0.0,0.5815,1643.0,3.65712,91.35073,54.51891,42.01296,32.68655,36.60464,63.12564,4.59968,13.51202,74.4827,0.67377,34.17539
Leah Chancey,85ed14d3-34f0-42fc-8477-c03064e998f4,08/16/2025,1755360471.0,Prep 8.16.25,201,143bec12-1478-42de-86fe-cdbf16f0daae,23,1755358668.0,Central Midfielder,Rice WSOC,August,Saturday,1643.0,0.0,0.61035,1643.0,4.20483,106.76095,68.0506,58.39177,40.99517,45.53836,71.07191,3.97991,13.48897,60.19912,0.6867,35.87102
Betty Velkova,8b0cb352-4da9-4349-b147-77a3736ea957,08/16/2025,1755360471.0,Prep 8.16.25,201,143bec12-1478-42de-86fe-cdbf16f0daae,19,1755358668.0,Forward,Rice WSOC,August,Saturday,1643.0,0.0,0.75833,1643.0,5.27315,136.43324,80.11659,61.8208,46.4086,54.73727,96.21378,8.49421,14.09761,61.71302,0.84368,44.56747
Jules Johnston,931babc9-289c-47bf-970a-22d756ac9f5a,08/16/2025,1755360471.0,Prep 8.16.25,201,143bec12-1478-42de-86fe-cdbf16f0daae,25,1755358668.0,Forward,Rice WSOC,August,Saturday,1643.0,0.0,0.57228,1643.0,3.98602,104.33041,65.909,49.3819,38.06063,45.51769,70.10825,3.15402,11.71213,57.98072,0.64995,33.63367
Eileen Albers,943afa05-aaac-4426-ba0c-1ebef4e76cb7,08/16/2025,1755360471.0,Prep 8.16.25,201,143bec12-1478-42de-86fe-cdbf16f0daae,12,1755358668.0,Forward,Rice WSOC,August,Saturday,1643.0,0.0,0.71365,1643.0,2.89052,115.99576,66.29948,42.50617,39.54915,44.84806,84.4346,7.68314,13.45346,74.30593,0.81085,41.94201
Allie Love,99ee597d-39b8-4fb7-9c63-0d052a15c0a8,08/16/2025,1755360471.0,Prep 8.16.25,201,143bec12-1478-42de-86fe-cdbf16f0daae,17,1755358668.0,Forward,Rice WSOC,August,Saturday,1643.0,0.0,0.69292,1643.0,3.22878,116.96907,74.17935,67.10667,42.87047,51.26212,78.009,5.80616,12.48982,67.85803,0.7815,40.72383
Kirsten Ruf,9a8fba27-951b-4253-aac1-ae31800ac075,08/16/2025,1755360471.0,Prep 8.16.25,201,143bec12-1478-42de-86fe-cdbf16f0daae,22,1755358705.85,Goalkeeper,Rice WSOC,August,Saturday,1595.46,0.0,0.67822,1595.46,4.88964,131.62206,87.41255,73.28771,54.5892,56.8192,83.14513,5.1105,10.6713,66.77209,0.77179,41.0475
Laurel Kelley,a3fa5f45-c40a-44d8-ae81-6ac82f3fc9ef,08/16/2025,1755360471.0,Prep 8.16.25,201,143bec12-1478-42de-86fe-cdbf16f0daae,21,1755358668.0,Forward,Rice WSOC,August,Saturday,1643.0,0.0,0.56611,1643.0,4.34124,98.18596,63.47663,60.82681,35.04302,45.40814,64.63116,5.46021,15.05782,73.06735,0.64815,33.2709
Lilly Reuscher,ad2c003d-9ca2-42b1-bc85-2440ab303b84,08/16/2025,1755360471.0,Prep 8.16.25,201,143bec12-1478-42de-86fe-cdbf16f0daae,4,1755358668.0,Centre Back,Rice WSOC,August,Saturday,1643.0,0.0,0.7986,1643.0,4.84525,149.88425,95.69771,67.92888,54.07967,67.28154,99.3173,7.33667,13.67334,66.04791,0.91043,46.93432
Lauren Pickup,ae01c819-c49a-41ef-aa65-20df1a8a40a9,08/16/2025,1755360471.0,Prep 8.16.25,201,143bec12-1478-42de-86fe-cdbf16f0daae,8,1755358668.0,Full Back,Rice WSOC,August,Saturday,1643.0,0.0,0.78011,1643.0,3.60023,130.47114,87.78506,73.1545,50.43707,60.40089,81.48937,6.74847,15.69096,68.20901,0.87939,45.848
Mariana Elizondo,c3d64405-eb5d-4fc0-a8df-06af8ad627bf,08/16/2025,1755360471.0,Prep 8.16.25,201,143bec12-1478-42de-86fe-cdbf16f0daae,10,1755358668.0,Central Midfielder,Rice WSOC,August,Saturday,1643.0,0.0,0.84141,1643.0,4.43979,165.51237,98.54253,71.85664,61.54781,63.83255,116.44797,5.44463,13.17784,78.96372,0.97116,49.45019
Sam Walker,ce80f564-5fb7-4c34-8faf-d75015152871,08/16/2025,1755360471.0,Prep 8.16.25,201,143bec12-1478-42de-86fe-cdbf16f0daae,30,1755358705.85,Goalkeeper,Rice WSOC,August,Saturday,1595.46,0.0,0.66296,1595.46,5.22619,114.16037,76.92865,69.91158,44.54455,52.48271,71.19435,5.46681,11.01666,62.27389,0.75276,40.12361
Dayo Tennyson,d0c5a2ec-d0d5-4ae1-bc9f-ae270bfc51e9,08/16/2025,1755360471.0,Prep 8.16.25,201,143bec12-1478-42de-86fe-cdbf16f0daae,3,1755358668.0,Full Back,Rice WSOC,August,Saturday,1643.0,0.0,0.70518,1643.0,5.50895,160.02103,105.29369,85.99252,61.96877,70.17355,99.04276,5.29085,15.26162,92.39276,0.81832,41.44415
Jadyn Jaeger,8e9bb6cd-180e-47be-afa1-39abe9300b25,08/16/2025,1755360471.0,Prep 8.16.25,201,143bec12-1478-42de-86fe-cdbf16f0daae,11,1755358668.0,Full Back,Rice WSOC,August,Saturday,1643.0,0.0,0.78435,1643.0,3.24489,122.1488,78.32701,67.16325,50.94151,49.02332,81.39409,5.72685,13.61984,72.56384,0.88251,46.09713
Isabelle Kent,6e66b652-d707-4f6a-86d3-61696dab1831,08/15/2025,1755270410.57,Low minute 8.15.25,201,07717417-dea5-4521-a3ea-1707ce320df6,2,1755268033.64,Full Back,Rice WSOC,August,Friday,2376.93,0.0,0.99748,2376.93,2.78176,199.93353,124.46187,149.16491,65.14807,91.87946,134.4341,7.24462,12.03748,63.02114,1.13891,40.52159
Kenna Sanders,457dc155-bdf2-48cc-8a59-2f0b4ec42ae2,08/15/2025,1755270410.57,Low minute 8.15.25,201,07717417-dea5-4521-a3ea-1707ce320df6,18,1755268033.64,Forward,Rice WSOC,August,Friday,2376.92,0.0,1.04304,2376.93,4.34822,233.71254,140.0215,154.98101,71.83942,104.89839,161.77464,8.22671,11.64745,45.52544,1.18555,42.88107
Sophie Zhang,713ce913-8f9b-41cb-b395-b08e3e69186f,08/15/2025,1755270410.57,Low minute 8.15.25,201,07717417-dea5-4521-a3ea-1707ce320df6,9,1755268033.64,Forward,Rice WSOC,August,Friday,2376.93,0.0,0.86916,2376.93,3.47991,206.87207,133.57978,153.75696,79.88767,89.57536,135.51654,5.95944,12.89595,63.44322,1.01522,35.30866
Megan Sweeney,76ec7312-9b6e-4355-a747-4de0c8e2d8b9,08/15/2025,1755270410.57,Low minute 8.15.25,201,07717417-dea5-4521-a3ea-1707ce320df6,0,1755268033.64,Goalkeeper,Rice WSOC,August,Friday,2376.93,0.0,1.20486,2376.93,2.96044,245.99243,156.83903,170.83708,92.73237,106.98473,162.47133,9.81598,12.70484,59.18378,1.37242,48.94653
Allie Love,99ee597d-39b8-4fb7-9c63-0d052a15c0a8,08/15/2025,1755270410.57,Low minute 8.15.25,201,07717417-dea5-4521-a3ea-1707ce320df6,17,1755268033.64,Forward,Rice WSOC,August,Friday,2376.93,0.0,1.11445,2376.93,4.77803,251.00758,162.12067,178.04625,88.74255,116.2269,163.01215,7.97431,12.7976,57.00547,1.27973,45.27367
Laurel Kelley,a3fa5f45-c40a-44d8-ae81-6ac82f3fc9ef,08/15/2025,1755270410.57,Low minute 8.15.25,201,07717417-dea5-4521-a3ea-1707ce320df6,21,1755268033.64,Forward,Rice WSOC,August,Friday,2376.93,0.0,1.04894,2376.93,3.99207,249.70515,161.05118,186.14827,90.8487,113.39941,165.24911,7.39063,13.6082,79.26908,1.2064,42.61211
Sam Walker,ce80f564-5fb7-4c34-8faf-d75015152871,08/15/2025,1755270410.57,Low minute 8.15.25,201,07717417-dea5-4521-a3ea-1707ce320df6,30,1755268033.64,Goalkeeper,Rice WSOC,August,Friday,2376.93,0.0,1.13454,2376.93,5.0151,269.77188,182.25246,220.22143,108.47291,122.2094,167.33998,6.86733,13.65406,91.69993,1.40582,46.08972
Camille Quarterman,e710b8f7-8542-490c-80f0-c110cb9ed839,08/15/2025,1755270410.57,Low minute 8.15.25,201,07717417-dea5-4521-a3ea-1707ce320df6,33,1755268033.64,Wide Midfielder,Rice WSOC,August,Friday,2376.93,0.0,1.02623,2376.93,4.33534,244.14218,162.14245,184.99963,102.75155,103.73781,154.82121,7.19046,13.01324,76.1286,1.19803,41.68947
Mia Brumlow,e9141800-8f9c-4a98-8265-2ae17f48913e,08/15/2025,1755270410.57,Low minute 8.15.25,201,07717417-dea5-4521-a3ea-1707ce320df6,13,1755268033.64,Wide Midfielder,Rice WSOC,August,Friday,2376.93,0.0,0.94916,2376.93,3.34065,224.32669,149.18744,169.40484,90.69886,99.35345,144.2037,6.67211,13.01148,76.42931,1.11558,38.55882
Jordyn Mariam,f7e75558-805b-459d-b944-ec8d5a5beeac,08/15/2025,1755270410.57,Low minute 8.15.25,201,07717417-dea5-4521-a3ea-1707ce320df6,5,1755268033.64,Wide Midfielder,Rice WSOC,August,Friday,2376.93,0.0,0.95128,2376.93,3.12605,230.55594,154.09121,177.79143,89.78619,106.17407,144.05366,5.8709,12.06812,63.64357,1.10818,38.64487
Lilly Reuscher,ad2c003d-9ca2-42b1-bc85-2440ab303b84,08/14/2025,1755219815.0,vs HCU 8.14.25,201,be3692d7-e09f-40a0-824d-5a22b0a1a8da,4,1755212727.0,Centre Back,Rice WSOC,August,Thursday,4915.07,1306.93,4.31806,4915.07,4.27602,700.15735,444.03384,247.71387,258.69209,303.66896,466.12004,50.41488,16.16636,64.04084,4.6942,84.83192
Lauren Pickup,ae01c819-c49a-41ef-aa65-20df1a8a40a9,08/14/2025,1755219815.0,vs HCU 8.14.25,201,be3692d7-e09f-40a0-824d-5a22b0a1a8da,8,1755212727.0,Full Back,Rice WSOC,August,Thursday,3183.73,3038.27,3.72913,3183.73,4.09402,593.53992,373.3578,166.94296,211.00677,262.71336,397.30698,63.51598,14.97507,86.58045,4.25193,113.10226
Jessica Molina,49ee30cf-715d-49d2-bfd4-f208c806a5db,08/14/2025,1755219815.0,vs HCU 8.14.25,201,be3692d7-e09f-40a0-824d-5a22b0a1a8da,16,1755212727.0,Forward,Rice WSOC,August,Thursday,7436.93,-1214.93,4.79184,7436.93,3.86854,673.36755,415.18118,269.54977,265.89973,261.95587,466.84711,57.79709,14.50354,71.65723,5.30938,62.2169
Naija Bruckner,59840313-0841-4a21-a5b5-b8b24cad01b8,08/14/2025,1755219815.0,vs HCU 8.14.25,201,be3692d7-e09f-40a0-824d-5a22b0a1a8da,28,1755212727.0,Central Midfielder,Rice WSOC,August,Thursday,3896.03,2325.97,3.58586,3896.03,5.39865,595.36386,341.02602,197.31398,200.86299,233.18085,429.70685,45.33917,16.09745,93.63261,4.02335,88.87337
Carsyn Martz,5ec6f0de-aa33-44a6-9b7e-676076c27478,08/14/2025,1755219815.0,vs HCU 8.14.25,201,be3692d7-e09f-40a0-824d-5a22b0a1a8da,20,1755212727.0,Centre Back,Rice WSOC,August,Thursday,3135.34,3086.66,3.03809,3135.34,5.77224,523.96617,310.88274,145.32484,183.60604,210.34249,366.37257,38.15821,15.87438,63.79483,3.39831,93.56565
Sophie Zhang,713ce913-8f9b-41cb-b395-b08e3e69186f,08/14/2025,1755215788.0,vs HCU 8.14.25,201,be3692d7-e09f-40a0-824d-5a22b0a1a8da,9,1755212727.0,Forward,Rice WSOC,August,Thursday,4238.75,-1177.75,0.87537,4238.75,5.47365,182.23499,113.86462,75.29797,64.67353,79.334,121.88274,15.80462,15.59232,87.71981,0.99724,19.94143
Kenzie Solomon,80afc22c-7b44-4cca-83af-4b9370cf2987,08/14/2025,1755219815.0,vs HCU 8.14.25,201,be3692d7-e09f-40a0-824d-5a22b0a1a8da,1,1755216654.0,Goalkeeper,Rice WSOC,August,Thursday,3161.0,0.0,1.9445,3161.0,4.77451,251.61758,161.75519,192.95111,98.9845,106.95174,163.68881,14.03461,10.65902,60.50612,2.06475,59.39968
Taylor Rish,81828efc-2855-4216-a0d1-6a7c9201d5a0,08/14/2025,1755219815.0,vs HCU 8.14.25,201,be3692d7-e09f-40a0-824d-5a22b0a1a8da,7,1755212727.0,Full Back,Rice WSOC,August,Thursday,5177.3,1044.7,4.72747,5177.3,6.06935,789.90741,480.37572,257.90279,306.50207,305.26708,548.85641,53.97942,15.5794,85.25983,5.28849,88.171
Leah Chancey,85ed14d3-34f0-42fc-8477-c03064e998f4,08/14/2025,1755219815.0,vs HCU 8.14.25,201,be3692d7-e09f-40a0-824d-5a22b0a1a8da,23,1755212727.0,Central Midfielder,Rice WSOC,August,Thursday,4311.03,1910.97,3.91601,4311.03,6.74449,613.14758,358.61801,233.59937,211.48125,242.09626,431.37737,46.64494,14.96839,66.69286,4.29195,87.71268
Betty Velkova,8b0cb352-4da9-4349-b147-77a3736ea957,08/14/2025,1755219815.0,vs HCU 8.14.25,201,be3692d7-e09f-40a0-824d-5a22b0a1a8da,19,1755212727.0,Forward,Rice WSOC,August,Thursday,2974.26,3247.74,3.51247,2974.26,5.32144,661.61047,383.36078,154.95157,243.10841,243.30692,475.98546,59.92529,13.923,64.56054,3.85202,114.03383
Jadyn Jaeger,8e9bb6cd-180e-47be-afa1-39abe9300b25,08/14/2025,1755219815.0,vs HCU 8.14.25,201,be3692d7-e09f-40a0-824d-5a22b0a1a8da,11,1755212727.0,Full Back,Rice WSOC,August,Thursday,5590.21,631.79,5.90319,5590.21,4.34304,747.53915,476.63808,278.77397,313.85823,294.18662,492.30594,82.05497,14.55981,79.9097,6.37476,101.96681
Jules Johnston,931babc9-289c-47bf-970a-22d756ac9f5a,08/14/2025,1755219815.0,vs HCU 8.14.25,201,be3692d7-e09f-40a0-824d-5a22b0a1a8da,25,1755212727.0,Forward,Rice WSOC,August,Thursday,6090.76,131.24,3.42607,6090.76,4.64398,588.59039,369.82422,219.80821,205.14925,262.94194,395.34619,47.30203,17.81716,77.99477,3.86981,54.31571
Eileen Albers,943afa05-aaac-4426-ba0c-1ebef4e76cb7,08/14/2025,1755219815.0,vs HCU 8.14.25,201,be3692d7-e09f-40a0-824d-5a22b0a1a8da,12,1755212727.0,Forward,Rice WSOC,August,Thursday,3951.77,2270.23,4.00485,3951.77,4.6033,611.47449,340.80576,179.95306,209.46072,224.58956,453.38332,57.71981,16.19759,80.36951,4.37261,97.85754
Allie Love,99ee597d-39b8-4fb7-9c63-0d052a15c0a8,08/14/2025,1755219815.0,vs HCU 8.14.25,201,be3692d7-e09f-40a0-824d-5a22b0a1a8da,17,1755212727.0,Forward,Rice WSOC,August,Thursday,1165.66,5056.34,0.87578,1165.66,4.93989,148.11395,93.88802,45.52138,57.45847,61.45465,99.12495,9.40491,15.15252,54.25462,1.01511,72.54759
Kirsten Ruf,9a8fba27-951b-4253-aac1-ae31800ac075,08/14/2025,1755215788.0,vs HCU 8.14.25,201,be3692d7-e09f-40a0-824d-5a22b0a1a8da,22,1755212727.0,Goalkeeper,Rice WSOC,August,Thursday,3061.0,0.0,1.40117,3061.0,4.84511,202.71713,132.69345,125.97987,81.84918,86.76468,130.73079,6.59937,12.38394,72.27165,1.51621,44.20044
Laurel Kelley,a3fa5f45-c40a-44d8-ae81-6ac82f3fc9ef,08/14/2025,1755219815.0,vs HCU 8.14.25,201,be3692d7-e09f-40a0-824d-5a22b0a1a8da,21,1755212727.0,Forward,Rice WSOC,August,Thursday,3975.64,2246.36,1.87975,3975.64,6.36248,325.94702,207.89281,128.34334,120.45235,144.90288,215.47647,22.37761,15.51573,76.53877,2.1101,45.65554
Piper Biziorek,fb332127-6268-4995-a140-9076566dc702,08/14/2025,1755219815.0,vs HCU 8.14.25,201,be3692d7-e09f-40a0-824d-5a22b0a1a8da,15,1755212727.0,Central Midfielder,Rice WSOC,August,Thursday,3019.69,3202.31,3.65344,3019.69,4.87048,630.59943,421.81671,154.23666,231.49187,304.85672,402.95851,61.35408,15.86467,78.79622,4.21216,116.82601
Mia Brumlow,e9141800-8f9c-4a98-8265-2ae17f48913e,08/14/2025,1755219815.0,vs HCU 8.14.25,201,be3692d7-e09f-40a0-824d-5a22b0a1a8da,13,1755216654.0,Wide Midfielder,Rice WSOC,August,Thursday,1523.71,1637.29,1.45545,1523.71,4.37771,240.43861,140.40071,82.56799,86.55841,92.46468,172.6817,20.48571,15.28736,80.38588,1.68469,92.23456
Olivia Duvall,d91f4f1a-979c-4c34-bb2f-a8b1f5176b9e,08/14/2025,1755219815.0,vs HCU 8.14.25,201,be3692d7-e09f-40a0-824d-5a22b0a1a8da,14,1755212727.0,Wide Midfielder,Rice WSOC,August,Thursday,3631.77,2590.23,4.0863,3631.77,5.69617,591.66537,368.83098,175.78123,225.91323,243.7113,401.93369,61.73886,16.61434,85.63836,4.62037,108.64566
Chelsea Cross,d654a3c8-46fc-4466-b132-8b2ba7258344,08/14/2025,1755219815.0,vs HCU 8.14.25,201,be3692d7-e09f-40a0-824d-5a22b0a1a8da,24,1755212727.0,Central Midfielder,Rice WSOC,August,Thursday,10038.4,-3816.4,7.15688,10038.4,5.5686,1287.6933,756.01312,379.80917,462.42455,495.02985,912.8967,113.81715,12.86507,62.59632,7.94751,68.84295
Dayo Tennyson,d0c5a2ec-d0d5-4ae1-bc9f-ae270bfc51e9,08/14/2025,1755219815.0,vs HCU 8.14.25,201,be3692d7-e09f-40a0-824d-5a22b0a1a8da,3,1755212727.0,Full Back,Rice WSOC,August,Thursday,3866.19,2355.81,3.44946,3866.19,5.76508,699.92111,453.31914,274.11847,272.22577,301.6223,444.22789,40.89914,15.28971,84.23837,3.88511,86.15262
Mariana Elizondo,c3d64405-eb5d-4fc0-a8df-06af8ad627bf,08/14/2025,1755219815.0,vs HCU 8.14.25,201,be3692d7-e09f-40a0-824d-5a22b0a1a8da,10,1755212727.0,Central Midfielder,Rice WSOC,August,Thursday,4324.58,1897.42,4.41983,4324.58,5.33648,771.24207,464.85954,234.16116,291.57452,302.77429,541.51062,58.63745,15.2718,70.41768,4.86359,98.68731
Jordyn Mariam,f7e75558-805b-459d-b944-ec8d5a5beeac,08/13/2025,1755100311.67,Prep 8.13.25,201,a22c90ab-b0b0-42a3-a639-450500c86c70,5,1755097856.71,Wide Midfielder,Rice WSOC,August,Wednesday,2060.96,0.0,0.93935,2060.96,3.90134,181.83583,119.81164,122.56696,71.27333,80.82803,114.24843,6.24539,14.9529,70.35861,1.06968,44.01047
Piper Biziorek,fb332127-6268-4995-a140-9076566dc702,08/13/2025,1755100311.67,Prep 8.13.25,201,a22c90ab-b0b0-42a3-a639-450500c86c70,15,1755097856.71,Central Midfielder,Rice WSOC,August,Wednesday,2060.95,0.0,1.17384,2060.96,4.35762,231.43382,153.6329,142.85395,81.95872,112.08544,145.18195,8.5001,15.54114,76.94674,1.40056,55.30523
Sophie Zhang,713ce913-8f9b-41cb-b395-b08e3e69186f,08/13/2025,1755100311.67,Prep 8.13.25,201,a22c90ab-b0b0-42a3-a639-450500c86c70,9,1755097856.71,Forward,Rice WSOC,August,Wednesday,2060.96,0.0,0.95904,2060.96,4.69394,202.51604,133.11772,124.03455,83.64643,85.45237,129.64147,5.15758,16.27206,74.50762,1.10607,44.93318
Mia Brumlow,e9141800-8f9c-4a98-8265-2ae17f48913e,08/13/2025,1755100311.67,Prep 8.13.25,201,a22c90ab-b0b0-42a3-a639-450500c86c70,13,1755097856.71,Wide Midfielder,Rice WSOC,August,Wednesday,2060.96,0.0,0.89873,2060.96,4.34081,173.12183,116.12602,105.22007,72.76277,74.97473,108.35953,4.61742,15.53137,90.27905,1.04653,42.10757
Jadyn Jaeger,8e9bb6cd-180e-47be-afa1-39abe9300b25,08/13/2025,1755100311.67,Prep 8.13.25,201,a22c90ab-b0b0-42a3-a639-450500c86c70,11,1755097856.71,Full Back,Rice WSOC,August,Wednesday,2060.96,0.0,0.96701,2060.96,3.44561,144.39081,92.44353,90.26546,59.00303,58.75515,95.39536,7.67136,16.07276,77.67303,1.09496,45.30665
Jessica Molina,49ee30cf-715d-49d2-bfd4-f208c806a5db,08/13/2025,1755100311.67,Prep 8.13.25,201,a22c90ab-b0b0-42a3-a639-450500c86c70,16,1755097856.71,Forward,Rice WSOC,August,Wednesday,2060.96,0.0,0.86123,2060.96,2.7588,121.81211,71.60791,81.56999,44.2028,46.59729,85.80869,5.38978,14.62869,77.89587,0.94533,40.35069
Naija Bruckner,59840313-0841-4a21-a5b5-b8b24cad01b8,08/13/2025,1755100311.67,Prep 8.13.25,201,a22c90ab-b0b0-42a3-a639-450500c86c70,28,1755097856.71,Central Midfielder,Rice WSOC,August,Wednesday,2060.96,0.0,0.9624,2060.96,4.91069,189.51132,116.01611,106.10581,68.65121,78.47138,129.33717,7.98571,16.7633,89.27753,1.14555,45.0906
Carsyn Martz,5ec6f0de-aa33-44a6-9b7e-676076c27478,08/13/2025,1755100311.67,Prep 8.13.25,201,a22c90ab-b0b0-42a3-a639-450500c86c70,20,1755097856.71,Centre Back,Rice WSOC,August,Wednesday,2060.96,0.0,0.91823,2060.96,4.3145,165.24825,109.97238,106.01254,72.25838,66.65973,103.76645,6.0236,15.66207,86.61105,1.04345,43.02104
Isabelle Kent,6e66b652-d707-4f6a-86d3-61696dab1831,08/13/2025,1755100311.67,Prep 8.13.25,201,a22c90ab-b0b0-42a3-a639-450500c86c70,2,1755097856.71,Full Back,Rice WSOC,August,Wednesday,2060.96,0.0,0.86819,2060.96,3.87141,155.50201,101.13703,97.08363,56.3785,71.86204,99.09288,4.6988,14.70032,66.26305,0.97405,40.6768
Megan Sweeney,76ec7312-9b6e-4355-a747-4de0c8e2d8b9,08/13/2025,1755100311.67,Prep 8.13.25,201,a22c90ab-b0b0-42a3-a639-450500c86c70,0,1755097856.71,Goalkeeper,Rice WSOC,August,Wednesday,2060.96,0.0,1.00815,2060.96,4.42189,182.20607,118.39264,115.51312,77.9073,72.31584,117.4925,9.23364,14.88238,66.39769,1.14981,47.23403
Kenzie Solomon,80afc22c-7b44-4cca-83af-4b9370cf2987,08/13/2025,1755101455.31,Prep 8.13.25,201,a22c90ab-b0b0-42a3-a639-450500c86c70,1,1755097856.71,Goalkeeper,Rice WSOC,August,Wednesday,2981.47,0.0,1.75507,2981.47,5.0775,323.64307,204.40096,217.88168,120.30857,139.46769,214.90589,11.8239,14.22566,82.11734,1.96565,56.84129
Taylor Rish,81828efc-2855-4216-a0d1-6a7c9201d5a0,08/13/2025,1755100311.67,Prep 8.13.25,201,a22c90ab-b0b0-42a3-a639-450500c86c70,7,1755097856.71,Full Back,Rice WSOC,August,Wednesday,2060.96,0.0,0.72498,2060.96,4.86637,124.94617,74.18381,79.95348,43.69259,50.44404,86.49764,3.64334,15.28554,130.92426,0.84494,33.9671
Leah Chancey,85ed14d3-34f0-42fc-8477-c03064e998f4,08/13/2025,1755100311.67,Prep 8.13.25,201,a22c90ab-b0b0-42a3-a639-450500c86c70,23,1755097856.71,Central Midfielder,Rice WSOC,August,Wednesday,2060.96,0.0,0.88013,2060.96,4.05354,152.2351,97.7059,95.2612,61.53268,62.3572,99.82047,5.22553,14.4254,56.74638,0.97033,41.23623
Betty Velkova,8b0cb352-4da9-4349-b147-77a3736ea957,08/13/2025,1755100311.67,Prep 8.13.25,201,a22c90ab-b0b0-42a3-a639-450500c86c70,19,1755097856.71,Forward,Rice WSOC,August,Wednesday,2060.96,0.0,0.98488,2060.96,5.25767,192.49738,122.83783,116.36213,76.3907,78.9346,127.05006,5.2303,15.98202,69.2925,1.12388,46.14389
Jules Johnston,931babc9-289c-47bf-970a-22d756ac9f5a,08/13/2025,1755100311.67,Prep 8.13.25,201,a22c90ab-b0b0-42a3-a639-450500c86c70,25,1755097856.71,Forward,Rice WSOC,August,Wednesday,2060.96,0.0,1.00692,2060.96,4.4118,166.67928,108.22754,97.97909,68.86352,68.25929,108.53585,6.36942,15.11216,70.60151,1.12359,47.1767
Camille Quarterman,e710b8f7-8542-490c-80f0-c110cb9ed839,08/13/2025,1755100311.67,Prep 8.13.25,201,a22c90ab-b0b0-42a3-a639-450500c86c70,33,1755097856.71,Wide Midfielder,Rice WSOC,August,Wednesday,2060.96,0.0,1.09504,2060.96,5.01408,214.79981,142.73511,128.27558,90.17877,91.71301,135.20461,6.72659,15.78582,92.73294,1.29627,51.30496
Eileen Albers,943afa05-aaac-4426-ba0c-1ebef4e76cb7,08/13/2025,1755100311.67,Prep 8.13.25,201,a22c90ab-b0b0-42a3-a639-450500c86c70,12,1755097856.71,Forward,Rice WSOC,August,Wednesday,2060.96,0.0,1.01475,2060.96,3.95026,178.13663,104.02273,92.42799,64.88475,67.43828,127.28048,7.65717,16.17212,83.49886,1.16443,47.54311
Allie Love,99ee597d-39b8-4fb7-9c63-0d052a15c0a8,08/13/2025,1755100311.67,Prep 8.13.25,201,a22c90ab-b0b0-42a3-a639-450500c86c70,17,1755097856.71,Forward,Rice WSOC,August,Wednesday,2060.96,0.0,1.19354,2060.96,4.21788,219.8882,145.07784,124.19097,86.09138,97.30053,138.96457,9.30819,14.76571,69.02554,1.35581,55.92001
Laurel Kelley,a3fa5f45-c40a-44d8-ae81-6ac82f3fc9ef,08/13/2025,1755100311.67,Prep 8.13.25,201,a22c90ab-b0b0-42a3-a639-450500c86c70,21,1755097856.71,Forward,Rice WSOC,August,Wednesday,2060.96,0.0,0.95927,2060.96,4.46332,195.83645,127.5461,137.90578,76.09517,85.67223,127.64167,8.14651,15.49621,68.10165,1.09652,44.94413
Lilly Reuscher,ad2c003d-9ca2-42b1-bc85-2440ab303b84,08/13/2025,1755100311.67,Prep 8.13.25,201,a22c90ab-b0b0-42a3-a639-450500c86c70,4,1755097856.71,Centre Back,Rice WSOC,August,Wednesday,2060.96,0.0,0.87177,2060.96,3.30956,153.28611,100.86003,98.79482,57.24864,70.46133,97.71994,5.50575,15.06701,73.98079,1.01256,40.84444
Lauren Pickup,ae01c819-c49a-41ef-aa65-20df1a8a40a9,08/13/2025,1755100311.67,Prep 8.13.25,201,a22c90ab-b0b0-42a3-a639-450500c86c70,8,1755097856.71,Full Back,Rice WSOC,August,Wednesday,2060.96,0.0,1.09329,2060.96,3.13191,191.80939,132.66487,119.83462,79.30196,88.83602,115.72457,6.5878,15.06577,66.95493,1.25967,51.22312
Mariana Elizondo,c3d64405-eb5d-4fc0-a8df-06af8ad627bf,08/13/2025,1755100311.67,Prep 8.13.25,201,a22c90ab-b0b0-42a3-a639-450500c86c70,10,1755097856.71,Central Midfielder,Rice WSOC,August,Wednesday,2060.96,0.0,0.90158,2060.96,4.88518,183.21595,113.59701,126.02108,72.097,72.55166,124.0199,5.64319,14.35408,70.19187,1.01681,42.24111
Sam Walker,ce80f564-5fb7-4c34-8faf-d75015152871,08/13/2025,1755101455.31,Prep 8.13.25,201,a22c90ab-b0b0-42a3-a639-450500c86c70,30,1755097856.71,Goalkeeper,Rice WSOC,August,Wednesday,2981.47,0.0,1.53063,2981.47,6.66622,284.3254,186.33053,183.09929,109.52323,125.69375,180.90446,8.94613,13.97702,77.51009,1.76868,49.57227
Dayo Tennyson,d0c5a2ec-d0d5-4ae1-bc9f-ae270bfc51e9,08/13/2025,1755100311.67,Prep 8.13.25,201,a22c90ab-b0b0-42a3-a639-450500c86c70,3,1755097856.71,Full Back,Rice WSOC,August,Wednesday,2060.96,0.0,0.82577,2060.96,5.8587,182.02504,121.67469,122.6037,72.83674,80.44295,111.05361,6.28224,17.28742,111.40869,1.01074,38.6891
Chelsea Cross,d654a3c8-46fc-4466-b132-8b2ba7258344,08/13/2025,1755100311.67,Prep 8.13.25,201,a22c90ab-b0b0-42a3-a639-450500c86c70,24,1755097856.71,Central Midfielder,Rice WSOC,August,Wednesday,2060.96,0.0,0.91564,2060.96,3.67473,159.73915,96.09314,92.49902,55.15655,66.42156,110.36155,5.99679,14.80781,67.1225,1.07099,42.89981
Kenna Sanders,457dc155-bdf2-48cc-8a59-2f0b4ec42ae2,08/13/2025,1755100311.67,Prep 8.13.25,201,a22c90ab-b0b0-42a3-a639-450500c86c70,18,1755097856.71,Forward,Rice WSOC,August,Wednesday,2060.96,0.0,0.91455,2060.96,2.93138,180.29521,120.20392,116.18984,66.99587,85.50729,114.31165,5.44665,13.75139,59.13933,1.01706,42.84881
Olivia Duvall,d91f4f1a-979c-4c34-bb2f-a8b1f5176b9e,08/13/2025,1755100311.67,Prep 8.13.25,201,a22c90ab-b0b0-42a3-a639-450500c86c70,14,1755097856.71,Wide Midfielder,Rice WSOC,August,Wednesday,2060.96,0.0,0.89563,2060.96,3.76718,143.76658,91.97399,81.95248,54.11349,62.57487,93.49766,5.75888,15.25541,102.03786,1.04206,41.9621
Camille Quarterman,e710b8f7-8542-490c-80f0-c110cb9ed839,08/12/2025,1755017214.0,Maintenance 8.12.25,201,960613b3-7bef-4653-a0ab-5d20ad517035,33,1755011834.11,Wide Midfielder,Rice WSOC,August,Tuesday,4653.9,0.0,2.18634,4653.9,4.73174,395.72265,255.30355,203.91704,155.69056,169.24292,257.56021,20.91004,18.05027,85.99303,2.51273,45.36283
Jessica Molina,49ee30cf-715d-49d2-bfd4-f208c806a5db,08/12/2025,1755017214.0,Maintenance 8.12.25,201,960613b3-7bef-4653-a0ab-5d20ad517035,16,1755011834.11,Forward,Rice WSOC,August,Tuesday,4653.9,0.0,2.69903,4653.9,4.04284,416.10568,252.6652,197.25587,159.17087,161.1598,288.49171,22.67244,16.83091,81.973,2.98147,56.00028
Carsyn Martz,5ec6f0de-aa33-44a6-9b7e-676076c27478,08/12/2025,1755017214.0,Maintenance 8.12.25,201,960613b3-7bef-4653-a0ab-5d20ad517035,20,1755011834.11,Centre Back,Rice WSOC,August,Tuesday,4653.9,0.0,2.53527,4653.9,4.33686,411.02193,249.1729,209.89736,147.389,168.04803,283.67516,23.50091,16.84912,79.14811,2.81681,52.60262
Isabelle Kent,6e66b652-d707-4f6a-86d3-61696dab1831,08/12/2025,1755017214.0,Maintenance 8.12.25,201,960613b3-7bef-4653-a0ab-5d20ad517035,2,1755011834.11,Full Back,Rice WSOC,August,Tuesday,4653.9,0.0,2.81334,4653.9,3.5966,451.21894,278.7017,220.71186,148.33099,204.4833,304.56321,25.471,15.73336,69.81906,3.12881,58.37211
Sophie Zhang,713ce913-8f9b-41cb-b395-b08e3e69186f,08/12/2025,1755017214.0,Maintenance 8.12.25,201,960613b3-7bef-4653-a0ab-5d20ad517035,9,1755011834.11,Forward,Rice WSOC,August,Tuesday,4653.9,0.0,2.15555,4653.9,4.55699,410.38305,262.67524,207.93302,158.80012,173.34604,271.57299,19.08739,16.09431,78.33392,2.42745,44.72412
Megan Sweeney,76ec7312-9b6e-4355-a747-4de0c8e2d8b9,08/12/2025,1755017214.0,Maintenance 8.12.25,201,960613b3-7bef-4653-a0ab-5d20ad517035,0,1755011834.11,Goalkeeper,Rice WSOC,August,Tuesday,4653.9,0.0,3.12034,4653.9,4.29016,519.05993,325.60608,240.26521,180.81309,230.38581,346.50039,32.67366,15.84586,71.7841,3.49554,64.74184
Kenzie Solomon,80afc22c-7b44-4cca-83af-4b9370cf2987,08/12/2025,1755017214.0,Maintenance 8.12.25,201,960613b3-7bef-4653-a0ab-5d20ad517035,1,1755011834.11,Goalkeeper,Rice WSOC,August,Tuesday,4898.44,0.0,2.39808,4898.44,5.74677,406.72411,260.35946,292.00889,145.85828,184.19377,266.7054,16.36099,14.82449,78.25415,2.64223,47.27229
Taylor Rish,81828efc-2855-4216-a0d1-6a7c9201d5a0,08/12/2025,1755017214.0,Maintenance 8.12.25,201,960613b3-7bef-4653-a0ab-5d20ad517035,7,1755011834.11,Full Back,Rice WSOC,August,Tuesday,4653.9,0.0,2.35291,4653.9,5.95295,417.27458,249.72183,182.34523,160.35515,157.77707,289.95275,23.0646,17.48629,86.37482,2.66618,48.81894
Leah Chancey,85ed14d3-34f0-42fc-8477-c03064e998f4,08/12/2025,1755017214.0,Maintenance 8.12.25,201,960613b3-7bef-4653-a0ab-5d20ad517035,23,1755011834.11,Central Midfielder,Rice WSOC,August,Tuesday,4653.9,0.0,2.74088,4653.9,4.4206,444.17879,266.16045,206.8843,151.71329,184.52744,307.94637,27.34247,15.16742,65.53053,3.05192,56.86876
Betty Velkova,8b0cb352-4da9-4349-b147-77a3736ea957,08/12/2025,1755017214.0,Maintenance 8.12.25,201,960613b3-7bef-4653-a0ab-5d20ad517035,19,1755011834.11,Forward,Rice WSOC,August,Tuesday,4653.9,0.0,3.18255,4653.9,4.88636,584.6511,337.04097,227.56154,206.34589,219.15022,420.36578,33.78241,16.71393,73.54362,3.54961,66.03253
Jadyn Jaeger,8e9bb6cd-180e-47be-afa1-39abe9300b25,08/12/2025,1755017214.0,Maintenance 8.12.25,201,960613b3-7bef-4653-a0ab-5d20ad517035,11,1755011834.11,Full Back,Rice WSOC,August,Tuesday,4653.9,0.0,3.27287,4653.9,3.87813,454.57477,284.99898,205.96017,188.57816,174.85868,309.70396,33.47841,16.84893,86.97649,3.63931,67.90657
Olivia Duvall,d91f4f1a-979c-4c34-bb2f-a8b1f5176b9e,08/12/2025,1755017214.0,Maintenance 8.12.25,201,960613b3-7bef-4653-a0ab-5d20ad517035,14,1755011834.11,Wide Midfielder,Rice WSOC,August,Tuesday,4653.9,0.0,2.6585,4653.9,4.24894,368.6917,235.93458,183.37878,145.19023,154.85464,244.28614,29.57487,16.87351,97.65204,3.00047,55.15949
Jules Johnston,931babc9-289c-47bf-970a-22d756ac9f5a,08/12/2025,1755017214.0,Maintenance 8.12.25,201,960613b3-7bef-4653-a0ab-5d20ad517035,25,1755011834.11,Forward,Rice WSOC,August,Tuesday,4653.9,0.0,2.14299,4653.9,4.97391,390.81307,251.82758,182.78379,148.30982,170.95502,257.29001,18.48243,16.95602,83.57018,2.41723,44.46337
Eileen Albers,943afa05-aaac-4426-ba0c-1ebef4e76cb7,08/12/2025,1755017214.0,Maintenance 8.12.25,201,960613b3-7bef-4653-a0ab-5d20ad517035,12,1755011834.11,Forward,Rice WSOC,August,Tuesday,4653.9,0.0,2.89974,4653.9,4.15753,440.97845,248.58678,171.71973,151.97484,163.96603,321.27729,35.2567,17.24414,91.65057,3.24438,60.16474
Allie Love,99ee597d-39b8-4fb7-9c63-0d052a15c0a8,08/12/2025,1755017214.0,Maintenance 8.12.25,201,960613b3-7bef-4653-a0ab-5d20ad517035,17,1755011834.11,Forward,Rice WSOC,August,Tuesday,4653.9,0.0,2.91678,4653.9,5.84905,522.07094,333.38298,237.47528,192.19264,229.39025,343.04308,27.31286,16.08381,66.08704,3.32439,60.51838
Kirsten Ruf,9a8fba27-951b-4253-aac1-ae31800ac075,08/12/2025,1755017214.0,Maintenance 8.12.25,201,960613b3-7bef-4653-a0ab-5d20ad517035,22,1755011834.11,Goalkeeper,Rice WSOC,August,Tuesday,4898.44,0.0,2.13156,4898.44,5.18584,371.55736,252.32985,260.9952,152.96551,169.43561,229.37947,15.7057,16.69215,92.24778,2.38359,42.01836
Laurel Kelley,a3fa5f45-c40a-44d8-ae81-6ac82f3fc9ef,08/12/2025,1755017214.0,Maintenance 8.12.25,201,960613b3-7bef-4653-a0ab-5d20ad517035,21,1755011834.11,Forward,Rice WSOC,August,Tuesday,4653.9,0.0,2.82962,4653.9,4.70443,550.01686,355.92636,246.01999,214.6117,238.27646,361.05044,28.11551,16.01363,76.85943,3.20827,58.70994
Lilly Reuscher,ad2c003d-9ca2-42b1-bc85-2440ab303b84,08/12/2025,1755017214.0,Maintenance 8.12.25,201,960613b3-7bef-4653-a0ab-5d20ad517035,4,1755011834.11,Centre Back,Rice WSOC,August,Tuesday,4653.9,0.0,2.65398,4653.9,3.97146,466.54193,298.65435,214.00271,162.93749,214.33176,305.01773,24.47618,16.74211,76.01585,2.98594,55.06554
Mariana Elizondo,c3d64405-eb5d-4fc0-a8df-06af8ad627bf,08/12/2025,1755017214.0,Maintenance 8.12.25,201,960613b3-7bef-4653-a0ab-5d20ad517035,10,1755011834.11,Central Midfielder,Rice WSOC,August,Tuesday,4653.9,0.0,3.31888,4653.9,4.62042,606.44705,373.4346,264.03132,238.16091,238.18533,412.09936,37.32121,17.00289,83.93333,3.71225,68.8612
Sam Walker,ce80f564-5fb7-4c34-8faf-d75015152871,08/12/2025,1755017214.0,Maintenance 8.12.25,201,960613b3-7bef-4653-a0ab-5d20ad517035,30,1755011834.11,Goalkeeper,Rice WSOC,August,Tuesday,4898.44,0.0,2.29115,4898.44,7.76986,410.76068,278.49503,267.43669,164.4764,187.90123,254.1858,18.37391,16.12467,86.34418,2.62457,45.16427
Kenna Sanders,457dc155-bdf2-48cc-8a59-2f0b4ec42ae2,08/12/2025,1755017214.0,Maintenance 8.12.25,201,960613b3-7bef-4653-a0ab-5d20ad517035,18,1755011834.11,Forward,Rice WSOC,August,Tuesday,4653.9,0.0,2.79037,4653.9,3.88436,518.33415,333.70347,251.58648,194.22482,229.58085,335.46329,27.37307,14.4131,63.98984,3.05955,57.89558
Dayo Tennyson,d0c5a2ec-d0d5-4ae1-bc9f-ae270bfc51e9,08/12/2025,1755017214.0,Maintenance 8.12.25,201,960613b3-7bef-4653-a0ab-5d20ad517035,3,1755011834.11,Full Back,Rice WSOC,August,Tuesday,4653.9,0.0,2.33315,4653.9,5.60922,553.84814,356.1842,277.45618,216.28112,232.22212,351.8445,18.03458,17.79069,100.47569,2.69225,48.4089
Chelsea Cross,d654a3c8-46fc-4466-b132-8b2ba7258344,08/12/2025,1755017214.0,Maintenance 8.12.25,201,960613b3-7bef-4653-a0ab-5d20ad517035,24,1755011834.11,Central Midfielder,Rice WSOC,August,Tuesday,4653.9,0.0,3.03377,4653.9,4.08206,556.17151,350.91265,225.3513,222.30627,224.53082,374.54722,30.97553,14.63197,67.9118,3.40756,62.94565
Naija Bruckner,59840313-0841-4a21-a5b5-b8b24cad01b8,08/12/2025,1755017214.0,Maintenance 8.12.25,201,960613b3-7bef-4653-a0ab-5d20ad517035,28,1755011834.11,Central Midfielder,Rice WSOC,August,Tuesday,4653.9,0.0,2.83559,4653.9,5.03645,550.56264,-27.57653,-23.48951,-16.79493,-18.28376,-27.15439,28.16823,17.96544,83.95248,3.21548,58.83384
Mia Brumlow,e9141800-8f9c-4a98-8265-2ae17f48913e,08/12/2025,1755017214.0,Maintenance 8.12.25,201,960613b3-7bef-4653-a0ab-5d20ad517035,13,1755011834.11,Wide Midfielder,Rice WSOC,August,Tuesday,4653.9,0.0,2.74485,4653.9,4.39074,480.92489,299.00066,233.87256,182.66842,199.0101,328.13551,26.42876,16.59895,84.32204,3.09227,56.95099
Piper Biziorek,fb332127-6268-4995-a140-9076566dc702,08/12/2025,1755017214.0,Maintenance 8.12.25,201,960613b3-7bef-4653-a0ab-5d20ad517035,15,1755011834.11,Central Midfielder,Rice WSOC,August,Tuesday,4653.9,0.0,3.35659,4653.9,4.8073,647.86332,430.17933,269.3445,243.56652,302.44769,412.35955,38.56962,16.38729,83.41958,3.87748,69.64365
Chelsea Cross,d654a3c8-46fc-4466-b132-8b2ba7258344,08/11/2025,1754929276.0,Organizational 8.11.25,201,c19832f4-25da-4c7a-89c9-e6dc3edb7412,24,1754924166.87,Central Midfielder,Rice WSOC,August,Monday,4611.71,0.0,3.09595,4611.71,3.73065,545.26564,311.05291,228.26144,184.72958,210.32826,392.59895,33.41519,13.15977,61.02313,3.57796,64.82336
Olivia Duvall,d91f4f1a-979c-4c34-bb2f-a8b1f5176b9e,08/11/2025,1754929276.0,Organizational 8.11.25,201,c19832f4-25da-4c7a-89c9-e6dc3edb7412,14,1754924166.87,Wide Midfielder,Rice WSOC,August,Monday,4611.71,0.0,2.48454,4611.71,3.39194,354.10255,220.28016,165.16969,132.79535,147.20103,236.96241,22.97548,14.36725,92.1334,2.81695,52.02164
Kenna Sanders,457dc155-bdf2-48cc-8a59-2f0b4ec42ae2,08/11/2025,1754929276.0,Organizational 8.11.25,201,c19832f4-25da-4c7a-89c9-e6dc3edb7412,18,1754924166.87,Forward,Rice WSOC,August,Monday,4611.7,0.0,2.73705,4611.71,4.19858,538.44712,312.08147,229.96596,161.81456,230.47661,382.06159,27.52858,12.34009,53.80372,3.08065,57.35339
Jessica Molina,49ee30cf-715d-49d2-bfd4-f208c806a5db,08/11/2025,1754929276.0,Organizational 8.11.25,201,c19832f4-25da-4c7a-89c9-e6dc3edb7412,16,1754924166.87,Forward,Rice WSOC,August,Monday,4611.7,0.0,2.86626,4611.71,3.67843,448.26618,264.6575,196.00046,154.04094,180.18526,319.84898,28.66928,13.41963,81.14674,3.25411,60.23183
Naija Bruckner,59840313-0841-4a21-a5b5-b8b24cad01b8,08/11/2025,1754929276.0,Organizational 8.11.25,201,c19832f4-25da-4c7a-89c9-e6dc3edb7412,28,1754924166.87,Central Midfielder,Rice WSOC,August,Monday,4611.71,0.0,2.86161,4611.71,5.37605,536.60439,318.67627,243.1646,182.31859,221.13206,376.64172,28.15303,15.64436,85.67031,3.34139,59.91685
Carsyn Martz,5ec6f0de-aa33-44a6-9b7e-676076c27478,08/11/2025,1754929276.0,Organizational 8.11.25,201,c19832f4-25da-4c7a-89c9-e6dc3edb7412,20,1754924166.87,Centre Back,Rice WSOC,August,Monday,4611.7,0.0,2.91609,4611.71,3.91935,455.98014,293.23869,211.81322,187.72357,183.63588,299.8458,30.47372,16.16805,83.27713,3.25239,61.10005
Isabelle Kent,6e66b652-d707-4f6a-86d3-61696dab1831,08/11/2025,1754929276.0,Organizational 8.11.25,201,c19832f4-25da-4c7a-89c9-e6dc3edb7412,2,1754924166.87,Full Back,Rice WSOC,August,Monday,4611.71,0.0,2.1772,4611.71,3.82271,362.65258,230.98169,175.41877,136.86584,157.81499,235.56212,21.91064,13.27237,63.35871,2.43458,45.58654
Sophie Zhang,713ce913-8f9b-41cb-b395-b08e3e69186f,08/11/2025,1754929276.0,Organizational 8.11.25,201,c19832f4-25da-4c7a-89c9-e6dc3edb7412,9,1754924166.87,Forward,Rice WSOC,August,Monday,4611.71,0.0,2.23232,4611.71,4.25506,433.98543,283.0551,196.53323,169.57602,190.27805,281.45171,22.94382,14.44695,69.73038,2.50319,46.7407
Megan Sweeney,76ec7312-9b6e-4355-a747-4de0c8e2d8b9,08/11/2025,1754929276.0,Organizational 8.11.25,201,c19832f4-25da-4c7a-89c9-e6dc3edb7412,0,1754924166.87,Goalkeeper,Rice WSOC,August,Monday,4611.71,0.0,3.02897,4611.71,5.26042,528.24562,339.50573,222.90506,206.18814,226.50845,346.71706,34.57977,14.62398,70.61639,3.43927,63.42106
Kenzie Solomon,80afc22c-7b44-4cca-83af-4b9370cf2987,08/11/2025,1754929276.0,Organizational 8.11.25,201,c19832f4-25da-4c7a-89c9-e6dc3edb7412,1,1754924166.87,Goalkeeper,Rice WSOC,August,Monday,4662.44,0.0,2.06767,4662.44,5.58018,355.27842,233.17303,251.88212,132.58301,163.34104,228.00047,17.76846,12.87457,84.76638,2.30628,42.82215
Taylor Rish,81828efc-2855-4216-a0d1-6a7c9201d5a0,08/11/2025,1754929276.0,Organizational 8.11.25,201,c19832f4-25da-4c7a-89c9-e6dc3edb7412,7,1754924166.87,Full Back,Rice WSOC,August,Monday,4611.71,0.0,2.77053,4611.71,6.17978,458.75745,295.29801,200.68457,180.41004,196.08119,305.71855,25.60581,14.95174,81.92136,3.21122,58.00984
Leah Chancey,85ed14d3-34f0-42fc-8477-c03064e998f4,08/11/2025,1754929276.0,Organizational 8.11.25,201,c19832f4-25da-4c7a-89c9-e6dc3edb7412,23,1754924166.87,Central Midfielder,Rice WSOC,August,Monday,4611.71,0.0,2.30475,4611.71,3.59675,364.06557,217.72713,175.07701,126.98808,147.50802,252.6732,22.76501,13.48864,61.93756,2.61012,48.25727
Betty Velkova,8b0cb352-4da9-4349-b147-77a3736ea957,08/11/2025,1754929276.0,Organizational 8.11.25,201,c19832f4-25da-4c7a-89c9-e6dc3edb7412,19,1754924166.87,Forward,Rice WSOC,August,Monday,4611.71,0.0,3.46941,4611.71,5.00494,677.4949,419.88513,255.25121,268.66298,263.36981,462.42589,43.8468,14.37958,71.78261,3.92618,72.64308
Jadyn Jaeger,8e9bb6cd-180e-47be-afa1-39abe9300b25,08/11/2025,1754929276.0,Organizational 8.11.25,201,c19832f4-25da-4c7a-89c9-e6dc3edb7412,11,1754924166.87,Full Back,Rice WSOC,August,Monday,4611.71,0.0,3.18832,4611.71,4.08352,443.54884,281.61093,216.99636,183.79993,176.0021,298.57621,31.51115,14.20155,76.77401,3.60303,66.75756
Jules Johnston,931babc9-289c-47bf-970a-22d756ac9f5a,08/11/2025,1754929276.0,Organizational 8.11.25,201,c19832f4-25da-4c7a-89c9-e6dc3edb7412,25,1754924166.87,Forward,Rice WSOC,August,Monday,4611.71,0.0,2.69581,4611.71,4.46703,489.68512,314.66979,213.39658,182.60736,216.59355,326.05598,24.68088,13.7884,66.35029,3.11484,56.44534
Eileen Albers,943afa05-aaac-4426-ba0c-1ebef4e76cb7,08/11/2025,1754929276.0,Organizational 8.11.25,201,c19832f4-25da-4c7a-89c9-e6dc3edb7412,12,1754924166.87,Forward,Rice WSOC,August,Monday,4611.71,0.0,2.88761,4611.71,5.35261,426.72112,235.81521,166.88482,145.28089,154.36124,315.37101,31.21295,14.0789,86.79983,3.28692,60.46122
Allie Love,99ee597d-39b8-4fb7-9c63-0d052a15c0a8,08/11/2025,1754929276.0,Organizational 8.11.25,201,c19832f4-25da-4c7a-89c9-e6dc3edb7412,17,1754924166.87,Forward,Rice WSOC,August,Monday,4611.71,0.0,2.57957,4611.71,4.73907,454.93192,292.01225,210.97932,169.03012,200.87694,298.36743,26.33275,14.44204,61.70292,2.94506,54.01131
Kirsten Ruf,9a8fba27-951b-4253-aac1-ae31800ac075,08/11/2025,1754929276.0,Organizational 8.11.25,201,c19832f4-25da-4c7a-89c9-e6dc3edb7412,22,1754924166.87,Goalkeeper,Rice WSOC,August,Monday,4662.44,0.0,1.75552,4662.44,6.24508,314.68896,213.12663,213.94811,130.29964,140.96462,194.94212,15.25504,14.10852,97.05196,2.03635,36.35747
Laurel Kelley,a3fa5f45-c40a-44d8-ae81-6ac82f3fc9ef,08/11/2025,1754929276.0,Organizational 8.11.25,201,c19832f4-25da-4c7a-89c9-e6dc3edb7412,21,1754924166.87,Forward,Rice WSOC,August,Monday,4611.71,0.0,2.92955,4611.71,4.87671,543.50174,353.78423,236.67317,207.72508,242.42254,354.04859,27.60587,13.72645,77.99097,3.40954,61.33938
Lilly Reuscher,ad2c003d-9ca2-42b1-bc85-2440ab303b84,08/11/2025,1754929276.0,Organizational 8.11.25,201,c19832f4-25da-4c7a-89c9-e6dc3edb7412,4,1754924166.87,Centre Back,Rice WSOC,August,Monday,4611.71,0.0,2.64588,4611.71,5.848,453.99388,283.01668,193.07047,145.4625,211.16039,303.42185,31.28977,13.52199,80.2217,2.98603,55.39982
Lauren Pickup,ae01c819-c49a-41ef-aa65-20df1a8a40a9,08/11/2025,1754929276.0,Organizational 8.11.25,201,c19832f4-25da-4c7a-89c9-e6dc3edb7412,8,1754924166.87,Full Back,Rice WSOC,August,Monday,4611.71,0.0,2.20538,4611.71,3.83392,369.1571,241.41055,181.01805,140.52708,164.63098,238.74451,22.74369,14.67551,75.39295,2.50172,46.17656
Mariana Elizondo,c3d64405-eb5d-4fc0-a8df-06af8ad627bf,08/11/2025,1754929276.0,Organizational 8.11.25,201,c19832f4-25da-4c7a-89c9-e6dc3edb7412,10,1754924166.87,Central Midfielder,Rice WSOC,August,Monday,4611.71,0.0,3.09663,4611.71,4.10702,578.5294,364.74643,257.31064,220.33159,247.02115,383.92524,34.61415,13.07408,73.20096,3.50746,64.83777
Sam Walker,ce80f564-5fb7-4c34-8faf-d75015152871,08/11/2025,1754929276.0,Organizational 8.11.25,201,c19832f4-25da-4c7a-89c9-e6dc3edb7412,30,1754924166.87,Goalkeeper,Rice WSOC,August,Monday,4662.44,0.0,1.83024,4662.44,7.19782,349.56287,234.37624,224.48867,136.30154,160.04186,218.21501,17.92092,14.77253,114.7134,2.14075,37.90494
Dayo Tennyson,d0c5a2ec-d0d5-4ae1-bc9f-ae270bfc51e9,08/11/2025,1754929276.0,Organizational 8.11.25,201,c19832f4-25da-4c7a-89c9-e6dc3edb7412,3,1754924166.87,Full Back,Rice WSOC,August,Monday,4611.71,0.0,2.65022,4611.71,5.37558,530.25519,342.72564,272.11156,200.96766,231.57043,336.60093,24.60804,13.86993,92.06347,3.14008,55.49073
Piper Biziorek,fb332127-6268-4995-a140-9076566dc702,08/11/2025,1754929276.0,Organizational 8.11.25,201,c19832f4-25da-4c7a-89c9-e6dc3edb7412,15,1754924166.87,Central Midfielder,Rice WSOC,August,Monday,4611.69,0.0,3.6295,4611.71,5.36571,653.75804,419.94839,247.15674,235.17262,296.01552,435.80933,43.00735,15.22077,89.03699,4.26085,76.7976
Jordyn Mariam,f7e75558-805b-459d-b944-ec8d5a5beeac,08/11/2025,1754929276.0,Organizational 8.11.25,201,c19832f4-25da-4c7a-89c9-e6dc3edb7412,5,1754924166.87,Wide Midfielder,Rice WSOC,August,Monday,4611.71,0.0,2.6875,4611.71,4.41386,510.49574,325.95105,231.0255,188.48357,224.99219,331.94648,27.2019,15.48603,92.11288,3.13459,56.2712
Mia Brumlow,e9141800-8f9c-4a98-8265-2ae17f48913e,08/11/2025,1754929276.0,Organizational 8.11.25,201,c19832f4-25da-4c7a-89c9-e6dc3edb7412,13,1754924166.87,Wide Midfielder,Rice WSOC,August,Monday,4611.71,0.0,2.21563,4611.71,4.66704,384.07635,243.30306,182.95042,151.92302,159.23544,255.25343,21.12031,14.20161,85.1077,2.53484,46.39118
Camille Quarterman,e710b8f7-8542-490c-80f0-c110cb9ed839,08/11/2025,1754929276.0,Organizational 8.11.25,201,c19832f4-25da-4c7a-89c9-e6dc3edb7412,33,1754924166.87,Wide Midfielder,Rice WSOC,August,Monday,4611.7,0.0,2.37965,4611.71,4.17437,453.07433,293.43288,237.30626,178.96746,194.27676,292.94313,20.7068,15.28812,88.99973,2.7945,50.18741
Lilly Reuscher,ad2c003d-9ca2-42b1-bc85-2440ab303b84,08/08/2025,1754667887.73,Injured Work 8.8.25,201,3cdb8aad-a686-410b-9a20-e6991d47db11,4,1754665058.11,Centre Back,Rice WSOC,August,Friday,2829.62,0.0,1.2185,2829.62,3.32091,274.74081,180.96018,215.82673,108.99564,120.76979,177.68212,9.90003,10.28603,50.15482,1.38195,41.5812
Piper Biziorek,fb332127-6268-4995-a140-9076566dc702,08/08/2025,1754708383.32,@ UH 8.8.25,201,421a23ef-5dd6-43d5-9c5f-950010b1efce,15,1754701324.35,Central Midfielder,Rice WSOC,August,Friday,2903.54,3240.38,4.19636,2903.54,6.6903,843.1684,578.16226,168.9292,319.9632,419.04828,517.84616,74.11121,15.47381,81.90038,4.84194,139.55493
Naija Bruckner,59840313-0841-4a21-a5b5-b8b24cad01b8,08/08/2025,1754670944.14,Injured Work 8.8.25,201,3cdb8aad-a686-410b-9a20-e6991d47db11,28,1754665058.11,Central Midfielder,Rice WSOC,August,Friday,5821.41,0.0,4.28911,5821.43,3.50212,832.90948,495.14582,415.8543,297.7003,331.1634,588.41146,61.57454,12.94565,60.54297,4.60469,71.26143
Jules Johnston,931babc9-289c-47bf-970a-22d756ac9f5a,08/08/2025,1754708383.32,@ UH 8.8.25,201,421a23ef-5dd6-43d5-9c5f-950010b1efce,25,1754701324.35,Forward,Rice WSOC,August,Friday,2319.23,3824.69,2.4061,2319.23,5.8626,404.74252,255.10519,123.57199,144.49713,178.32845,272.8457,38.90584,16.37304,86.74797,2.72155,100.17763
Camille Quarterman,e710b8f7-8542-490c-80f0-c110cb9ed839,08/08/2025,1754708383.32,@ UH 8.8.25,201,421a23ef-5dd6-43d5-9c5f-950010b1efce,33,1754701324.35,Wide Midfielder,Rice WSOC,August,Friday,1254.43,4889.49,1.36649,1254.43,6.08612,241.69968,158.04443,72.36893,95.54636,106.89156,151.47804,20.06336,16.04999,79.28793,1.57208,105.18647
Olivia Duvall,d91f4f1a-979c-4c34-bb2f-a8b1f5176b9e,08/08/2025,1754708383.32,@ UH 8.8.25,201,421a23ef-5dd6-43d5-9c5f-950010b1efce,14,1754701324.35,Wide Midfielder,Rice WSOC,August,Friday,3028.94,3114.98,3.42014,3028.94,5.76861,512.51239,309.25035,151.47575,187.92791,205.91693,356.75107,50.85233,16.13246,96.75171,3.89811,109.03171
Chelsea Cross,d654a3c8-46fc-4466-b132-8b2ba7258344,08/08/2025,1754708383.32,@ UH 8.8.25,201,421a23ef-5dd6-43d5-9c5f-950010b1efce,24,1754701324.35,Central Midfielder,Rice WSOC,August,Friday,3941.89,2202.03,4.43946,3941.89,4.52858,775.50809,429.72021,201.62624,261.10709,285.85391,571.62387,69.29287,14.68369,62.81421,4.97128,108.74917
Dayo Tennyson,d0c5a2ec-d0d5-4ae1-bc9f-ae270bfc51e9,08/08/2025,1754708383.32,@ UH 8.8.25,201,421a23ef-5dd6-43d5-9c5f-950010b1efce,3,1754701324.35,Full Back,Rice WSOC,August,Friday,6143.92,0.0,3.56253,6143.92,5.95127,764.64301,497.97931,295.96436,308.98817,323.38876,482.47577,46.32562,16.17411,101.36594,4.10326,55.99029
Mariana Elizondo,c3d64405-eb5d-4fc0-a8df-06af8ad627bf,08/08/2025,1754708383.32,@ UH 8.8.25,201,421a23ef-5dd6-43d5-9c5f-950010b1efce,10,1754701324.35,Central Midfielder,Rice WSOC,August,Friday,2183.53,3960.39,2.64045,2183.53,4.66333,463.44754,281.08389,123.17755,175.31685,183.88234,323.97452,41.82644,14.44368,74.39651,2.95812,116.76682
Lauren Pickup,ae01c819-c49a-41ef-aa65-20df1a8a40a9,08/08/2025,1754708383.32,@ UH 8.8.25,201,421a23ef-5dd6-43d5-9c5f-950010b1efce,8,1754701324.35,Full Back,Rice WSOC,August,Friday,3211.8,2932.12,3.58132,3211.8,4.08305,599.67194,380.58261,165.10443,214.45712,266.17868,395.93733,54.69136,15.77495,84.65639,4.08355,107.66989
Laurel Kelley,a3fa5f45-c40a-44d8-ae81-6ac82f3fc9ef,08/08/2025,1754708383.32,@ UH 8.8.25,201,421a23ef-5dd6-43d5-9c5f-950010b1efce,21,1754701324.35,Forward,Rice WSOC,August,Friday,3236.47,2907.45,3.52092,3236.47,4.75885,595.94547,379.82697,191.70724,217.65027,268.3281,393.50929,54.53969,14.56719,75.03262,3.89303,105.04729
Kirsten Ruf,9a8fba27-951b-4253-aac1-ae31800ac075,08/08/2025,1754708383.32,@ UH 8.8.25,201,421a23ef-5dd6-43d5-9c5f-950010b1efce,22,1754701324.35,Goalkeeper,Rice WSOC,August,Friday,5084.95,1058.97,2.34467,5084.95,6.51376,341.03667,219.4417,240.26945,129.59757,149.38011,222.83846,15.9834,12.58917,71.10136,2.52921,44.52415
Allie Love,99ee597d-39b8-4fb7-9c63-0d052a15c0a8,08/08/2025,1754708383.32,@ UH 8.8.25,201,421a23ef-5dd6-43d5-9c5f-950010b1efce,17,1754701324.35,Forward,Rice WSOC,August,Friday,2528.97,3614.95,3.23814,2528.97,4.42909,511.81625,309.84628,116.82841,185.3918,208.68018,357.4126,64.57195,14.90722,83.28772,3.63129,123.6381
Jadyn Jaeger,8e9bb6cd-180e-47be-afa1-39abe9300b25,08/08/2025,1754708383.32,@ UH 8.8.25,201,421a23ef-5dd6-43d5-9c5f-950010b1efce,11,1754701324.35,Full Back,Rice WSOC,August,Friday,6143.92,0.0,6.30409,6143.92,4.20096,831.77167,527.28969,286.80545,335.18336,336.95871,554.21591,84.29957,17.20569,75.79538,6.95091,99.078
Jordyn Mariam,f7e75558-805b-459d-b944-ec8d5a5beeac,08/08/2025,1754704377.64,@ UH 8.8.25,201,421a23ef-5dd6-43d5-9c5f-950010b1efce,5,1754701324.35,Wide Midfielder,Rice WSOC,August,Friday,795.75,2257.54,1.09885,795.75,3.968,196.00021,129.49849,38.98735,80.19803,84.91219,123.80186,16.35183,14.87516,68.83821,1.21947,133.34047
Betty Velkova,8b0cb352-4da9-4349-b147-77a3736ea957,08/08/2025,1754704377.64,@ UH 8.8.25,201,421a23ef-5dd6-43d5-9c5f-950010b1efce,19,1754701324.35,Forward,Rice WSOC,August,Friday,1389.81,1663.48,1.77889,1389.81,4.30935,350.5437,212.50206,78.19553,134.47456,134.75061,244.34158,27.72252,15.87908,68.59565,1.95536,123.59303
Leah Chancey,85ed14d3-34f0-42fc-8477-c03064e998f4,08/08/2025,1754708383.32,@ UH 8.8.25,201,421a23ef-5dd6-43d5-9c5f-950010b1efce,23,1754701324.35,Central Midfielder,Rice WSOC,August,Friday,3658.13,2485.79,4.09053,3658.13,3.92957,649.85095,383.98753,180.49257,222.61663,262.03328,454.53563,60.38288,13.52077,54.9192,4.45865,107.9744
Taylor Rish,81828efc-2855-4216-a0d1-6a7c9201d5a0,08/08/2025,1754708383.32,@ UH 8.8.25,201,421a23ef-5dd6-43d5-9c5f-950010b1efce,7,1754701324.35,Full Back,Rice WSOC,August,Friday,4554.45,1589.47,4.37108,4554.45,5.94845,732.65344,440.79652,244.25233,276.20089,287.81271,509.23744,54.32306,16.21299,80.72298,4.8643,92.67292
Kenzie Solomon,80afc22c-7b44-4cca-83af-4b9370cf2987,08/08/2025,1754708383.32,@ UH 8.8.25,201,421a23ef-5dd6-43d5-9c5f-950010b1efce,1,1754705292.69,Goalkeeper,Rice WSOC,August,Friday,1120.65,1969.98,0.73208,1120.65,4.51679,103.37393,63.05603,65.27509,36.56279,43.70023,71.10817,5.12323,13.25033,70.70033,0.80408,63.07986
Sophie Zhang,713ce913-8f9b-41cb-b395-b08e3e69186f,08/08/2025,1754708383.32,@ UH 8.8.25,201,421a23ef-5dd6-43d5-9c5f-950010b1efce,9,1754701324.35,Forward,Rice WSOC,August,Friday,2269.89,3874.03,2.39308,2269.89,5.25172,420.0036,263.85687,133.91371,148.61902,184.23491,283.65211,38.12308,14.60077,86.87177,2.6944,101.80113
Isabelle Kent,6e66b652-d707-4f6a-86d3-61696dab1831,08/08/2025,1754708383.32,@ UH 8.8.25,201,421a23ef-5dd6-43d5-9c5f-950010b1efce,2,1754705292.69,Full Back,Rice WSOC,August,Friday,559.31,2531.32,0.6237,559.31,2.80134,91.97556,54.78912,25.67857,32.4063,37.32005,64.67368,9.01865,13.16169,50.37073,0.68749,107.67732
Carsyn Martz,5ec6f0de-aa33-44a6-9b7e-676076c27478,08/08/2025,1754708383.32,@ UH 8.8.25,201,421a23ef-5dd6-43d5-9c5f-950010b1efce,20,1754701324.35,Centre Back,Rice WSOC,August,Friday,6143.92,0.0,5.5778,6143.92,5.79348,884.34644,517.61026,302.38907,297.61673,359.09063,623.39294,70.43078,16.10391,91.24862,6.201,87.66326
Jessica Molina,49ee30cf-715d-49d2-bfd4-f208c806a5db,08/08/2025,1754708383.32,@ UH 8.8.25,201,421a23ef-5dd6-43d5-9c5f-950010b1efce,16,1754701324.35,Forward,Rice WSOC,August,Friday,3639.32,2504.6,3.03676,3639.32,6.97858,450.79857,272.1577,163.8847,168.07541,179.06583,317.80908,42.75007,13.98025,78.03902,3.34875,80.57318
Kenna Sanders,457dc155-bdf2-48cc-8a59-2f0b4ec42ae2,08/08/2025,1754708383.32,@ UH 8.8.25,201,421a23ef-5dd6-43d5-9c5f-950010b1efce,18,1754705292.69,Forward,Rice WSOC,August,Friday,238.54,2852.09,0.20641,238.54,2.75607,38.60471,21.60362,15.78648,12.74438,14.62965,27.64441,2.39231,8.90086,40.97403,0.22107,83.55634
Mia Brumlow,e9141800-8f9c-4a98-8265-2ae17f48913e,08/08/2025,1754704377.64,@ UH 8.8.25,201,421a23ef-5dd6-43d5-9c5f-950010b1efce,13,1754701324.35,Wide Midfielder,Rice WSOC,August,Friday,643.41,2409.88,0.74615,643.41,4.7652,130.96182,76.51128,34.33987,47.28403,50.13457,94.08812,12.96426,14.35058,65.70621,0.8752,111.98005
Eileen Albers,943afa05-aaac-4426-ba0c-1ebef4e76cb7,08/08/2025,1754708383.32,@ UH 8.8.25,201,421a23ef-5dd6-43d5-9c5f-950010b1efce,12,1754701324.35,Forward,Rice WSOC,August,Friday,3738.32,2405.6,3.63705,3738.32,5.03908,560.19145,309.94519,159.85218,186.95576,207.34949,416.12283,45.6108,16.68194,77.4065,4.03643,93.94484
Olivia Duvall,d91f4f1a-979c-4c34-bb2f-a8b1f5176b9e,08/07/2025,1754585259.95,Prep 8.7.25,201,1214d8bd-f357-479c-a2a5-0635c616db2c,14,1754581790.88,Wide Midfielder,Rice WSOC,August,Thursday,2928.74,0.0,1.44394,2928.75,4.01996,268.99181,182.28501,142.50311,117.94282,114.03751,166.19597,13.49542,12.50488,66.61093,1.63977,48.18579
Camille Quarterman,e710b8f7-8542-490c-80f0-c110cb9ed839,08/07/2025,1754585259.95,Prep 8.7.25,201,1214d8bd-f357-479c-a2a5-0635c616db2c,33,1754581790.88,Wide Midfielder,Rice WSOC,August,Thursday,2928.01,0.0,1.61961,2928.02,4.10196,315.6927,212.54307,169.38158,130.00146,140.259,193.64656,12.93351,13.34953,87.87805,1.87857,53.61822
Jessica Molina,49ee30cf-715d-49d2-bfd4-f208c806a5db,08/07/2025,1754585259.95,Prep 8.7.25,201,1214d8bd-f357-479c-a2a5-0635c616db2c,16,1754581790.88,Forward,Rice WSOC,August,Thursday,2942.01,0.0,1.48939,2942.02,4.9247,249.0906,157.54996,164.72319,102.72981,95.67827,166.70655,10.27996,11.33427,64.25709,1.66147,50.2696
Naija Bruckner,59840313-0841-4a21-a5b5-b8b24cad01b8,08/07/2025,1754585259.95,Prep 8.7.25,201,1214d8bd-f357-479c-a2a5-0635c616db2c,28,1754581790.88,Central Midfielder,Rice WSOC,August,Thursday,2928.73,0.0,1.52439,2928.75,3.56583,300.41776,181.80074,149.58603,107.25733,123.72842,206.28594,17.15308,14.19601,82.85196,1.74509,51.01846
Carsyn Martz,5ec6f0de-aa33-44a6-9b7e-676076c27478,08/07/2025,1754585259.95,Prep 8.7.25,201,1214d8bd-f357-479c-a2a5-0635c616db2c,20,1754581790.88,Centre Back,Rice WSOC,August,Thursday,2928.02,0.0,1.08558,2928.02,2.87157,187.61791,122.82944,101.26839,77.92056,77.49731,119.19096,9.6056,11.30267,78.09733,1.17662,35.80054
Isabelle Kent,6e66b652-d707-4f6a-86d3-61696dab1831,08/07/2025,1754585259.95,Prep 8.7.25,201,1214d8bd-f357-479c-a2a5-0635c616db2c,2,1754581790.88,Full Back,Rice WSOC,August,Thursday,2928.75,0.0,1.50725,2928.75,3.73489,251.93573,162.15407,135.53988,96.73404,109.75917,161.57633,13.36607,12.11577,70.10522,1.6669,49.69379
Sophie Zhang,713ce913-8f9b-41cb-b395-b08e3e69186f,08/07/2025,1754585259.95,Prep 8.7.25,201,1214d8bd-f357-479c-a2a5-0635c616db2c,9,1754581790.88,Forward,Rice WSOC,August,Thursday,2938.55,0.0,1.58714,2938.55,3.62098,326.94085,211.05768,161.52106,130.10854,138.44048,214.50995,17.25457,13.26805,69.15994,1.79595,52.15346
Megan Sweeney,76ec7312-9b6e-4355-a747-4de0c8e2d8b9,08/07/2025,1754586047.57,Prep 8.7.25,201,1214d8bd-f357-479c-a2a5-0635c616db2c,0,1754581790.88,Goalkeeper,Rice WSOC,August,Thursday,3716.58,0.0,2.19291,3716.58,5.71953,356.08939,226.12144,185.47441,131.43289,154.58553,234.84175,18.13276,14.44369,71.64308,2.45655,56.97412
Kenzie Solomon,80afc22c-7b44-4cca-83af-4b9370cf2987,08/07/2025,1754586047.57,Prep 8.7.25,201,1214d8bd-f357-479c-a2a5-0635c616db2c,1,1754581790.88,Goalkeeper,Rice WSOC,August,Thursday,3716.58,0.0,1.90342,3716.58,7.88346,369.40469,231.14423,263.96396,130.40028,162.099,247.1896,11.69654,12.17484,68.83089,2.12947,49.45273
Taylor Rish,81828efc-2855-4216-a0d1-6a7c9201d5a0,08/07/2025,1754585259.95,Prep 8.7.25,201,1214d8bd-f357-479c-a2a5-0635c616db2c,7,1754581790.88,Full Back,Rice WSOC,August,Thursday,2938.54,0.0,1.47902,2938.55,4.05388,261.04308,154.6533,120.46759,93.47691,102.67183,179.56334,14.98031,14.38613,83.85585,1.71147,49.39365
Leah Chancey,85ed14d3-34f0-42fc-8477-c03064e998f4,08/07/2025,1754585259.95,Prep 8.7.25,201,1214d8bd-f357-479c-a2a5-0635c616db2c,23,1754581790.88,Central Midfielder,Rice WSOC,August,Thursday,2938.53,0.0,1.54659,2938.55,4.0987,284.59562,190.39785,147.78062,114.86208,126.97298,178.89408,13.55959,12.71854,56.90442,1.70677,51.65224
Betty Velkova,8b0cb352-4da9-4349-b147-77a3736ea957,08/07/2025,1754585259.95,Prep 8.7.25,201,1214d8bd-f357-479c-a2a5-0635c616db2c,19,1754581790.88,Forward,Rice WSOC,August,Thursday,2928.75,0.0,1.70067,2928.75,4.54314,310.10313,184.09667,142.45158,112.3054,120.7931,215.43717,15.86782,13.79547,64.32684,1.89481,56.07097
Jadyn Jaeger,8e9bb6cd-180e-47be-afa1-39abe9300b25,08/07/2025,1754585259.95,Prep 8.7.25,201,1214d8bd-f357-479c-a2a5-0635c616db2c,11,1754581790.88,Full Back,Rice WSOC,August,Thursday,2925.28,0.0,1.91522,2925.28,3.9215,272.8315,173.12014,135.84102,111.24997,109.29128,182.07366,17.2828,13.95357,68.86679,2.12159,63.21939
Jules Johnston,931babc9-289c-47bf-970a-22d756ac9f5a,08/07/2025,1754585259.95,Prep 8.7.25,201,1214d8bd-f357-479c-a2a5-0635c616db2c,25,1754581790.88,Forward,Rice WSOC,August,Thursday,2942.02,0.0,1.55696,2942.02,5.16918,314.37371,216.22743,158.41129,132.52145,143.01785,190.20365,12.16541,13.13056,70.31831,1.73228,51.10122
Eileen Albers,943afa05-aaac-4426-ba0c-1ebef4e76cb7,08/07/2025,1754585259.95,Prep 8.7.25,201,1214d8bd-f357-479c-a2a5-0635c616db2c,12,1754581790.88,Forward,Rice WSOC,August,Thursday,2928.0,0.0,1.53173,2928.02,3.37774,264.63822,158.37061,135.94236,102.44116,98.82785,183.43249,11.6632,14.25799,80.90795,1.72178,51.70927
Allie Love,99ee597d-39b8-4fb7-9c63-0d052a15c0a8,08/07/2025,1754585259.95,Prep 8.7.25,201,1214d8bd-f357-479c-a2a5-0635c616db2c,17,1754581790.88,Forward,Rice WSOC,August,Thursday,2938.54,0.0,1.83806,2938.55,3.79782,326.28408,205.98076,156.00627,124.12918,136.90899,216.49317,18.76118,13.88684,63.14138,2.06471,60.49128
Kirsten Ruf,9a8fba27-951b-4253-aac1-ae31800ac075,08/07/2025,1754586047.57,Prep 8.7.25,201,1214d8bd-f357-479c-a2a5-0635c616db2c,22,1754581790.88,Goalkeeper,Rice WSOC,August,Thursday,3717.31,0.0,1.50927,3717.31,4.89632,283.98631,191.65042,209.39183,117.77322,126.27606,175.86818,9.87941,13.39945,98.07522,1.69065,39.20473
Laurel Kelley,a3fa5f45-c40a-44d8-ae81-6ac82f3fc9ef,08/07/2025,1754585259.95,Prep 8.7.25,201,1214d8bd-f357-479c-a2a5-0635c616db2c,21,1754581790.88,Forward,Rice WSOC,August,Thursday,2938.55,0.0,1.68213,2938.55,4.13629,295.8748,190.5321,146.24406,109.34585,132.23843,194.6323,14.58683,13.88926,72.63185,1.90446,55.27482
Lilly Reuscher,ad2c003d-9ca2-42b1-bc85-2440ab303b84,08/07/2025,1754585259.95,Prep 8.7.25,201,1214d8bd-f357-479c-a2a5-0635c616db2c,4,1754581790.88,Centre Back,Rice WSOC,August,Thursday,2928.02,0.0,1.0297,2928.02,4.02259,189.3689,128.53777,92.42562,76.68726,86.76311,116.67755,8.37309,11.58965,76.77438,1.11882,33.95753
Lauren Pickup,ae01c819-c49a-41ef-aa65-20df1a8a40a9,08/07/2025,1754585259.95,Prep 8.7.25,201,1214d8bd-f357-479c-a2a5-0635c616db2c,8,1754581790.88,Full Back,Rice WSOC,August,Thursday,2925.26,0.0,1.55775,2925.28,3.25137,296.01786,203.58454,163.14571,121.86211,136.95963,181.33855,14.36344,13.37666,68.39494,1.77604,52.92889
Mariana Elizondo,c3d64405-eb5d-4fc0-a8df-06af8ad627bf,08/07/2025,1754585259.95,Prep 8.7.25,201,1214d8bd-f357-479c-a2a5-0635c616db2c,10,1754581790.88,Central Midfielder,Rice WSOC,August,Thursday,2928.73,0.0,1.49315,2928.75,4.1324,304.43362,195.42645,155.15055,122.665,125.15007,200.45254,12.92193,12.29449,76.36937,1.70973,50.98911
Sam Walker,ce80f564-5fb7-4c34-8faf-d75015152871,08/07/2025,1754586047.57,Prep 8.7.25,201,1214d8bd-f357-479c-a2a5-0635c616db2c,30,1754581790.88,Goalkeeper,Rice WSOC,August,Thursday,3727.11,0.0,1.61194,3727.11,7.05461,304.5589,206.2765,215.78496,123.21619,137.79938,187.46452,10.19922,13.73314,73.14845,1.84302,41.76146
Dayo Tennyson,d0c5a2ec-d0d5-4ae1-bc9f-ae270bfc51e9,08/07/2025,1754585259.95,Prep 8.7.25,201,1214d8bd-f357-479c-a2a5-0635c616db2c,3,1754581790.88,Full Back,Rice WSOC,August,Thursday,2928.02,0.0,1.47945,2928.02,4.69885,327.04707,207.82083,178.71298,123.09636,138.92975,209.82834,13.23403,13.09202,79.52141,1.70309,48.78938
Chelsea Cross,d654a3c8-46fc-4466-b132-8b2ba7258344,08/07/2025,1754585259.95,Prep 8.7.25,201,1214d8bd-f357-479c-a2a5-0635c616db2c,24,1754581790.88,Central Midfielder,Rice WSOC,August,Thursday,2928.0,0.0,1.78623,2928.02,5.40545,359.85808,238.94448,174.56718,151.01689,152.15249,227.38871,17.55257,12.28115,66.00835,2.05516,60.56551
Piper Biziorek,fb332127-6268-4995-a140-9076566dc702,08/07/2025,1754585259.95,Prep 8.7.25,201,1214d8bd-f357-479c-a2a5-0635c616db2c,15,1754581790.88,Central Midfielder,Rice WSOC,August,Thursday,2928.73,0.0,1.72201,2928.75,4.89093,374.35291,261.97282,179.22342,157.51473,176.62394,219.75416,19.16394,12.93068,81.60334,1.98201,58.30352
Jordyn Mariam,f7e75558-805b-459d-b944-ec8d5a5beeac,08/07/2025,1754585259.95,Prep 8.7.25,201,1214d8bd-f357-479c-a2a5-0635c616db2c,5,1754581790.88,Wide Midfielder,Rice WSOC,August,Thursday,2925.26,0.0,1.58628,2925.28,4.42467,305.77692,202.21443,163.93292,121.16541,134.98171,192.61805,14.27558,12.63454,81.23661,1.78569,53.91894
Kenna Sanders,457dc155-bdf2-48cc-8a59-2f0b4ec42ae2,08/07/2025,1754585259.95,Prep 8.7.25,201,1214d8bd-f357-479c-a2a5-0635c616db2c,18,1754581790.88,Forward,Rice WSOC,August,Thursday,2928.0,0.0,1.4309,2928.02,3.95283,335.05853,209.34039,175.48218,116.11046,147.19392,221.1886,12.94586,11.61123,57.65118,1.60633,48.97488
Mia Brumlow,e9141800-8f9c-4a98-8265-2ae17f48913e,08/07/2025,1754585259.95,Prep 8.7.25,201,1214d8bd-f357-479c-a2a5-0635c616db2c,13,1754581790.88,Wide Midfielder,Rice WSOC,August,Thursday,2938.55,0.0,1.54511,2938.55,3.85184,300.24349,192.73211,150.4065,119.19907,127.08654,196.83635,13.64693,12.23985,64.16034,1.73263,50.77223
Carsyn Martz,5ec6f0de-aa33-44a6-9b7e-676076c27478,08/05/2025,1754447806.0,@ TAMU 8.5.25,201,fbb9c585-ace3-4817-9f51-97e08ee516ba,20,1754440535.0,Wide Midfielder,Rice WSOC,August,Tuesday,5650.0,0.0,4.39848,5650.0,5.39044,765.10623,457.91318,262.90796,264.65728,315.84249,528.01703,57.04932,15.47368,68.33509,4.87879,75.17177
Laurel Kelley,a3fa5f45-c40a-44d8-ae81-6ac82f3fc9ef,08/05/2025,1754447806.0,@ TAMU 8.5.25,201,fbb9c585-ace3-4817-9f51-97e08ee516ba,21,1754440535.0,Forward,Rice WSOC,August,Tuesday,5650.0,0.0,2.88478,5650.0,6.55655,485.58466,308.02051,189.45914,174.59,216.77769,325.13466,42.30116,15.1658,88.15721,3.19146,49.30198
Kirsten Ruf,9a8fba27-951b-4253-aac1-ae31800ac075,08/05/2025,1754442326.0,@ TAMU 8.5.25,201,fbb9c585-ace3-4817-9f51-97e08ee516ba,22,1754440535.0,Goalkeeper,Rice WSOC,August,Tuesday,1791.0,0.0,0.78726,1791.0,7.31321,106.9362,70.13884,78.69705,40.61406,48.54053,68.88205,4.45415,13.4796,69.95063,0.85564,42.44472
Isabelle Kent,6e66b652-d707-4f6a-86d3-61696dab1831,08/05/2025,1754447806.0,@ TAMU 8.5.25,201,fbb9c585-ace3-4817-9f51-97e08ee516ba,2,1754443324.0,Full Back,Rice WSOC,August,Tuesday,3859.0,0.0,1.45421,3859.0,3.80796,231.00702,145.02538,99.08261,89.17535,95.58525,152.3009,16.16408,14.08551,65.67905,1.61842,36.38757
Sophie Zhang,713ce913-8f9b-41cb-b395-b08e3e69186f,08/05/2025,1754447806.0,@ TAMU 8.5.25,201,fbb9c585-ace3-4817-9f51-97e08ee516ba,9,1754443324.0,Forward,Rice WSOC,August,Tuesday,3859.0,0.0,0.92304,3859.0,3.71569,174.38321,107.04129,83.23175,60.5655,74.75287,119.45639,8.64587,13.93799,65.35133,1.01786,23.09639
Kenzie Solomon,80afc22c-7b44-4cca-83af-4b9370cf2987,08/05/2025,1754445197.0,@ TAMU 8.5.25,201,fbb9c585-ace3-4817-9f51-97e08ee516ba,1,1754443324.0,Goalkeeper,Rice WSOC,August,Tuesday,1873.0,0.0,1.13238,1873.0,7.48434,150.72733,94.37067,116.71158,55.92656,64.18269,101.02054,7.38903,10.54156,63.88653,1.21699,58.37853
Taylor Rish,81828efc-2855-4216-a0d1-6a7c9201d5a0,08/05/2025,1754447806.0,@ TAMU 8.5.25,201,fbb9c585-ace3-4817-9f51-97e08ee516ba,7,1754440535.0,Full Back,Rice WSOC,August,Tuesday,5650.0,0.0,3.32557,5650.0,7.20194,551.24899,323.4491,190.50873,198.13846,214.08346,392.38258,49.51759,16.40019,78.94959,3.75459,56.83527
Leah Chancey,85ed14d3-34f0-42fc-8477-c03064e998f4,08/05/2025,1754447806.0,@ TAMU 8.5.25,201,fbb9c585-ace3-4817-9f51-97e08ee516ba,23,1754440535.0,Central Midfielder,Rice WSOC,August,Tuesday,5650.0,0.0,4.75596,5650.0,8.31537,760.15828,447.33043,241.44695,259.92209,305.68649,531.7153,70.05257,14.49729,69.84316,5.21719,81.28108
Betty Velkova,8b0cb352-4da9-4349-b147-77a3736ea957,08/05/2025,1754447806.0,@ TAMU 8.5.25,201,fbb9c585-ace3-4817-9f51-97e08ee516ba,19,1754440535.0,Forward,Rice WSOC,August,Tuesday,5650.0,0.0,2.24502,5650.0,6.05769,457.95932,275.38164,149.83249,173.05157,175.88329,321.88142,29.64632,14.29557,68.38333,2.523,38.36821
Jadyn Jaeger,8e9bb6cd-180e-47be-afa1-39abe9300b25,08/05/2025,1754447806.0,@ TAMU 8.5.25,201,fbb9c585-ace3-4817-9f51-97e08ee516ba,11,1754440535.0,Full Back,Rice WSOC,August,Tuesday,5650.0,0.0,5.30245,5650.0,5.23185,729.84332,458.49879,252.94403,308.10841,274.36089,493.92572,74.23618,16.21217,91.45645,5.91521,90.62082
Jules Johnston,931babc9-289c-47bf-970a-22d756ac9f5a,08/05/2025,1754447806.0,@ TAMU 8.5.25,201,fbb9c585-ace3-4817-9f51-97e08ee516ba,25,1754440535.0,Forward,Rice WSOC,August,Tuesday,5650.0,0.0,1.98336,5650.0,5.03124,369.35797,232.11678,135.76509,133.68508,160.69591,247.58395,28.09225,16.04967,68.39326,2.1948,33.89632
Eileen Albers,943afa05-aaac-4426-ba0c-1ebef4e76cb7,08/05/2025,1754447806.0,@ TAMU 8.5.25,201,fbb9c585-ace3-4817-9f51-97e08ee516ba,12,1754440535.0,Forward,Rice WSOC,August,Tuesday,5650.0,0.0,3.49197,5650.0,5.38433,552.71243,306.61865,172.90555,186.2392,203.3622,408.86148,50.50189,15.85718,86.72256,3.9462,59.67912
Allie Love,99ee597d-39b8-4fb7-9c63-0d052a15c0a8,08/05/2025,1754447806.0,@ TAMU 8.5.25,201,fbb9c585-ace3-4817-9f51-97e08ee516ba,17,1754440535.0,Forward,Rice WSOC,August,Tuesday,5650.0,0.0,4.55672,5650.0,6.53155,766.25888,481.2395,215.62775,285.44331,326.14738,516.92117,67.59999,14.72942,72.17593,5.16359,77.87605
Jessica Molina,49ee30cf-715d-49d2-bfd4-f208c806a5db,08/05/2025,1754447806.0,@ TAMU 8.5.25,201,fbb9c585-ace3-4817-9f51-97e08ee516ba,16,1754440535.0,Forward,Rice WSOC,August,Tuesday,5650.0,0.0,2.76716,5650.0,3.99353,435.96677,271.20148,179.5779,164.72853,181.36952,299.45467,29.83143,14.95736,72.36484,3.09096,47.29181
Kenna Sanders,457dc155-bdf2-48cc-8a59-2f0b4ec42ae2,08/05/2025,1754447806.0,@ TAMU 8.5.25,201,fbb9c585-ace3-4817-9f51-97e08ee516ba,18,1754445820.0,Forward,Rice WSOC,August,Tuesday,1986.0,0.0,0.60008,1986.0,3.51981,125.92642,72.52895,51.98367,40.89149,50.98248,90.23267,6.3486,12.91014,50.95371,0.68507,29.1761
Lauren Pickup,ae01c819-c49a-41ef-aa65-20df1a8a40a9,08/05/2025,1754447806.0,@ TAMU 8.5.25,201,fbb9c585-ace3-4817-9f51-97e08ee516ba,8,1754440535.0,Full Back,Rice WSOC,August,Tuesday,3777.0,0.0,2.56036,3777.0,4.30898,437.50143,274.15105,145.93385,152.19157,195.99487,292.48328,38.01119,15.63921,84.03116,2.96558,65.45673
Mariana Elizondo,c3d64405-eb5d-4fc0-a8df-06af8ad627bf,08/05/2025,1754447806.0,@ TAMU 8.5.25,201,fbb9c585-ace3-4817-9f51-97e08ee516ba,10,1754440535.0,Central Midfielder,Rice WSOC,August,Tuesday,5650.0,0.0,3.92087,5650.0,5.3437,693.85184,411.62215,233.76666,257.86147,266.03721,488.88962,52.07178,15.34732,65.04209,4.35705,67.00919
Sam Walker,ce80f564-5fb7-4c34-8faf-d75015152871,08/05/2025,1754447806.0,@ TAMU 8.5.25,201,fbb9c585-ace3-4817-9f51-97e08ee516ba,30,1754445820.0,Goalkeeper,Rice WSOC,August,Tuesday,1986.0,0.0,1.3219,1986.0,5.80725,218.17096,148.15512,145.21127,90.56009,97.79796,134.56219,10.09914,11.09478,70.32806,1.48805,64.27142
Dayo Tennyson,d0c5a2ec-d0d5-4ae1-bc9f-ae270bfc51e9,08/05/2025,1754447806.0,@ TAMU 8.5.25,201,fbb9c585-ace3-4817-9f51-97e08ee516ba,3,1754440535.0,Full Back,Rice WSOC,August,Tuesday,5650.0,0.0,3.94908,5650.0,6.45903,828.53516,527.95575,337.7616,331.33854,337.2566,532.54852,51.746,17.51208,104.30521,4.5706,67.49129
Chelsea Cross,d654a3c8-46fc-4466-b132-8b2ba7258344,08/05/2025,1754447806.0,@ TAMU 8.5.25,201,fbb9c585-ace3-4817-9f51-97e08ee516ba,24,1754440535.0,Central Midfielder,Rice WSOC,August,Tuesday,5650.0,0.0,4.26932,5650.0,5.37674,778.48456,459.18834,252.34579,270.6916,311.70529,548.97366,60.244,15.13358,72.27917,4.77062,72.96435
Olivia Duvall,d91f4f1a-979c-4c34-bb2f-a8b1f5176b9e,08/05/2025,1754447806.0,@ TAMU 8.5.25,201,fbb9c585-ace3-4817-9f51-97e08ee516ba,14,1754440535.0,Forward,Rice WSOC,August,Tuesday,5650.0,0.0,3.82273,5650.0,4.32624,560.9729,344.2142,191.2704,204.50398,233.36178,382.11113,53.48237,16.53335,83.41829,4.33759,65.33183
Mia Brumlow,e9141800-8f9c-4a98-8265-2ae17f48913e,08/05/2025,1754447806.0,@ TAMU 8.5.25,201,fbb9c585-ace3-4817-9f51-97e08ee516ba,13,1754440535.0,Wide Midfielder,Rice WSOC,August,Tuesday,5650.0,0.0,3.84919,5650.0,4.66564,643.86462,386.20872,242.86169,238.14046,251.53149,453.61746,46.25775,15.86851,86.25744,4.37377,65.78412
Jordyn Mariam,f7e75558-805b-459d-b944-ec8d5a5beeac,08/05/2025,1754447806.0,@ TAMU 8.5.25,201,fbb9c585-ace3-4817-9f51-97e08ee516ba,5,1754440535.0,Wide Midfielder,Rice WSOC,August,Tuesday,5650.0,0.0,1.94818,5650.0,4.87278,369.81348,242.2057,140.22652,145.56646,161.35421,234.1326,28.10224,15.39311,62.49332,2.19958,33.29514
Piper Biziorek,fb332127-6268-4995-a140-9076566dc702,08/05/2025,1754447806.0,@ TAMU 8.5.25,201,fbb9c585-ace3-4817-9f51-97e08ee516ba,15,1754440535.0,Central Midfielder,Rice WSOC,August,Tuesday,5650.0,0.0,5.27076,5650.0,4.59932,924.96362,593.50635,239.5255,319.12932,432.18381,616.45105,91.2737,15.54293,78.98785,6.10381,90.07935
Jessica Molina,49ee30cf-715d-49d2-bfd4-f208c806a5db,08/04/2025,1754322044.0,Prep 8.4.25,201,794f1d4f-74f3-46c0-8e79-990aff041ef7,16,1754320668.58,Forward,Rice WSOC,August,Monday,1307.7,0.0,0.6306,1307.7,3.0288,106.92294,66.48515,67.16382,42.71457,41.40054,72.65637,4.71877,13.12685,73.59866,0.6997,46.56362
Kenna Sanders,457dc155-bdf2-48cc-8a59-2f0b4ec42ae2,08/04/2025,1754322044.0,Prep 8.4.25,201,794f1d4f-74f3-46c0-8e79-990aff041ef7,18,1754320668.58,Forward,Rice WSOC,August,Monday,1307.7,0.0,0.62171,1307.7,3.01862,119.09248,77.95184,70.47783,44.89934,53.95955,76.54073,4.46689,11.7109,55.52067,0.69668,45.90677
Piper Biziorek,fb332127-6268-4995-a140-9076566dc702,08/04/2025,1754322044.0,Prep 8.4.25,201,794f1d4f-74f3-46c0-8e79-990aff041ef7,15,1754320668.58,Central Midfielder,Rice WSOC,August,Monday,1307.7,0.0,0.74869,1307.7,3.25925,143.34999,94.8174,87.87241,58.0832,62.66873,90.78096,7.13551,13.2536,67.46836,0.84475,55.28314
Eileen Albers,943afa05-aaac-4426-ba0c-1ebef4e76cb7,08/04/2025,1754322044.0,Prep 8.4.25,201,794f1d4f-74f3-46c0-8e79-990aff041ef7,12,1754320668.58,Forward,Rice WSOC,August,Monday,1307.7,0.0,0.61734,1307.7,3.48543,106.63224,63.90784,63.17336,39.7705,41.45381,74.37806,5.08485,12.77942,80.05087,0.71697,45.58426
Jordyn Mariam,f7e75558-805b-459d-b944-ec8d5a5beeac,08/04/2025,1754322044.0,Prep 8.4.25,201,794f1d4f-74f3-46c0-8e79-990aff041ef7,5,1754320668.58,Wide Midfielder,Rice WSOC,August,Monday,1307.7,0.0,0.62885,1307.7,3.59234,112.41365,70.54095,68.00456,42.73816,47.25755,74.20963,4.48196,12.45912,71.51453,0.71189,46.43455
Isabelle Kent,6e66b652-d707-4f6a-86d3-61696dab1831,08/04/2025,1754322044.0,Prep 8.4.25,201,794f1d4f-74f3-46c0-8e79-990aff041ef7,2,1754320668.58,Full Back,Rice WSOC,August,Monday,1307.7,0.0,0.62325,1307.7,2.83178,104.42861,66.42363,66.43042,39.97169,44.38338,67.67388,4.08136,12.53247,64.13751,0.70531,46.0206
Sophie Zhang,713ce913-8f9b-41cb-b395-b08e3e69186f,08/04/2025,1754322044.0,Prep 8.4.25,201,794f1d4f-74f3-46c0-8e79-990aff041ef7,9,1754320668.58,Forward,Rice WSOC,August,Monday,1307.7,0.0,0.57653,1307.7,3.11478,104.98224,66.22131,64.48759,38.43973,45.4836,70.01501,3.9357,12.36897,66.57338,0.65119,42.57069
Megan Sweeney,76ec7312-9b6e-4355-a747-4de0c8e2d8b9,08/04/2025,1754322044.0,Prep 8.4.25,201,794f1d4f-74f3-46c0-8e79-990aff041ef7,0,1754320668.58,Goalkeeper,Rice WSOC,August,Monday,1307.7,0.0,0.65769,1307.7,3.3753,120.65614,78.0573,76.16955,52.01225,47.78524,78.77388,4.71813,13.31373,65.53104,0.73887,48.56353
Kenzie Solomon,80afc22c-7b44-4cca-83af-4b9370cf2987,08/04/2025,1754322049.75,Prep 8.4.25,201,794f1d4f-74f3-46c0-8e79-990aff041ef7,1,1754320668.58,Goalkeeper,Rice WSOC,August,Monday,1324.23,0.0,0.77573,1324.23,3.1273,143.2813,86.70378,91.58982,49.14713,60.471,99.35451,6.73841,12.97858,65.30366,0.8574,56.56524
Taylor Rish,81828efc-2855-4216-a0d1-6a7c9201d5a0,08/04/2025,1754322044.0,Prep 8.4.25,201,794f1d4f-74f3-46c0-8e79-990aff041ef7,7,1754320668.58,Full Back,Rice WSOC,August,Monday,1307.7,0.0,0.66019,1307.7,4.51823,109.43735,69.45912,62.09092,42.12036,46.26267,73.55157,4.96989,12.49812,75.99115,0.74586,48.74862
Leah Chancey,85ed14d3-34f0-42fc-8477-c03064e998f4,08/04/2025,1754322044.0,Prep 8.4.25,201,794f1d4f-74f3-46c0-8e79-990aff041ef7,23,1754320668.58,Central Midfielder,Rice WSOC,August,Monday,1307.7,0.0,0.58833,1307.7,3.51436,96.61651,59.92551,62.50614,35.86915,39.95921,65.18179,3.53887,12.9822,67.2316,0.65931,43.44258
Betty Velkova,8b0cb352-4da9-4349-b147-77a3736ea957,08/04/2025,1754322044.0,Prep 8.4.25,201,794f1d4f-74f3-46c0-8e79-990aff041ef7,19,1754320668.58,Forward,Rice WSOC,August,Monday,1307.7,0.0,0.65446,1307.7,4.35569,129.18053,80.63039,78.77494,50.55835,51.3143,87.51657,4.36788,12.56266,70.11006,0.73592,48.32544
Jadyn Jaeger,8e9bb6cd-180e-47be-afa1-39abe9300b25,08/04/2025,1754322044.0,Prep 8.4.25,201,794f1d4f-74f3-46c0-8e79-990aff041ef7,11,1754320668.58,Full Back,Rice WSOC,August,Monday,1307.7,0.0,0.6581,1307.7,2.93107,97.60956,58.67136,61.16743,37.00602,37.73149,68.5871,5.20344,13.05082,79.17759,0.74362,48.59381
Jules Johnston,931babc9-289c-47bf-970a-22d756ac9f5a,08/04/2025,1754322044.0,Prep 8.4.25,201,794f1d4f-74f3-46c0-8e79-990aff041ef7,25,1754320668.58,Forward,Rice WSOC,August,Monday,1307.7,0.0,0.65744,1307.7,3.34594,143.07741,98.81862,93.09309,61.69562,63.74563,85.68209,4.0989,13.46206,68.06759,0.74148,48.54568
Allie Love,99ee597d-39b8-4fb7-9c63-0d052a15c0a8,08/04/2025,1754322044.0,Prep 8.4.25,201,794f1d4f-74f3-46c0-8e79-990aff041ef7,17,1754320668.58,Forward,Rice WSOC,August,Monday,1307.7,0.0,0.80415,1307.7,3.13537,153.66046,97.39203,85.53203,56.83705,66.40347,101.37111,5.7465,14.33617,63.57497,0.90969,59.37816
Naija Bruckner,59840313-0841-4a21-a5b5-b8b24cad01b8,08/04/2025,1754322044.0,Prep 8.4.25,201,794f1d4f-74f3-46c0-8e79-990aff041ef7,28,1754320668.58,Central Midfielder,Rice WSOC,August,Monday,1307.7,0.0,0.73748,1307.7,3.88674,151.69956,91.97495,82.16165,54.91434,61.74373,105.83021,5.71732,14.52373,82.46043,0.87344,54.45547
Kirsten Ruf,9a8fba27-951b-4253-aac1-ae31800ac075,08/04/2025,1754322049.75,Prep 8.4.25,201,794f1d4f-74f3-46c0-8e79-990aff041ef7,22,1754320668.58,Goalkeeper,Rice WSOC,August,Monday,1324.23,0.0,0.75608,1324.23,3.11263,144.86884,97.32959,95.73184,60.75644,63.35905,90.09725,5.73933,15.25695,71.86371,0.85468,55.13215
Laurel Kelley,a3fa5f45-c40a-44d8-ae81-6ac82f3fc9ef,08/04/2025,1754322044.0,Prep 8.4.25,201,794f1d4f-74f3-46c0-8e79-990aff041ef7,21,1754320668.58,Forward,Rice WSOC,August,Monday,1307.7,0.0,0.65664,1307.7,3.7841,124.21741,80.34495,80.1703,47.24177,54.77439,81.64336,4.44089,14.53038,81.07903,0.7576,48.48658
Lauren Pickup,ae01c819-c49a-41ef-aa65-20df1a8a40a9,08/04/2025,1754322044.0,Prep 8.4.25,201,794f1d4f-74f3-46c0-8e79-990aff041ef7,8,1754320668.58,Full Back,Rice WSOC,August,Monday,1307.7,0.0,0.65513,1307.7,2.63184,114.95443,79.07548,76.00367,47.6682,52.49401,70.23303,4.02176,13.37981,68.36309,0.75058,48.37459
Mariana Elizondo,c3d64405-eb5d-4fc0-a8df-06af8ad627bf,08/04/2025,1754322044.0,Prep 8.4.25,201,794f1d4f-74f3-46c0-8e79-990aff041ef7,10,1754320668.58,Central Midfielder,Rice WSOC,August,Monday,1307.7,0.0,0.66209,1307.7,3.14537,123.8988,75.35982,76.06593,48.15444,47.82003,85.55204,4.91052,12.67841,70.70451,0.73235,48.88869
Sam Walker,ce80f564-5fb7-4c34-8faf-d75015152871,08/04/2025,1754322049.75,Prep 8.4.25,201,794f1d4f-74f3-46c0-8e79-990aff041ef7,30,1754320668.58,Goalkeeper,Rice WSOC,August,Monday,1324.23,0.0,0.80962,1324.23,4.83488,155.34689,101.82395,86.98903,59.70882,68.73277,99.53797,6.06774,15.75168,75.3724,0.92835,59.03641
Dayo Tennyson,d0c5a2ec-d0d5-4ae1-bc9f-ae270bfc51e9,08/04/2025,1754322044.0,Prep 8.4.25,201,794f1d4f-74f3-46c0-8e79-990aff041ef7,3,1754320668.58,Full Back,Rice WSOC,August,Monday,1307.7,0.0,0.70629,1307.7,4.31363,159.28539,102.48326,103.75157,62.8352,66.39317,100.24102,5.07481,13.75021,91.10678,0.82909,52.15275
Chelsea Cross,d654a3c8-46fc-4466-b132-8b2ba7258344,08/04/2025,1754322044.0,Prep 8.4.25,201,794f1d4f-74f3-46c0-8e79-990aff041ef7,24,1754320668.58,Central Midfielder,Rice WSOC,August,Monday,1307.7,0.0,0.65604,1307.7,3.16991,126.77578,80.19437,75.58009,51.12644,50.53677,85.08734,5.02804,12.42903,58.47318,0.75286,48.44235
Olivia Duvall,d91f4f1a-979c-4c34-bb2f-a8b1f5176b9e,08/04/2025,1754322044.0,Prep 8.4.25,201,794f1d4f-74f3-46c0-8e79-990aff041ef7,14,1754320668.58,Forward,Rice WSOC,August,Monday,1307.7,0.0,0.57701,1307.7,3.04167,92.08313,57.6351,57.40608,34.49236,38.79037,61.79494,4.66436,10.51823,63.07098,0.63057,42.60633
Mia Brumlow,e9141800-8f9c-4a98-8265-2ae17f48913e,08/04/2025,1754322044.0,Prep 8.4.25,201,794f1d4f-74f3-46c0-8e79-990aff041ef7,13,1754320668.58,Wide Midfielder,Rice WSOC,August,Monday,1307.7,0.0,0.64485,1307.7,3.79824,118.78931,76.40069,71.84822,46.16344,51.13376,78.39937,4.10836,12.79495,74.32739,0.73104,47.61579
Carsyn Martz,5ec6f0de-aa33-44a6-9b7e-676076c27478,08/04/2025,1754322044.0,Prep 8.4.25,201,794f1d4f-74f3-46c0-8e79-990aff041ef7,20,1754320668.58,Wide Midfielder,Rice WSOC,August,Monday,1307.7,0.0,0.69858,1307.7,3.93987,117.01646,74.17068,74.4447,45.34999,48.68384,77.45757,4.48299,12.3304,68.60329,0.78212,51.58349
Jordyn Mariam,f7e75558-805b-459d-b944-ec8d5a5beeac,08/03/2025,1754239209.0,Organizational 8.3.25,201,8cfb06a8-1615-4b42-952c-28d95302bf6f,5,1754234263.11,Wide Midfielder,Rice WSOC,August,Sunday,4406.56,0.0,2.87311,4406.56,4.50003,507.6004,317.97293,240.33572,168.52308,232.62026,334.37751,31.02946,16.27314,79.7068,3.22361,62.95835
Piper Biziorek,fb332127-6268-4995-a140-9076566dc702,08/03/2025,1754239209.0,Organizational 8.3.25,201,8cfb06a8-1615-4b42-952c-28d95302bf6f,15,1754234263.11,Central Midfielder,Rice WSOC,August,Sunday,4406.56,0.0,4.05901,4406.56,5.60133,722.4572,467.56355,240.38137,253.82913,337.42802,476.49753,57.05516,15.46266,72.73438,4.69435,88.94474
Sam Walker,ce80f564-5fb7-4c34-8faf-d75015152871,08/03/2025,1754239209.0,Organizational 8.3.25,201,8cfb06a8-1615-4b42-952c-28d95302bf6f,30,1754234263.11,Goalkeeper,Rice WSOC,August,Sunday,4403.48,0.0,1.76849,4403.48,5.81539,321.59037,211.60023,219.51734,123.1746,144.20566,205.17656,11.41582,15.3524,73.73808,2.00913,38.7798
Mia Brumlow,e9141800-8f9c-4a98-8265-2ae17f48913e,08/03/2025,1754239209.0,Organizational 8.3.25,201,8cfb06a8-1615-4b42-952c-28d95302bf6f,13,1754234263.11,Wide Midfielder,Rice WSOC,August,Sunday,4406.56,0.0,2.68692,4406.56,3.81285,457.56512,277.3304,203.92267,165.38728,188.92471,318.25719,31.1423,16.3231,88.95376,3.09129,58.87838
Betty Velkova,8b0cb352-4da9-4349-b147-77a3736ea957,08/03/2025,1754239209.0,Organizational 8.3.25,201,8cfb06a8-1615-4b42-952c-28d95302bf6f,19,1754234263.11,Forward,Rice WSOC,August,Sunday,4406.56,0.0,3.58011,4406.56,5.54874,718.91689,434.38552,248.621,262.76877,286.98758,496.16748,43.31264,15.72851,70.25388,3.99976,78.45066
Kenna Sanders,457dc155-bdf2-48cc-8a59-2f0b4ec42ae2,08/03/2025,1754239209.0,Organizational 8.3.25,201,8cfb06a8-1615-4b42-952c-28d95302bf6f,18,1754234263.11,Forward,Rice WSOC,August,Sunday,4406.56,0.0,2.25969,4406.56,3.79515,412.81536,261.55838,210.61211,148.9073,182.30516,272.72386,20.24444,14.48729,67.68909,2.50384,49.51637
Jessica Molina,49ee30cf-715d-49d2-bfd4-f208c806a5db,08/03/2025,1754239209.0,Organizational 8.3.25,201,8cfb06a8-1615-4b42-952c-28d95302bf6f,16,1754234263.11,Forward,Rice WSOC,August,Sunday,4406.56,0.0,2.6507,4406.56,4.5187,450.82909,294.38658,208.20316,193.3534,179.90541,294.61877,24.31034,13.61187,71.20845,2.92705,58.08467
Naija Bruckner,59840313-0841-4a21-a5b5-b8b24cad01b8,08/03/2025,1754239209.0,Organizational 8.3.25,201,8cfb06a8-1615-4b42-952c-28d95302bf6f,28,1754234263.11,Central Midfielder,Rice WSOC,August,Sunday,4406.56,0.0,3.13242,4406.56,4.64954,612.33955,361.87823,250.41809,213.67692,246.1471,431.86637,39.57027,16.9746,87.32444,3.57833,68.6406
Carsyn Martz,5ec6f0de-aa33-44a6-9b7e-676076c27478,08/03/2025,1754239209.0,Organizational 8.3.25,201,8cfb06a8-1615-4b42-952c-28d95302bf6f,20,1754234263.11,Wide Midfielder,Rice WSOC,August,Sunday,4406.56,0.0,3.21468,4406.56,4.18543,525.47116,315.96364,250.19951,193.58953,207.51198,363.81909,38.16499,14.65514,70.0861,3.60898,70.44316
Camille Quarterman,e710b8f7-8542-490c-80f0-c110cb9ed839,08/03/2025,1754237822.0,Organizational 8.3.25,201,8cfb06a8-1615-4b42-952c-28d95302bf6f,33,1754234263.11,Wide Midfielder,Rice WSOC,August,Sunday,3108.56,0.0,1.84568,3108.56,4.07751,308.71664,197.78354,155.34183,117.48532,135.47506,202.70567,14.96371,16.01249,86.4677,2.08459,57.33208
Sophie Zhang,713ce913-8f9b-41cb-b395-b08e3e69186f,08/03/2025,1754239209.0,Organizational 8.3.25,201,8cfb06a8-1615-4b42-952c-28d95302bf6f,9,1754234263.11,Forward,Rice WSOC,August,Sunday,4406.56,0.0,2.32607,4406.56,4.29753,456.26403,285.89593,196.80289,170.6755,190.99685,308.37072,24.20158,15.19062,74.57317,2.66988,50.97095
Megan Sweeney,76ec7312-9b6e-4355-a747-4de0c8e2d8b9,08/03/2025,1754239209.0,Organizational 8.3.25,201,8cfb06a8-1615-4b42-952c-28d95302bf6f,0,1754234263.11,Goalkeeper,Rice WSOC,August,Sunday,4403.48,0.0,1.72195,4403.48,4.72655,311.62704,198.35881,179.60566,116.92251,136.07107,204.02076,15.91086,15.43817,71.00856,1.9255,37.75934
Kenzie Solomon,80afc22c-7b44-4cca-83af-4b9370cf2987,08/03/2025,1754239209.0,Organizational 8.3.25,201,8cfb06a8-1615-4b42-952c-28d95302bf6f,1,1754234263.11,Goalkeeper,Rice WSOC,August,Sunday,4403.48,0.0,1.95623,4403.48,4.71712,338.01436,223.05599,260.39743,130.51094,153.2223,216.25781,11.12466,13.72295,65.15958,2.13212,42.89679
Taylor Rish,81828efc-2855-4216-a0d1-6a7c9201d5a0,08/03/2025,1754239209.0,Organizational 8.3.25,201,8cfb06a8-1615-4b42-952c-28d95302bf6f,7,1754234263.11,Full Back,Rice WSOC,August,Sunday,4406.56,0.0,2.96912,4406.56,3.91778,394.98315,221.58423,171.29677,136.67528,144.87861,290.89927,34.2976,16.8315,84.11909,3.36556,65.06207
Leah Chancey,85ed14d3-34f0-42fc-8477-c03064e998f4,08/03/2025,1754239209.0,Organizational 8.3.25,201,8cfb06a8-1615-4b42-952c-28d95302bf6f,23,1754234263.11,Central Midfielder,Rice WSOC,August,Sunday,4406.56,0.0,3.06661,4406.56,5.3878,596.31713,371.72581,274.97642,222.73713,250.0539,408.32023,34.62235,15.07232,67.4738,3.40959,67.19851
Isabelle Kent,6e66b652-d707-4f6a-86d3-61696dab1831,08/03/2025,1754239209.0,Organizational 8.3.25,201,8cfb06a8-1615-4b42-952c-28d95302bf6f,2,1754234263.11,Full Back,Rice WSOC,August,Sunday,4406.56,0.0,2.57355,4406.56,3.87927,390.60315,234.06274,204.433,130.49375,167.12279,267.92287,27.20994,14.50158,76.99738,2.84686,56.39412
Jadyn Jaeger,8e9bb6cd-180e-47be-afa1-39abe9300b25,08/03/2025,1754239209.0,Organizational 8.3.25,201,8cfb06a8-1615-4b42-952c-28d95302bf6f,11,1754234263.11,Full Back,Rice WSOC,August,Sunday,4406.56,0.0,3.42788,4406.56,4.30633,492.60839,307.61764,222.56807,200.06741,191.93504,333.54344,35.22813,15.94647,85.51237,3.87379,75.11495
Lauren Pickup,ae01c819-c49a-41ef-aa65-20df1a8a40a9,08/03/2025,1754239209.0,Organizational 8.3.25,201,8cfb06a8-1615-4b42-952c-28d95302bf6f,8,1754234263.11,Full Back,Rice WSOC,August,Sunday,4406.56,0.0,3.06301,4406.56,4.09857,501.67547,321.23621,234.35841,189.35625,216.90893,331.22312,32.37708,15.36984,75.52665,3.48033,67.1196
Jules Johnston,931babc9-289c-47bf-970a-22d756ac9f5a,08/03/2025,1754239209.0,Organizational 8.3.25,201,8cfb06a8-1615-4b42-952c-28d95302bf6f,25,1754234263.11,Forward,Rice WSOC,August,Sunday,4406.56,0.0,2.99692,4406.56,4.72742,535.37485,343.83712,212.24278,210.15538,225.89903,355.30008,32.2734,15.59588,73.0192,3.32258,65.67124
Olivia Duvall,d91f4f1a-979c-4c34-bb2f-a8b1f5176b9e,08/03/2025,1754239209.0,Organizational 8.3.25,201,8cfb06a8-1615-4b42-952c-28d95302bf6f,14,1754234263.11,Forward,Rice WSOC,August,Sunday,4406.56,0.0,2.77412,4406.56,4.82714,395.18355,255.69989,183.35566,156.76243,168.11904,259.92402,31.60007,16.57844,92.42214,3.17282,60.789
Dayo Tennyson,d0c5a2ec-d0d5-4ae1-bc9f-ae270bfc51e9,08/03/2025,1754239209.0,Organizational 8.3.25,201,8cfb06a8-1615-4b42-952c-28d95302bf6f,3,1754234263.11,Full Back,Rice WSOC,August,Sunday,4406.56,0.0,2.82907,4406.56,4.66384,578.02926,347.57795,285.71985,199.09305,238.87485,388.79147,29.29972,17.98851,87.07618,3.22868,61.9933
Mariana Elizondo,c3d64405-eb5d-4fc0-a8df-06af8ad627bf,08/03/2025,1754239209.0,Organizational 8.3.25,201,8cfb06a8-1615-4b42-952c-28d95302bf6f,10,1754234263.11,Central Midfielder,Rice WSOC,August,Sunday,4406.56,0.0,2.4688,4406.56,4.71605,464.85817,277.5774,204.31978,173.62521,180.54855,326.61433,24.78144,15.15202,72.09864,2.75458,54.09875
Chelsea Cross,d654a3c8-46fc-4466-b132-8b2ba7258344,08/03/2025,1754239209.0,Organizational 8.3.25,201,8cfb06a8-1615-4b42-952c-28d95302bf6f,24,1754234263.11,Central Midfielder,Rice WSOC,August,Sunday,4406.56,0.0,3.05331,4406.56,3.74341,529.32769,311.23388,201.72262,178.89714,215.8838,371.29471,35.74143,13.47201,59.55514,3.40402,66.90707
Laurel Kelley,a3fa5f45-c40a-44d8-ae81-6ac82f3fc9ef,08/03/2025,1754239209.0,Organizational 8.3.25,201,8cfb06a8-1615-4b42-952c-28d95302bf6f,21,1754234263.11,Forward,Rice WSOC,August,Sunday,4406.56,0.0,2.99717,4406.56,4.1461,519.41891,336.81167,234.04551,199.46702,230.96575,337.98971,34.8723,15.66979,103.35244,3.35439,65.67677
Kirsten Ruf,9a8fba27-951b-4253-aac1-ae31800ac075,08/03/2025,1754239209.0,Organizational 8.3.25,201,8cfb06a8-1615-4b42-952c-28d95302bf6f,22,1754234263.11,Goalkeeper,Rice WSOC,August,Sunday,4403.48,0.0,1.64792,4403.48,4.54128,288.08427,194.28405,210.64668,120.25002,127.30337,178.96595,10.98447,15.39166,80.8678,1.84784,36.13608
Allie Love,99ee597d-39b8-4fb7-9c63-0d052a15c0a8,08/03/2025,1754239209.0,Organizational 8.3.25,201,8cfb06a8-1615-4b42-952c-28d95302bf6f,17,1754234263.11,Forward,Rice WSOC,August,Sunday,4406.56,0.0,3.88714,4406.56,4.78107,713.11485,458.57889,242.76424,264.08782,316.65834,466.29411,58.9911,15.29007,68.91317,4.42813,85.17865
Eileen Albers,943afa05-aaac-4426-ba0c-1ebef4e76cb7,08/03/2025,1754239209.0,Organizational 8.3.25,201,8cfb06a8-1615-4b42-952c-28d95302bf6f,12,1754234263.11,Forward,Rice WSOC,August,Sunday,4406.56,0.0,2.94626,4406.56,4.79763,473.66991,266.15808,189.63239,160.57336,178.63201,348.56854,31.66122,16.14606,85.83747,3.32343,64.56128
Sam Walker,ce80f564-5fb7-4c34-8faf-d75015152871,08/02/2025,1754149230.0,Organizational 8.2.25,201,73a3cdf4-0256-49c3-a623-f6f982add22d,30,1754144936.71,Goalkeeper,Rice WSOC,August,Saturday,3692.63,0.0,1.43348,3692.63,5.97941,271.1118,179.83403,178.75498,105.49018,121.78475,171.53998,11.53195,13.77541,68.91476,1.61558,37.48491
Kirsten Ruf,9a8fba27-951b-4253-aac1-ae31800ac075,08/02/2025,1754149230.0,Organizational 8.2.25,201,73a3cdf4-0256-49c3-a623-f6f982add22d,22,1754144936.71,Goalkeeper,Rice WSOC,August,Saturday,3692.63,0.0,1.5086,3692.63,7.27642,292.82923,199.34652,212.31709,121.66223,132.28639,180.15201,9.60962,13.79973,77.02901,1.72187,39.44927
Laurel Kelley,a3fa5f45-c40a-44d8-ae81-6ac82f3fc9ef,08/02/2025,1754149230.0,Organizational 8.2.25,201,73a3cdf4-0256-49c3-a623-f6f982add22d,21,1754144936.71,Forward,Rice WSOC,August,Saturday,3639.63,0.0,2.87186,3639.63,4.73849,495.51588,308.12996,201.8063,169.87874,220.56607,340.20641,33.01983,14.10129,76.92953,3.22481,76.19144
Lauren Pickup,ae01c819-c49a-41ef-aa65-20df1a8a40a9,08/02/2025,1754149230.0,Organizational 8.2.25,201,73a3cdf4-0256-49c3-a623-f6f982add22d,8,1754144936.71,Full Back,Rice WSOC,August,Saturday,3639.63,0.0,2.82592,3639.63,3.64871,480.5667,306.92509,198.77377,175.66313,212.01944,318.44981,32.19679,14.31065,70.01437,3.23971,74.97266
Mariana Elizondo,c3d64405-eb5d-4fc0-a8df-06af8ad627bf,08/02/2025,1754149230.0,Organizational 8.2.25,201,73a3cdf4-0256-49c3-a623-f6f982add22d,10,1754144936.71,Central Midfielder,Rice WSOC,August,Saturday,3619.63,0.0,2.15513,3619.63,3.80217,426.71483,272.24774,183.84395,167.6294,180.74486,279.62866,22.55732,13.08476,62.45015,2.40275,57.4923
Allie Love,99ee597d-39b8-4fb7-9c63-0d052a15c0a8,08/02/2025,1754149230.0,Organizational 8.2.25,201,73a3cdf4-0256-49c3-a623-f6f982add22d,17,1754144936.71,Forward,Rice WSOC,August,Saturday,3639.63,0.0,3.14625,3639.63,5.36919,577.82394,365.15673,194.44489,224.74288,239.19059,390.05896,42.28206,15.46376,67.85329,3.53563,83.47113
Mia Brumlow,e9141800-8f9c-4a98-8265-2ae17f48913e,08/02/2025,1754149230.0,Organizational 8.2.25,201,73a3cdf4-0256-49c3-a623-f6f982add22d,13,1754144936.71,Wide Midfielder,Rice WSOC,August,Saturday,3639.63,0.0,2.55186,3639.63,3.58602,442.44436,261.98402,180.01035,159.67697,174.30408,315.70746,26.52191,14.57413,92.78035,2.90133,67.70178
Chelsea Cross,d654a3c8-46fc-4466-b132-8b2ba7258344,08/02/2025,1754149230.0,Organizational 8.2.25,201,73a3cdf4-0256-49c3-a623-f6f982add22d,24,1754144936.71,Central Midfielder,Rice WSOC,August,Saturday,3619.63,0.0,2.77805,3619.63,6.81729,545.47436,347.57772,216.8368,215.8843,226.65209,362.64254,32.08263,13.66351,65.11662,3.15395,74.10991
Olivia Duvall,d91f4f1a-979c-4c34-bb2f-a8b1f5176b9e,08/02/2025,1754149230.0,Organizational 8.2.25,201,73a3cdf4-0256-49c3-a623-f6f982add22d,14,1754144936.71,Forward,Rice WSOC,August,Saturday,3639.63,0.0,2.54184,3639.63,4.72976,400.81532,254.84326,176.36607,149.40414,174.88984,265.40937,27.1298,15.4013,70.30294,2.9,67.43592
Camille Quarterman,e710b8f7-8542-490c-80f0-c110cb9ed839,08/02/2025,1754149230.0,Organizational 8.2.25,201,73a3cdf4-0256-49c3-a623-f6f982add22d,33,1754144936.71,Wide Midfielder,Rice WSOC,August,Saturday,3639.63,0.0,2.34978,3639.63,6.1575,402.67351,268.00708,194.52835,161.5032,179.7454,252.80669,23.90451,17.66501,89.36238,2.65879,62.34042
Jordyn Mariam,f7e75558-805b-459d-b944-ec8d5a5beeac,08/02/2025,1754149230.0,Organizational 8.2.25,201,73a3cdf4-0256-49c3-a623-f6f982add22d,5,1754144936.71,Wide Midfielder,Rice WSOC,August,Saturday,3639.63,0.0,2.597,3639.63,4.12029,503.54703,325.14279,227.8061,184.79759,227.07716,324.74766,25.39777,14.68488,73.30881,2.94392,68.89917
Piper Biziorek,fb332127-6268-4995-a140-9076566dc702,08/02/2025,1754149230.0,Organizational 8.2.25,201,73a3cdf4-0256-49c3-a623-f6f982add22d,15,1754144936.71,Central Midfielder,Rice WSOC,August,Saturday,3639.63,0.0,3.48165,3639.63,4.6712,611.27667,416.74526,184.14844,236.89318,292.24627,383.74469,48.32844,15.2261,79.45084,4.01959,92.36927
Jules Johnston,931babc9-289c-47bf-970a-22d756ac9f5a,08/02/2025,1754149230.0,Organizational 8.2.25,201,73a3cdf4-0256-49c3-a623-f6f982add22d,25,1754144936.71,Forward,Rice WSOC,August,Saturday,3639.63,0.0,2.09506,3639.63,5.07196,381.44764,252.26686,161.69031,156.86654,163.14503,245.4817,18.75084,15.59786,76.19281,2.3656,55.58278
Eileen Albers,943afa05-aaac-4426-ba0c-1ebef4e76cb7,08/02/2025,1754149230.0,Organizational 8.2.25,201,73a3cdf4-0256-49c3-a623-f6f982add22d,12,1754144936.71,Forward,Rice WSOC,August,Saturday,3639.63,0.0,2.35509,3639.63,4.4643,398.26987,223.45089,148.93439,135.14896,150.13472,293.834,27.72989,17.91586,82.48167,2.63937,62.48128
Dayo Tennyson,d0c5a2ec-d0d5-4ae1-bc9f-ae270bfc51e9,08/02/2025,1754149230.0,Organizational 8.2.25,201,73a3cdf4-0256-49c3-a623-f6f982add22d,3,1754144936.71,Full Back,Rice WSOC,August,Saturday,3619.63,0.0,2.52524,3619.63,5.99601,529.19806,330.6816,258.57955,196.71564,221.78819,348.96026,25.99691,14.65004,81.30601,2.90917,67.36566
Jadyn Jaeger,8e9bb6cd-180e-47be-afa1-39abe9300b25,08/02/2025,1754149230.0,Organizational 8.2.25,201,73a3cdf4-0256-49c3-a623-f6f982add22d,11,1754144936.71,Full Back,Rice WSOC,August,Saturday,3619.63,0.0,2.93883,3619.63,4.10866,447.09273,287.27918,184.34344,190.85486,174.27699,296.48394,33.1111,14.70969,77.62391,3.37084,78.39906
Betty Velkova,8b0cb352-4da9-4349-b147-77a3736ea957,08/02/2025,1754149230.0,Organizational 8.2.25,201,73a3cdf4-0256-49c3-a623-f6f982add22d,19,1754144936.71,Forward,Rice WSOC,August,Saturday,3639.63,0.0,2.84828,3639.63,5.62188,571.16751,344.1995,193.5424,220.05314,215.8434,403.29279,34.3015,14.42992,70.09944,3.18384,75.56591
Chelsea Cross,d654a3c8-46fc-4466-b132-8b2ba7258344,08/02/2025,1754170406.0,Threshold 8.2.25,201,5a757a0f-3800-433d-a9d7-c09f29bfe0b5,24,1754165670.0,Central Midfielder,Rice WSOC,August,Saturday,4358.98,0.0,2.37978,4359.0,7.08977,418.98331,253.6253,206.15091,147.11585,173.79084,287.02933,21.24513,13.3196,65.58575,2.77845,52.88072
Dayo Tennyson,d0c5a2ec-d0d5-4ae1-bc9f-ae270bfc51e9,08/02/2025,1754170406.0,Threshold 8.2.25,201,5a757a0f-3800-433d-a9d7-c09f29bfe0b5,3,1754165670.0,Full Back,Rice WSOC,August,Saturday,4359.0,0.0,2.42127,4359.0,13.78568,1104.14717,863.34628,612.88784,493.74175,593.9625,545.18202,19.39951,15.04546,242.1937,3.43154,53.63599
Sam Walker,ce80f564-5fb7-4c34-8faf-d75015152871,08/02/2025,1754170406.0,Threshold 8.2.25,201,5a757a0f-3800-433d-a9d7-c09f29bfe0b5,30,1754165670.0,Goalkeeper,Rice WSOC,August,Saturday,4406.51,0.0,2.04246,4406.51,6.61018,383.47862,265.28369,286.15872,156.69223,179.52651,231.34808,11.71821,15.00415,105.57352,2.42665,44.75678
Mariana Elizondo,c3d64405-eb5d-4fc0-a8df-06af8ad627bf,08/02/2025,1754170406.0,Threshold 8.2.25,201,5a757a0f-3800-433d-a9d7-c09f29bfe0b5,10,1754165670.0,Central Midfielder,Rice WSOC,August,Saturday,4359.0,0.0,2.42229,4359.0,5.19143,429.13869,262.35023,227.85366,163.27316,170.8105,295.98749,18.81791,13.77556,61.74292,2.72222,53.65857
Lauren Pickup,ae01c819-c49a-41ef-aa65-20df1a8a40a9,08/02/2025,1754170406.0,Threshold 8.2.25,201,5a757a0f-3800-433d-a9d7-c09f29bfe0b5,8,1754165670.0,Full Back,Rice WSOC,August,Saturday,4359.0,0.0,2.3097,4359.0,3.90445,396.26614,264.83731,196.38984,157.68265,178.43327,250.91575,22.33154,13.90068,65.8695,2.65394,51.16448
Laurel Kelley,a3fa5f45-c40a-44d8-ae81-6ac82f3fc9ef,08/02/2025,1754170406.0,Threshold 8.2.25,201,5a757a0f-3800-433d-a9d7-c09f29bfe0b5,21,1754165670.0,Forward,Rice WSOC,August,Saturday,4358.98,0.0,2.45259,4359.0,4.30624,458.64699,295.3622,227.05776,170.05145,205.24601,302.08741,20.82526,13.82626,77.24195,2.81761,54.39464
Kirsten Ruf,9a8fba27-951b-4253-aac1-ae31800ac075,08/02/2025,1754170406.0,Threshold 8.2.25,201,5a757a0f-3800-433d-a9d7-c09f29bfe0b5,22,1754165670.0,Goalkeeper,Rice WSOC,August,Saturday,4406.51,0.0,1.95821,4406.51,5.95717,361.11401,242.24735,272.96686,145.80289,162.05592,226.66907,11.02901,15.38981,92.634,2.26472,42.91053
Allie Love,99ee597d-39b8-4fb7-9c63-0d052a15c0a8,08/02/2025,1754170406.0,Threshold 8.2.25,201,5a757a0f-3800-433d-a9d7-c09f29bfe0b5,17,1754165670.0,Forward,Rice WSOC,August,Saturday,4359.0,0.0,2.76303,4359.0,5.16825,515.68165,338.86006,237.42973,200.80578,228.85671,332.09958,30.21311,14.80914,71.59355,3.17199,61.20663
Eileen Albers,943afa05-aaac-4426-ba0c-1ebef4e76cb7,08/02/2025,1754170406.0,Threshold 8.2.25,201,5a757a0f-3800-433d-a9d7-c09f29bfe0b5,12,1754165670.0,Forward,Rice WSOC,August,Saturday,4359.0,0.0,2.1866,4359.0,5.43179,368.32846,210.73596,164.8408,129.87877,138.9412,267.02473,20.01645,14.40493,80.69442,2.51268,48.43769
Jules Johnston,931babc9-289c-47bf-970a-22d756ac9f5a,08/02/2025,1754170406.0,Threshold 8.2.25,201,5a757a0f-3800-433d-a9d7-c09f29bfe0b5,25,1754165670.0,Forward,Rice WSOC,August,Saturday,4359.0,0.0,2.35898,4359.0,4.68547,438.35333,278.9782,222.79232,163.43076,190.84439,292.18059,22.66439,15.08381,65.90217,2.70376,52.25616
Jadyn Jaeger,8e9bb6cd-180e-47be-afa1-39abe9300b25,08/02/2025,1754170406.0,Threshold 8.2.25,201,5a757a0f-3800-433d-a9d7-c09f29bfe0b5,11,1754165670.0,Full Back,Rice WSOC,August,Saturday,4359.0,0.0,2.53315,4359.0,4.33814,387.96697,249.18359,195.37918,164.29158,152.11948,255.64919,22.77368,15.42964,77.23564,2.87594,56.11442
Betty Velkova,8b0cb352-4da9-4349-b147-77a3736ea957,08/02/2025,1754170406.0,Threshold 8.2.25,201,5a757a0f-3800-433d-a9d7-c09f29bfe0b5,19,1754165670.0,Forward,Rice WSOC,August,Saturday,4359.0,0.0,2.58765,4359.0,6.07779,502.25574,306.37924,198.86231,195.05913,193.25229,349.48238,25.47584,14.85707,63.57118,2.93741,57.32163
Leah Chancey,85ed14d3-34f0-42fc-8477-c03064e998f4,08/02/2025,1754170406.0,Threshold 8.2.25,201,5a757a0f-3800-433d-a9d7-c09f29bfe0b5,23,1754165670.0,Central Midfielder,Rice WSOC,August,Saturday,4359.0,0.0,2.20242,4359.0,5.92447,391.02489,236.33046,188.31414,135.75261,162.56599,268.90361,20.05984,13.94741,62.80579,2.51699,48.78805
Taylor Rish,81828efc-2855-4216-a0d1-6a7c9201d5a0,08/02/2025,1754170406.0,Threshold 8.2.25,201,5a757a0f-3800-433d-a9d7-c09f29bfe0b5,7,1754165670.0,Full Back,Rice WSOC,August,Saturday,4358.98,0.0,2.29291,4359.0,5.0831,385.01286,239.57559,191.78929,151.02198,154.20875,260.33862,21.86176,14.96314,76.81956,2.66524,50.80196
Megan Sweeney,76ec7312-9b6e-4355-a747-4de0c8e2d8b9,08/02/2025,1754170406.0,Threshold 8.2.25,201,5a757a0f-3800-433d-a9d7-c09f29bfe0b5,0,1754165670.0,Goalkeeper,Rice WSOC,August,Saturday,4359.0,0.0,2.58351,4359.0,4.10441,447.36049,279.49013,216.90849,161.26984,193.41542,300.99848,29.55599,13.99442,80.714,2.95155,57.23001
Sophie Zhang,713ce913-8f9b-41cb-b395-b08e3e69186f,08/02/2025,1754170406.0,Threshold 8.2.25,201,5a757a0f-3800-433d-a9d7-c09f29bfe0b5,9,1754165670.0,Forward,Rice WSOC,August,Saturday,4359.0,0.0,2.14984,4359.0,5.23418,437.39162,280.30317,237.92724,166.94375,188.66915,290.145,15.34015,14.11958,76.06827,2.49594,47.62339
Isabelle Kent,6e66b652-d707-4f6a-86d3-61696dab1831,08/02/2025,1754170406.0,Threshold 8.2.25,201,5a757a0f-3800-433d-a9d7-c09f29bfe0b5,2,1754165670.0,Full Back,Rice WSOC,August,Saturday,4359.0,0.0,2.05025,4359.0,3.6312,338.0004,207.01598,177.46751,115.83277,146.67268,230.56538,17.2607,13.29804,78.09922,2.30294,45.41711
Carsyn Martz,5ec6f0de-aa33-44a6-9b7e-676076c27478,08/02/2025,1754170406.0,Threshold 8.2.25,201,5a757a0f-3800-433d-a9d7-c09f29bfe0b5,20,1754165670.0,Wide Midfielder,Rice WSOC,August,Saturday,4359.0,0.0,2.45194,4359.0,3.91459,408.38597,252.84061,210.96689,151.73334,169.57418,277.71841,20.4985,12.90017,69.01924,2.7911,54.31543
Naija Bruckner,59840313-0841-4a21-a5b5-b8b24cad01b8,08/02/2025,1754170406.0,Threshold 8.2.25,201,5a757a0f-3800-433d-a9d7-c09f29bfe0b5,28,1754165670.0,Central Midfielder,Rice WSOC,August,Saturday,4358.98,0.0,2.51346,4359.0,5.91478,479.16714,290.19804,223.88869,166.71835,200.64463,330.9864,24.34142,14.64393,74.88784,2.93749,55.71788
Jessica Molina,49ee30cf-715d-49d2-bfd4-f208c806a5db,08/02/2025,1754170406.0,Threshold 8.2.25,201,5a757a0f-3800-433d-a9d7-c09f29bfe0b5,16,1754165670.0,Forward,Rice WSOC,August,Saturday,4359.0,0.0,2.32098,4359.0,3.8462,383.86657,237.37451,186.81277,145.71855,154.50664,263.05103,18.78609,14.03075,85.1255,2.60906,51.41429
Kenna Sanders,457dc155-bdf2-48cc-8a59-2f0b4ec42ae2,08/02/2025,1754170406.0,Threshold 8.2.25,201,5a757a0f-3800-433d-a9d7-c09f29bfe0b5,18,1754165670.0,Forward,Rice WSOC,August,Saturday,4359.0,0.0,2.47111,4359.0,4.74153,496.18516,302.0416,225.97925,162.52238,218.31231,338.50266,25.28281,12.96448,77.5645,2.8062,54.74
Olivia Duvall,d91f4f1a-979c-4c34-bb2f-a8b1f5176b9e,08/02/2025,1754170406.0,Threshold 8.2.25,201,5a757a0f-3800-433d-a9d7-c09f29bfe0b5,14,1754165670.0,Forward,Rice WSOC,August,Saturday,4358.98,0.0,2.13106,4359.0,4.71035,352.37524,234.83576,195.28649,145.69339,152.38875,223.09334,19.28867,15.55245,72.07832,2.46737,47.36055
Kenzie Solomon,80afc22c-7b44-4cca-83af-4b9370cf2987,08/02/2025,1754149230.0,Organizational 8.2.25,201,73a3cdf4-0256-49c3-a623-f6f982add22d,1,1754144936.71,Goalkeeper,Rice WSOC,August,Saturday,3692.63,0.0,1.40359,3692.63,4.90372,245.39929,162.67649,183.3552,93.87875,113.04192,156.79696,9.85865,12.14447,70.69154,1.52452,36.70332
Jordyn Mariam,f7e75558-805b-459d-b944-ec8d5a5beeac,08/02/2025,1754170406.0,Threshold 8.2.25,201,5a757a0f-3800-433d-a9d7-c09f29bfe0b5,5,1754165670.0,Wide Midfielder,Rice WSOC,August,Saturday,4359.0,0.0,2.20952,4359.0,5.80966,396.00909,256.85766,205.97692,148.45319,177.96043,255.07792,17.16304,13.10454,73.22208,2.55447,48.94537
Mia Brumlow,e9141800-8f9c-4a98-8265-2ae17f48913e,08/02/2025,1754170406.0,Threshold 8.2.25,201,5a757a0f-3800-433d-a9d7-c09f29bfe0b5,13,1754165670.0,Wide Midfielder,Rice WSOC,August,Saturday,4359.0,0.0,2.19895,4359.0,4.26867,416.00472,264.26148,203.95472,164.3198,173.79463,278.06737,20.16887,14.25423,78.45042,2.53943,48.71116
Taylor Rish,81828efc-2855-4216-a0d1-6a7c9201d5a0,08/02/2025,1754149230.0,Organizational 8.2.25,201,73a3cdf4-0256-49c3-a623-f6f982add22d,7,1754144936.71,Full Back,Rice WSOC,August,Saturday,3619.63,0.0,2.50838,3619.63,5.49664,405.27045,232.30985,162.64532,138.49181,156.81793,287.42983,28.31793,16.95035,78.44965,2.84603,66.91588
Megan Sweeney,76ec7312-9b6e-4355-a747-4de0c8e2d8b9,08/02/2025,1754149230.0,Organizational 8.2.25,201,73a3cdf4-0256-49c3-a623-f6f982add22d,0,1754144936.71,Goalkeeper,Rice WSOC,August,Saturday,3712.63,0.0,1.6064,3712.63,3.57622,312.01179,198.81827,161.10943,128.03301,126.27173,206.2642,14.40763,14.1234,66.12795,1.80054,41.78047
Sophie Zhang,713ce913-8f9b-41cb-b395-b08e3e69186f,08/02/2025,1754149230.0,Organizational 8.2.25,201,73a3cdf4-0256-49c3-a623-f6f982add22d,9,1754144936.71,Forward,Rice WSOC,August,Saturday,3639.63,0.0,1.74922,3639.63,4.90181,345.5151,216.89246,168.4527,130.81407,144.28263,232.95242,17.28752,14.11379,67.25386,1.95281,46.40737
Isabelle Kent,6e66b652-d707-4f6a-86d3-61696dab1831,08/02/2025,1754149230.0,Organizational 8.2.25,201,73a3cdf4-0256-49c3-a623-f6f982add22d,2,1754144936.71,Full Back,Rice WSOC,August,Saturday,3639.63,0.0,1.79032,3639.63,4.52083,297.90501,187.53703,153.30389,117.53784,121.63818,196.80395,19.51133,12.38194,79.76355,1.96511,47.49791
Carsyn Martz,5ec6f0de-aa33-44a6-9b7e-676076c27478,08/02/2025,1754149230.0,Organizational 8.2.25,201,73a3cdf4-0256-49c3-a623-f6f982add22d,20,1754144936.71,Wide Midfielder,Rice WSOC,August,Saturday,3619.63,0.0,2.1842,3619.63,7.17089,375.92048,244.72676,180.72599,158.1596,151.5528,244.38231,24.25533,14.27655,77.43149,2.45838,58.26775
Naija Bruckner,59840313-0841-4a21-a5b5-b8b24cad01b8,08/02/2025,1754149230.0,Organizational 8.2.25,201,73a3cdf4-0256-49c3-a623-f6f982add22d,28,1754144936.71,Central Midfielder,Rice WSOC,August,Saturday,3619.63,0.0,2.18485,3619.63,4.64245,422.40515,252.6813,163.8865,146.08535,174.31011,293.95118,26.83392,14.90954,91.8046,2.54006,58.28516
Jessica Molina,49ee30cf-715d-49d2-bfd4-f208c806a5db,08/02/2025,1754149230.0,Organizational 8.2.25,201,73a3cdf4-0256-49c3-a623-f6f982add22d,16,1754144936.71,Forward,Rice WSOC,August,Saturday,3639.63,0.0,1.85084,3639.63,4.20057,317.19301,198.53204,148.64915,128.91942,122.92956,215.48854,16.71606,15.03403,76.61152,2.05149,49.10353
Kenna Sanders,457dc155-bdf2-48cc-8a59-2f0b4ec42ae2,08/02/2025,1754149230.0,Organizational 8.2.25,201,73a3cdf4-0256-49c3-a623-f6f982add22d,18,1754144936.71,Forward,Rice WSOC,August,Saturday,3639.63,0.0,2.11292,3639.63,6.5055,438.5899,280.15195,193.96388,157.69514,196.49079,285.62157,21.10582,12.16616,57.4548,2.35232,56.05645
Piper Biziorek,fb332127-6268-4995-a140-9076566dc702,08/02/2025,1754170406.0,Threshold 8.2.25,201,5a757a0f-3800-433d-a9d7-c09f29bfe0b5,15,1754165670.0,Central Midfielder,Rice WSOC,August,Saturday,4358.99,0.0,2.90296,4359.0,4.69284,576.53679,396.16604,252.57432,235.08839,268.05621,351.0363,30.43053,13.97898,87.90009,3.41328,64.37987
Leah Chancey,85ed14d3-34f0-42fc-8477-c03064e998f4,08/02/2025,1754149230.0,Organizational 8.2.25,201,73a3cdf4-0256-49c3-a623-f6f982add22d,23,1754144936.71,Central Midfielder,Rice WSOC,August,Saturday,3639.63,0.0,2.80275,3639.63,3.99765,477.43292,284.78284,177.62366,161.48666,198.04412,331.49199,32.91299,12.7635,70.28264,3.10995,74.35803
Camille Quarterman,e710b8f7-8542-490c-80f0-c110cb9ed839,08/02/2025,1754170406.0,Threshold 8.2.25,201,5a757a0f-3800-433d-a9d7-c09f29bfe0b5,33,1754165670.0,Wide Midfielder,Rice WSOC,August,Saturday,4359.0,0.0,2.58949,4359.0,4.79707,462.73943,309.4117,239.93744,187.74263,205.64213,290.65102,23.68615,15.75902,84.85652,3.02171,57.36242
Taylor Rish,81828efc-2855-4216-a0d1-6a7c9201d5a0,08/01/2025,1754084484.42,Organizational 8.1.25,201,1e83e93c-db60-4bc3-bfad-48b0c4876d8a,7,1754079882.03,Full Back,Rice WSOC,August,Friday,4085.06,0.0,2.6323,4085.06,4.92686,430.60603,256.89275,222.93426,158.54578,168.62419,301.35796,25.18098,14.77022,72.54771,3.00268,62.22109
Jadyn Jaeger,8e9bb6cd-180e-47be-afa1-39abe9300b25,08/01/2025,1754084484.42,Organizational 8.1.25,201,1e83e93c-db60-4bc3-bfad-48b0c4876d8a,11,1754079882.03,Full Back,Rice WSOC,August,Friday,4061.13,0.0,3.09304,4061.13,3.86989,441.64962,267.55982,218.92029,173.77303,166.47949,308.24803,33.23914,17.19706,69.97517,3.50937,73.54254
Kenna Sanders,457dc155-bdf2-48cc-8a59-2f0b4ec42ae2,08/01/2025,1754084484.42,Organizational 8.1.25,201,1e83e93c-db60-4bc3-bfad-48b0c4876d8a,18,1754079882.03,Forward,Rice WSOC,August,Friday,4061.13,0.0,2.87392,4061.13,3.85621,575.15157,369.6315,295.6804,216.35558,251.85211,374.56267,30.81375,12.84838,58.59861,3.25137,68.33265
Jessica Molina,49ee30cf-715d-49d2-bfd4-f208c806a5db,08/01/2025,1754084484.42,Organizational 8.1.25,201,1e83e93c-db60-4bc3-bfad-48b0c4876d8a,16,1754079882.03,Forward,Rice WSOC,August,Friday,4085.06,0.0,2.17696,4085.06,3.53662,365.11639,215.65245,180.51501,132.9583,140.50944,260.39564,20.58385,14.18432,86.10821,2.45837,51.45789
Naija Bruckner,59840313-0841-4a21-a5b5-b8b24cad01b8,08/01/2025,1754084484.42,Organizational 8.1.25,201,1e83e93c-db60-4bc3-bfad-48b0c4876d8a,28,1754079882.03,Central Midfielder,Rice WSOC,August,Friday,4061.13,0.0,2.33942,4061.13,5.42674,459.88414,279.33932,226.93699,159.4747,194.99558,317.21477,25.72829,15.00589,84.79127,2.7438,55.62386
Carsyn Martz,5ec6f0de-aa33-44a6-9b7e-676076c27478,08/01/2025,1754084484.42,Organizational 8.1.25,201,1e83e93c-db60-4bc3-bfad-48b0c4876d8a,20,1754079882.03,Wide Midfielder,Rice WSOC,August,Friday,4061.13,0.0,2.36591,4061.13,4.36988,406.239,254.1666,227.09048,156.68833,165.92555,271.79064,23.48017,15.73312,80.39802,2.71609,56.25375
Isabelle Kent,6e66b652-d707-4f6a-86d3-61696dab1831,08/01/2025,1754084484.42,Organizational 8.1.25,201,1e83e93c-db60-4bc3-bfad-48b0c4876d8a,2,1754079882.03,Full Back,Rice WSOC,August,Friday,4061.13,0.0,2.71294,4061.13,4.18577,443.67956,281.38446,208.71702,152.42427,204.34,292.33191,29.87286,11.98046,59.68494,2.98046,64.50506
Sophie Zhang,713ce913-8f9b-41cb-b395-b08e3e69186f,08/01/2025,1754084484.42,Organizational 8.1.25,201,1e83e93c-db60-4bc3-bfad-48b0c4876d8a,9,1754079882.03,Forward,Rice WSOC,August,Friday,4061.13,0.0,2.78097,4061.13,5.1946,572.90189,360.09819,278.6535,217.02607,240.5513,384.29614,28.82987,13.23963,71.43935,3.17638,66.12257
Leah Chancey,85ed14d3-34f0-42fc-8477-c03064e998f4,08/01/2025,1754084484.42,Organizational 8.1.25,201,1e83e93c-db60-4bc3-bfad-48b0c4876d8a,23,1754079882.03,Central Midfielder,Rice WSOC,August,Friday,4085.06,0.0,2.88363,4085.06,5.58649,540.41928,333.49483,244.85117,185.18984,236.91084,367.96492,34.15099,12.9501,75.02103,3.26345,68.16179
Megan Sweeney,76ec7312-9b6e-4355-a747-4de0c8e2d8b9,08/01/2025,1754084484.42,Organizational 8.1.25,201,1e83e93c-db60-4bc3-bfad-48b0c4876d8a,0,1754079882.03,Goalkeeper,Rice WSOC,August,Friday,4085.06,0.0,2.33151,4085.06,4.21147,416.26707,267.47811,202.27089,167.1116,173.84954,273.70001,26.73312,14.47958,69.98041,2.68098,55.1111
Betty Velkova,8b0cb352-4da9-4349-b147-77a3736ea957,08/01/2025,1754084484.42,Organizational 8.1.25,201,1e83e93c-db60-4bc3-bfad-48b0c4876d8a,19,1754079882.03,Forward,Rice WSOC,August,Friday,4061.13,0.0,3.02419,4061.13,6.9324,598.22942,363.87192,262.84828,226.61856,233.85828,413.21898,36.14794,12.98156,71.67783,3.39326,71.90556
Kenzie Solomon,80afc22c-7b44-4cca-83af-4b9370cf2987,08/01/2025,1754084484.42,Organizational 8.1.25,201,1e83e93c-db60-4bc3-bfad-48b0c4876d8a,1,1754079882.03,Goalkeeper,Rice WSOC,August,Friday,4145.38,0.0,1.71859,4145.38,5.23816,269.31889,179.36973,216.04984,92.57191,133.36575,168.49852,12.51984,10.65217,81.99744,1.89286,40.032
Mariana Elizondo,c3d64405-eb5d-4fc0-a8df-06af8ad627bf,08/01/2025,1754084484.42,Organizational 8.1.25,201,1e83e93c-db60-4bc3-bfad-48b0c4876d8a,10,1754079882.03,Central Midfielder,Rice WSOC,August,Friday,4061.13,0.0,2.86841,4061.13,4.50502,536.36868,323.04735,256.32074,202.86084,209.02643,374.56984,31.34209,14.65733,64.98612,3.21674,68.2017
Camille Quarterman,e710b8f7-8542-490c-80f0-c110cb9ed839,08/01/2025,1754084484.42,Organizational 8.1.25,201,1e83e93c-db60-4bc3-bfad-48b0c4876d8a,33,1754079882.03,Wide Midfielder,Rice WSOC,August,Friday,4061.13,0.0,2.31001,4061.13,4.70131,428.65276,287.53946,251.15593,184.69753,181.87558,267.83284,22.43409,15.50867,72.89575,2.67303,54.92452
Eileen Albers,943afa05-aaac-4426-ba0c-1ebef4e76cb7,08/01/2025,1754084484.42,Organizational 8.1.25,201,1e83e93c-db60-4bc3-bfad-48b0c4876d8a,12,1754079882.03,Forward,Rice WSOC,August,Friday,4085.06,0.0,2.8547,4085.06,5.33459,477.60242,268.35326,202.73282,163.46272,178.03857,350.27667,33.04041,17.27315,86.55358,3.23865,67.47811
Allie Love,99ee597d-39b8-4fb7-9c63-0d052a15c0a8,08/01/2025,1754084484.42,Organizational 8.1.25,201,1e83e93c-db60-4bc3-bfad-48b0c4876d8a,17,1754079882.03,Forward,Rice WSOC,August,Friday,4061.13,0.0,3.44532,4061.13,5.08822,636.53132,405.16372,284.58071,241.7283,271.14861,421.09395,44.81625,14.82384,71.87901,3.89974,81.91856
Kirsten Ruf,9a8fba27-951b-4253-aac1-ae31800ac075,08/01/2025,1754084484.42,Organizational 8.1.25,201,1e83e93c-db60-4bc3-bfad-48b0c4876d8a,22,1754079882.03,Goalkeeper,Rice WSOC,August,Friday,4145.38,0.0,1.67285,4145.38,5.29905,251.30314,158.49177,182.07927,94.22123,107.27715,167.31682,11.97212,14.45337,94.49167,1.88366,38.96654
Laurel Kelley,a3fa5f45-c40a-44d8-ae81-6ac82f3fc9ef,08/01/2025,1754084484.42,Organizational 8.1.25,201,1e83e93c-db60-4bc3-bfad-48b0c4876d8a,21,1754079882.03,Forward,Rice WSOC,August,Friday,4061.13,0.0,2.36037,4061.13,4.90698,455.29765,292.60057,249.09206,173.864,199.70892,298.55755,26.31215,14.04515,77.62517,2.68105,56.12194
Lauren Pickup,ae01c819-c49a-41ef-aa65-20df1a8a40a9,08/01/2025,1754084484.42,Organizational 8.1.25,201,1e83e93c-db60-4bc3-bfad-48b0c4876d8a,8,1754079882.03,Full Back,Rice WSOC,August,Friday,4085.06,0.0,2.75976,4085.06,3.82364,463.91776,293.73796,232.76846,166.39755,205.01666,310.15018,30.51378,13.47983,97.38239,3.19934,65.23384
Sam Walker,ce80f564-5fb7-4c34-8faf-d75015152871,08/01/2025,1754084484.42,Organizational 8.1.25,201,1e83e93c-db60-4bc3-bfad-48b0c4876d8a,30,1754079882.03,Goalkeeper,Rice WSOC,August,Friday,4145.38,0.0,1.91143,4145.38,6.37914,347.25249,234.96338,234.31864,138.41698,158.79371,214.38689,16.7777,14.28161,76.02111,2.18095,44.52405
Dayo Tennyson,d0c5a2ec-d0d5-4ae1-bc9f-ae270bfc51e9,08/01/2025,1754084484.42,Organizational 8.1.25,201,1e83e93c-db60-4bc3-bfad-48b0c4876d8a,3,1754079882.03,Full Back,Rice WSOC,August,Friday,4085.06,0.0,2.61304,4085.06,5.53366,545.5018,336.06314,289.08523,199.08319,223.87511,357.65487,24.85671,16.05138,81.50448,3.01366,61.76568
Chelsea Cross,d654a3c8-46fc-4466-b132-8b2ba7258344,08/01/2025,1754084484.42,Organizational 8.1.25,201,1e83e93c-db60-4bc3-bfad-48b0c4876d8a,24,1754079882.03,Central Midfielder,Rice WSOC,August,Friday,4085.06,0.0,2.82224,4085.06,4.80415,495.05569,286.33141,245.23657,174.65476,188.66132,353.39331,30.43259,12.84208,62.62497,3.19876,66.71065
Olivia Duvall,d91f4f1a-979c-4c34-bb2f-a8b1f5176b9e,08/01/2025,1754084484.42,Organizational 8.1.25,201,1e83e93c-db60-4bc3-bfad-48b0c4876d8a,14,1754079882.03,Forward,Rice WSOC,August,Friday,4085.06,0.0,2.13986,4085.06,5.47987,393.70232,261.19151,217.15739,168.06448,165.23713,250.17163,22.18976,15.12523,84.05078,2.47369,50.58097
Mia Brumlow,e9141800-8f9c-4a98-8265-2ae17f48913e,08/01/2025,1754084484.42,Organizational 8.1.25,201,1e83e93c-db60-4bc3-bfad-48b0c4876d8a,13,1754079882.03,Wide Midfielder,Rice WSOC,August,Friday,4085.06,0.0,2.63486,4085.06,3.66015,491.8922,306.72501,254.43888,185.83184,206.74307,333.88901,26.87523,12.87693,74.88234,2.95312,62.28153
Jordyn Mariam,f7e75558-805b-459d-b944-ec8d5a5beeac,08/01/2025,1754084484.42,Organizational 8.1.25,201,1e83e93c-db60-4bc3-bfad-48b0c4876d8a,5,1754079882.03,Wide Midfielder,Rice WSOC,August,Friday,4085.06,0.0,2.8335,4085.06,4.60533,504.12893,338.62551,243.41944,211.09868,220.00993,314.32169,29.73333,13.19897,73.58678,3.19984,66.97689
Piper Biziorek,fb332127-6268-4995-a140-9076566dc702,08/01/2025,1754084484.42,Organizational 8.1.25,201,1e83e93c-db60-4bc3-bfad-48b0c4876d8a,15,1754079882.03,Central Midfielder,Rice WSOC,August,Friday,4085.06,0.0,3.57137,4085.06,4.65629,686.02937,454.20876,275.71958,258.93237,318.31988,440.98034,48.23025,14.55541,82.43391,4.1367,84.41819
Jules Johnston,931babc9-289c-47bf-970a-22d756ac9f5a,08/01/2025,1754084484.42,Organizational 8.1.25,201,1e83e93c-db60-4bc3-bfad-48b0c4876d8a,25,1754079882.03,Forward,Rice WSOC,August,Friday,4061.13,0.0,2.47716,4061.13,7.15875,469.61831,292.24836,227.5457,167.85473,202.83205,319.04944,26.31888,14.70194,68.91641,2.81992,58.89881
Megan Sweeney,76ec7312-9b6e-4355-a747-4de0c8e2d8b9,07/31/2025,1753997880.33,Fitness Testing 7.31.25,201,8f193404-d1a3-4e4a-8326-8f687e061717,0,1753993820.14,Goalkeeper,Rice WSOC,July,Thursday,3530.83,0.0,1.96038,3530.83,4.4653,364.86984,234.8105,164.88069,140.622,157.99109,237.75172,22.25743,15.31967,78.84928,2.21451,53.61217
Jordyn Mariam,f7e75558-805b-459d-b944-ec8d5a5beeac,07/31/2025,1753975455.65,Organizational 7.31.25,201,43a2368a-a29a-40e2-afb6-a01a1ad01457,5,1753971622.41,Wide Midfielder,Rice WSOC,July,Thursday,3631.72,0.0,2.0712,3631.72,3.7239,438.20202,287.9587,214.20495,163.30183,202.73953,276.8685,19.23254,16.65292,78.04906,2.43371,55.06945
Mia Brumlow,e9141800-8f9c-4a98-8265-2ae17f48913e,07/31/2025,1753975455.65,Organizational 7.31.25,201,43a2368a-a29a-40e2-afb6-a01a1ad01457,13,1753971622.41,Wide Midfielder,Rice WSOC,July,Thursday,3631.72,0.0,1.84712,3631.72,4.27125,349.73101,216.55568,188.57485,134.70585,141.22595,241.39315,17.73779,15.89836,86.65776,2.17707,49.11139
Piper Biziorek,fb332127-6268-4995-a140-9076566dc702,07/31/2025,1753975455.65,Organizational 7.31.25,201,43a2368a-a29a-40e2-afb6-a01a1ad01457,15,1753971622.41,Central Midfielder,Rice WSOC,July,Thursday,3631.71,0.0,2.35545,3631.72,3.93725,490.22715,322.71419,248.98917,188.26881,220.55678,316.95823,24.20388,15.64736,88.71986,2.80432,63.88213
Camille Quarterman,e710b8f7-8542-490c-80f0-c110cb9ed839,07/31/2025,1753975455.65,Organizational 7.31.25,201,43a2368a-a29a-40e2-afb6-a01a1ad01457,33,1753971622.41,Wide Midfielder,Rice WSOC,July,Thursday,3631.71,0.0,2.08061,3631.72,4.31929,395.65187,251.54173,229.4937,153.07669,167.88044,263.85563,18.21152,17.35633,88.83788,2.47135,56.52926
Olivia Duvall,d91f4f1a-979c-4c34-bb2f-a8b1f5176b9e,07/31/2025,1753975455.65,Organizational 7.31.25,201,43a2368a-a29a-40e2-afb6-a01a1ad01457,14,1753971622.41,Forward,Rice WSOC,July,Thursday,3631.72,0.0,1.85383,3631.72,5.05194,368.79169,246.25645,195.65594,152.9208,160.24924,234.36567,15.82987,15.60414,91.91278,2.18736,49.28993
Chelsea Cross,d654a3c8-46fc-4466-b132-8b2ba7258344,07/31/2025,1753975455.65,Organizational 7.31.25,201,43a2368a-a29a-40e2-afb6-a01a1ad01457,24,1753971622.41,Central Midfielder,Rice WSOC,July,Thursday,3631.71,0.0,1.78876,3631.72,3.98181,414.76116,268.50589,233.0401,171.6788,169.86527,271.80516,14.66926,14.24204,61.09027,2.07294,47.7983
Dayo Tennyson,d0c5a2ec-d0d5-4ae1-bc9f-ae270bfc51e9,07/31/2025,1753975455.65,Organizational 7.31.25,201,43a2368a-a29a-40e2-afb6-a01a1ad01457,3,1753971622.41,Full Back,Rice WSOC,July,Thursday,3631.72,0.0,1.83557,3631.72,5.92686,416.79308,266.54744,251.00544,159.01636,178.42515,268.30947,16.21019,19.28897,101.5752,2.13183,48.80443
Sam Walker,ce80f564-5fb7-4c34-8faf-d75015152871,07/31/2025,1753975747.04,Organizational 7.31.25,201,43a2368a-a29a-40e2-afb6-a01a1ad01457,30,1753971622.41,Goalkeeper,Rice WSOC,July,Thursday,4004.93,0.0,2.00137,4004.93,6.75095,394.38206,262.96854,273.74898,155.27543,177.86596,248.91861,14.81218,14.94179,82.54986,2.41996,48.25385
Taylor Rish,81828efc-2855-4216-a0d1-6a7c9201d5a0,07/31/2025,1753997880.33,Fitness Testing 7.31.25,201,8f193404-d1a3-4e4a-8326-8f687e061717,7,1753993820.14,Full Back,Rice WSOC,July,Thursday,3491.74,0.0,2.43746,3491.74,5.46437,379.07898,219.74384,143.76403,128.9304,150.52485,267.17898,23.54745,14.95401,91.24441,2.86144,67.40547
Lauren Pickup,ae01c819-c49a-41ef-aa65-20df1a8a40a9,07/31/2025,1753975455.65,Organizational 7.31.25,201,43a2368a-a29a-40e2-afb6-a01a1ad01457,8,1753971622.41,Full Back,Rice WSOC,July,Thursday,3631.72,0.0,1.87948,3631.72,2.77448,357.60594,233.50788,205.14892,140.12892,155.48543,233.19764,16.40269,16.41017,76.23261,2.20943,49.97184
Kenzie Solomon,80afc22c-7b44-4cca-83af-4b9370cf2987,07/31/2025,1753997880.33,Fitness Testing 7.31.25,201,8f193404-d1a3-4e4a-8326-8f687e061717,1,1753993820.14,Goalkeeper,Rice WSOC,July,Thursday,3530.83,0.0,1.66921,3530.83,6.25268,291.37601,196.14015,208.97673,100.82736,146.50435,180.79022,11.78528,14.2673,84.51285,1.88328,45.64937
Kenna Sanders,457dc155-bdf2-48cc-8a59-2f0b4ec42ae2,07/31/2025,1753997880.33,Fitness Testing 7.31.25,201,8f193404-d1a3-4e4a-8326-8f687e061717,18,1753993820.14,Forward,Rice WSOC,July,Thursday,3491.74,0.0,2.17815,3491.74,4.619,415.6851,234.25187,158.46079,122.79984,172.51616,301.66634,21.10598,14.05683,70.59822,2.47121,60.23464
Jessica Molina,49ee30cf-715d-49d2-bfd4-f208c806a5db,07/31/2025,1753997880.33,Fitness Testing 7.31.25,201,8f193404-d1a3-4e4a-8326-8f687e061717,16,1753993820.14,Forward,Rice WSOC,July,Thursday,3491.74,0.0,2.35409,3491.74,4.56792,379.59943,237.19119,130.47082,151.74366,149.37283,258.39268,25.10904,15.83884,98.75203,2.60524,65.10002
Naija Bruckner,59840313-0841-4a21-a5b5-b8b24cad01b8,07/31/2025,1753996515.02,Fitness Testing 7.31.25,201,8f193404-d1a3-4e4a-8326-8f687e061717,28,1753993820.14,Central Midfielder,Rice WSOC,July,Thursday,2483.56,0.0,1.75005,2483.56,5.2208,311.63004,188.53505,130.46886,112.92243,126.66742,216.64528,16.92832,17.13289,106.63052,1.96044,68.04195
Carsyn Martz,5ec6f0de-aa33-44a6-9b7e-676076c27478,07/31/2025,1753997880.33,Fitness Testing 7.31.25,201,8f193404-d1a3-4e4a-8326-8f687e061717,20,1753993820.14,Wide Midfielder,Rice WSOC,July,Thursday,3491.74,0.0,2.70588,3491.74,6.02792,433.27059,277.11025,167.92792,180.00681,171.29461,286.24858,30.81429,16.81202,88.85371,3.132,74.82859
Isabelle Kent,6e66b652-d707-4f6a-86d3-61696dab1831,07/31/2025,1753997880.33,Fitness Testing 7.31.25,201,8f193404-d1a3-4e4a-8326-8f687e061717,2,1753993820.14,Full Back,Rice WSOC,July,Thursday,3491.74,0.0,2.76465,3491.74,6.84134,446.80865,269.03378,168.59766,147.83375,193.21115,308.45669,31.21406,14.16024,77.37077,3.02182,76.45359
Leah Chancey,85ed14d3-34f0-42fc-8477-c03064e998f4,07/31/2025,1753997880.33,Fitness Testing 7.31.25,201,8f193404-d1a3-4e4a-8326-8f687e061717,23,1753993820.14,Central Midfielder,Rice WSOC,July,Thursday,3491.74,0.0,2.81377,3491.74,4.47989,479.3344,282.95236,147.99804,163.33092,193.65702,335.99661,36.04618,15.16343,75.55104,3.13255,77.81191
Mariana Elizondo,c3d64405-eb5d-4fc0-a8df-06af8ad627bf,07/31/2025,1753975455.65,Organizational 7.31.25,201,43a2368a-a29a-40e2-afb6-a01a1ad01457,10,1753971622.41,Central Midfielder,Rice WSOC,July,Thursday,3631.71,0.0,2.1438,3631.72,3.68714,502.75531,326.3216,293.51153,202.43776,214.33578,324.48421,19.03266,14.5372,70.75206,2.51839,58.18238
Sophie Zhang,713ce913-8f9b-41cb-b395-b08e3e69186f,07/31/2025,1753997880.33,Fitness Testing 7.31.25,201,8f193404-d1a3-4e4a-8326-8f687e061717,9,1753993820.14,Forward,Rice WSOC,July,Thursday,3491.74,0.0,2.84266,3491.74,5.06487,530.06802,323.21683,198.14108,184.91809,222.37343,364.59899,33.41143,15.02033,86.93031,3.23316,78.61105
Laurel Kelley,a3fa5f45-c40a-44d8-ae81-6ac82f3fc9ef,07/31/2025,1753975455.65,Organizational 7.31.25,201,43a2368a-a29a-40e2-afb6-a01a1ad01457,21,1753971622.41,Forward,Rice WSOC,July,Thursday,3631.72,0.0,1.82216,3631.72,3.97479,377.0293,242.01862,218.97618,141.31124,166.69696,248.3255,16.36632,16.23459,82.61026,2.13597,48.44782
Megan Sweeney,76ec7312-9b6e-4355-a747-4de0c8e2d8b9,07/31/2025,1753975455.65,Organizational 7.31.25,201,43a2368a-a29a-40e2-afb6-a01a1ad01457,0,1753971622.41,Goalkeeper,Rice WSOC,July,Thursday,3631.72,0.0,1.88822,3631.72,3.80674,383.23581,250.56244,185.01167,158.20662,160.78848,248.45059,18.17981,15.62348,66.58652,2.16232,50.20429
Kenzie Solomon,80afc22c-7b44-4cca-83af-4b9370cf2987,07/31/2025,1753975747.04,Organizational 7.31.25,201,43a2368a-a29a-40e2-afb6-a01a1ad01457,1,1753971622.41,Goalkeeper,Rice WSOC,July,Thursday,4004.92,0.0,2.0193,4004.93,6.08601,391.95523,258.04889,295.43921,153.33548,174.30436,250.57201,12.93392,14.16318,68.91442,2.3198,49.62639
Jadyn Jaeger,8e9bb6cd-180e-47be-afa1-39abe9300b25,07/31/2025,1753997880.33,Fitness Testing 7.31.25,201,8f193404-d1a3-4e4a-8326-8f687e061717,11,1753993820.14,Full Back,Rice WSOC,July,Thursday,3491.74,0.0,2.33016,3491.74,3.97097,345.1116,204.58397,125.5955,129.2554,130.33906,243.80652,25.98339,16.45654,91.54439,2.76249,64.43826
Jules Johnston,931babc9-289c-47bf-970a-22d756ac9f5a,07/31/2025,1753997880.33,Fitness Testing 7.31.25,201,8f193404-d1a3-4e4a-8326-8f687e061717,25,1753993820.14,Forward,Rice WSOC,July,Thursday,3491.74,0.0,2.77648,3491.74,5.14318,469.83664,304.29445,167.23619,176.72106,208.60372,309.02541,29.35436,15.98912,81.63927,3.0918,76.78089
Eileen Albers,943afa05-aaac-4426-ba0c-1ebef4e76cb7,07/31/2025,1753997880.33,Fitness Testing 7.31.25,201,8f193404-d1a3-4e4a-8326-8f687e061717,12,1753993820.14,Forward,Rice WSOC,July,Thursday,3491.74,0.0,2.60264,3491.74,4.76711,423.05741,228.51967,135.15791,143.36006,148.01605,317.65185,27.20255,16.93565,104.65013,2.96749,71.97353
Allie Love,99ee597d-39b8-4fb7-9c63-0d052a15c0a8,07/31/2025,1753997880.33,Fitness Testing 7.31.25,201,8f193404-d1a3-4e4a-8326-8f687e061717,17,1753993820.14,Forward,Rice WSOC,July,Thursday,3491.74,0.0,3.72913,3491.74,5.28895,639.93239,408.41662,163.89767,244.51103,272.69757,423.2633,56.87835,15.2362,81.15994,4.21127,103.12552
Kirsten Ruf,9a8fba27-951b-4253-aac1-ae31800ac075,07/31/2025,1753997880.33,Fitness Testing 7.31.25,201,8f193404-d1a3-4e4a-8326-8f687e061717,22,1753993820.14,Goalkeeper,Rice WSOC,July,Thursday,3530.83,0.0,1.50897,3530.83,6.62031,244.50744,159.27739,164.63133,95.81887,106.5978,157.63168,9.49379,15.27837,84.32214,1.71438,41.26712
Laurel Kelley,a3fa5f45-c40a-44d8-ae81-6ac82f3fc9ef,07/31/2025,1753997880.33,Fitness Testing 7.31.25,201,8f193404-d1a3-4e4a-8326-8f687e061717,21,1753993820.14,Forward,Rice WSOC,July,Thursday,3491.74,0.0,2.75323,3491.74,6.23532,490.1259,318.52614,174.99313,183.06718,221.34523,322.21289,34.29148,15.60431,97.73905,3.12032,76.13791
Lauren Pickup,ae01c819-c49a-41ef-aa65-20df1a8a40a9,07/31/2025,1753997880.33,Fitness Testing 7.31.25,201,8f193404-d1a3-4e4a-8326-8f687e061717,8,1753993820.14,Full Back,Rice WSOC,July,Thursday,3491.74,0.0,2.96067,3491.74,3.71057,456.3208,303.248,169.47123,174.06144,210.75955,290.83781,33.23391,16.53281,99.32608,3.38998,81.87445
Mariana Elizondo,c3d64405-eb5d-4fc0-a8df-06af8ad627bf,07/31/2025,1753997880.33,Fitness Testing 7.31.25,201,8f193404-d1a3-4e4a-8326-8f687e061717,10,1753993820.14,Central Midfielder,Rice WSOC,July,Thursday,3491.74,0.0,2.94766,3491.74,4.46299,522.16563,302.65328,172.25528,184.81493,200.64185,374.51618,32.84184,14.59761,88.69196,3.29106,81.51472
Sam Walker,ce80f564-5fb7-4c34-8faf-d75015152871,07/31/2025,1753997880.33,Fitness Testing 7.31.25,201,8f193404-d1a3-4e4a-8326-8f687e061717,30,1753993820.14,Goalkeeper,Rice WSOC,July,Thursday,3530.83,0.0,1.91999,3530.83,6.61916,332.73346,225.91289,211.57975,136.95211,150.10532,205.2619,13.42888,14.96621,90.26648,2.2169,52.50758
Dayo Tennyson,d0c5a2ec-d0d5-4ae1-bc9f-ae270bfc51e9,07/31/2025,1753997880.33,Fitness Testing 7.31.25,201,8f193404-d1a3-4e4a-8326-8f687e061717,3,1753993820.14,Full Back,Rice WSOC,July,Thursday,3491.74,0.0,2.17584,3491.74,4.82067,437.04675,289.11251,194.69983,179.14791,185.83125,270.90013,21.54466,15.90874,94.41174,2.55789,60.17065
Chelsea Cross,d654a3c8-46fc-4466-b132-8b2ba7258344,07/31/2025,1753997880.33,Fitness Testing 7.31.25,201,8f193404-d1a3-4e4a-8326-8f687e061717,24,1753993820.14,Central Midfielder,Rice WSOC,July,Thursday,3491.72,0.0,2.72278,3491.74,4.77875,502.01997,290.08771,135.71695,176.57581,192.28551,358.63644,39.40692,12.75676,57.10473,3.08445,75.94614
Olivia Duvall,d91f4f1a-979c-4c34-bb2f-a8b1f5176b9e,07/31/2025,1753997880.33,Fitness Testing 7.31.25,201,8f193404-d1a3-4e4a-8326-8f687e061717,14,1753993820.14,Forward,Rice WSOC,July,Thursday,3491.74,0.0,2.65596,3491.74,4.14668,405.91607,254.37576,141.30661,160.58921,163.23507,274.31334,27.67784,16.18919,92.01852,3.01123,73.44803
Camille Quarterman,e710b8f7-8542-490c-80f0-c110cb9ed839,07/31/2025,1753997880.33,Fitness Testing 7.31.25,201,8f193404-d1a3-4e4a-8326-8f687e061717,33,1753993820.14,Wide Midfielder,Rice WSOC,July,Thursday,3491.74,0.0,2.83812,3491.74,6.32047,457.62993,283.74456,160.08206,169.03996,193.40366,309.92188,36.70403,17.30576,111.39754,3.29666,78.48555
Mia Brumlow,e9141800-8f9c-4a98-8265-2ae17f48913e,07/31/2025,1753997880.33,Fitness Testing 7.31.25,201,8f193404-d1a3-4e4a-8326-8f687e061717,13,1753993820.14,Wide Midfielder,Rice WSOC,July,Thursday,3491.74,0.0,2.29864,3491.74,5.81454,406.00483,256.70733,138.75837,159.3181,168.74895,272.67544,25.23708,16.13544,95.02444,2.62932,63.56668
Jordyn Mariam,f7e75558-805b-459d-b944-ec8d5a5beeac,07/31/2025,1753997880.33,Fitness Testing 7.31.25,201,8f193404-d1a3-4e4a-8326-8f687e061717,5,1753993820.14,Wide Midfielder,Rice WSOC,July,Thursday,3491.74,0.0,2.67507,3491.74,4.81339,472.41434,317.73831,166.58847,187.25999,219.02156,291.54395,30.16695,16.16887,91.77897,3.04826,73.97647
Piper Biziorek,fb332127-6268-4995-a140-9076566dc702,07/31/2025,1753997880.33,Fitness Testing 7.31.25,201,8f193404-d1a3-4e4a-8326-8f687e061717,15,1753993820.14,Central Midfielder,Rice WSOC,July,Thursday,3491.74,0.0,3.74842,3491.74,6.45731,767.29079,535.66845,182.37629,308.11771,374.97282,458.61346,60.42495,15.37297,90.59079,4.31164,103.65886
Naija Bruckner,59840313-0841-4a21-a5b5-b8b24cad01b8,07/31/2025,1753975455.65,Organizational 7.31.25,201,43a2368a-a29a-40e2-afb6-a01a1ad01457,28,1753971622.41,Central Midfielder,Rice WSOC,July,Thursday,3631.72,0.0,1.92278,3631.72,5.57894,430.85783,263.07084,213.90702,155.7918,177.9934,296.65316,16.50861,17.53373,98.34827,2.32078,51.12312
Kirsten Ruf,9a8fba27-951b-4253-aac1-ae31800ac075,07/31/2025,1753975747.04,Organizational 7.31.25,201,43a2368a-a29a-40e2-afb6-a01a1ad01457,22,1753971622.41,Goalkeeper,Rice WSOC,July,Thursday,4004.93,0.0,1.90339,4004.93,6.74626,375.41586,256.93685,261.18597,159.85443,168.81465,230.04004,13.37519,16.25588,83.13416,2.26684,45.89147
Carsyn Martz,5ec6f0de-aa33-44a6-9b7e-676076c27478,07/31/2025,1753975455.65,Organizational 7.31.25,201,43a2368a-a29a-40e2-afb6-a01a1ad01457,20,1753971622.41,Wide Midfielder,Rice WSOC,July,Thursday,3631.72,0.0,2.07728,3631.72,3.6866,360.54171,234.74094,198.32733,150.28213,148.35725,236.42249,18.40869,17.48995,81.31725,2.41782,55.23104
Isabelle Kent,6e66b652-d707-4f6a-86d3-61696dab1831,07/31/2025,1753975455.65,Organizational 7.31.25,201,43a2368a-a29a-40e2-afb6-a01a1ad01457,2,1753971622.41,Full Back,Rice WSOC,July,Thursday,3631.72,0.0,1.7688,3631.72,3.2484,314.68992,201.87027,173.89147,124.96133,131.96841,205.67087,14.72252,14.81747,71.00915,2.00529,47.02909
Betty Velkova,8b0cb352-4da9-4349-b147-77a3736ea957,07/31/2025,1753997880.33,Fitness Testing 7.31.25,201,8f193404-d1a3-4e4a-8326-8f687e061717,19,1753993820.14,Forward,Rice WSOC,July,Thursday,3491.74,0.0,3.26554,3491.74,4.74046,636.54604,366.4101,179.96437,225.81251,238.80899,457.05122,38.76852,14.87983,88.36406,3.70108,90.30532
Sophie Zhang,713ce913-8f9b-41cb-b395-b08e3e69186f,07/31/2025,1753975455.65,Organizational 7.31.25,201,43a2368a-a29a-40e2-afb6-a01a1ad01457,9,1753971622.41,Forward,Rice WSOC,July,Thursday,3631.72,0.0,1.85302,3631.72,4.17524,419.97522,266.5542,220.13564,150.80859,187.82809,278.56054,15.15648,14.89728,78.1385,2.13707,49.26825
Allie Love,99ee597d-39b8-4fb7-9c63-0d052a15c0a8,07/31/2025,1753975455.65,Organizational 7.31.25,201,43a2368a-a29a-40e2-afb6-a01a1ad01457,17,1753971622.41,Forward,Rice WSOC,July,Thursday,3631.72,0.0,2.17917,3631.72,5.25079,473.38787,315.65377,260.60981,195.20829,206.19721,298.36308,18.39297,14.91279,65.89888,2.53313,57.94009
Eileen Albers,943afa05-aaac-4426-ba0c-1ebef4e76cb7,07/31/2025,1753975455.65,Organizational 7.31.25,201,43a2368a-a29a-40e2-afb6-a01a1ad01457,12,1753971622.41,Forward,Rice WSOC,July,Thursday,3631.72,0.0,1.78712,3631.72,5.37691,335.91235,194.10411,152.68897,118.7389,129.07105,242.04957,15.81468,16.4712,79.55157,2.06866,47.51629
Jadyn Jaeger,8e9bb6cd-180e-47be-afa1-39abe9300b25,07/31/2025,1753975455.65,Organizational 7.31.25,201,43a2368a-a29a-40e2-afb6-a01a1ad01457,11,1753971622.41,Full Back,Rice WSOC,July,Thursday,3631.72,0.0,2.04865,3631.72,3.88478,392.82899,269.57346,241.58249,182.84685,157.68154,234.40543,16.68656,16.54868,87.75528,2.40501,54.46973
Betty Velkova,8b0cb352-4da9-4349-b147-77a3736ea957,07/31/2025,1753975455.65,Organizational 7.31.25,201,43a2368a-a29a-40e2-afb6-a01a1ad01457,19,1753971622.41,Forward,Rice WSOC,July,Thursday,3631.72,0.0,2.20818,3631.72,5.59164,477.36681,285.80871,246.86385,171.6882,190.29139,333.86062,18.86873,15.82275,74.74157,2.54464,58.71137
Leah Chancey,85ed14d3-34f0-42fc-8477-c03064e998f4,07/31/2025,1753975455.65,Organizational 7.31.25,201,43a2368a-a29a-40e2-afb6-a01a1ad01457,23,1753971622.41,Central Midfielder,Rice WSOC,July,Thursday,3631.72,0.0,1.88169,3631.72,4.14912,342.79369,205.61776,184.95056,116.63646,142.93135,238.7152,15.8922,15.19464,77.21966,2.12757,50.0306
Taylor Rish,81828efc-2855-4216-a0d1-6a7c9201d5a0,07/31/2025,1753975455.65,Organizational 7.31.25,201,43a2368a-a29a-40e2-afb6-a01a1ad01457,7,1753971622.41,Full Back,Rice WSOC,July,Thursday,3631.72,0.0,1.9155,3631.72,3.589,298.45587,168.20387,153.22614,99.5624,114.07522,219.02682,16.08307,15.44185,83.67892,2.22906,50.92968
Jules Johnston,931babc9-289c-47bf-970a-22d756ac9f5a,07/31/2025,1753975455.65,Organizational 7.31.25,201,43a2368a-a29a-40e2-afb6-a01a1ad01457,25,1753971622.41,Forward,Rice WSOC,July,Thursday,3631.72,0.0,1.90139,3631.72,4.02065,403.92738,258.66723,216.08082,146.36576,181.49634,268.08698,16.94232,15.80187,73.10394,2.16296,50.55428
Leah Chancey,85ed14d3-34f0-42fc-8477-c03064e998f4,07/21/2025,1753099019.22,Conditioning 7.21.25,201,1e839746-bc3e-4ac9-9626-ce907c653445,23,1753095656.01,Central Midfielder,Rice WSOC,July,Monday,3069.09,0.0,1.60159,3069.11,4.42793,277.19989,153.30968,93.25195,86.79611,106.74746,206.20794,15.09596,15.69034,69.99734,1.74932,51.18645
Taylor Rish,81828efc-2855-4216-a0d1-6a7c9201d5a0,07/21/2025,1753099019.22,Conditioning 7.21.25,201,1e839746-bc3e-4ac9-9626-ce907c653445,7,1753095656.01,Full Back,Rice WSOC,July,Monday,3069.11,0.0,1.7377,3069.11,4.10972,245.28692,138.87403,80.56862,88.10996,88.62674,180.34653,15.80469,16.92761,81.18541,1.92425,54.67179
Kenzie Solomon,80afc22c-7b44-4cca-83af-4b9370cf2987,07/21/2025,1753099019.22,Conditioning 7.21.25,201,1e839746-bc3e-4ac9-9626-ce907c653445,1,1753095656.01,Goalkeeper,Rice WSOC,July,Monday,3069.11,0.0,1.11765,3069.11,4.42456,177.38687,113.03904,120.20042,61.81212,80.78308,115.3469,11.35716,16.06453,68.74358,1.22257,35.16349
Megan Sweeney,76ec7312-9b6e-4355-a747-4de0c8e2d8b9,07/21/2025,1753099019.22,Conditioning 7.21.25,201,1e839746-bc3e-4ac9-9626-ce907c653445,0,1753095656.01,Goalkeeper,Rice WSOC,July,Monday,3069.11,0.0,1.7679,3069.11,3.59255,300.20024,192.15707,123.44869,114.00248,130.08289,198.05252,18.69458,15.59271,69.75175,1.94621,55.62169
Betty Velkova,8b0cb352-4da9-4349-b147-77a3736ea957,07/21/2025,1753099019.22,Conditioning 7.21.25,201,1e839746-bc3e-4ac9-9626-ce907c653445,19,1753095656.01,Forward,Rice WSOC,July,Monday,3069.11,0.0,1.70188,3069.11,6.37935,300.49931,187.98842,114.94351,120.22797,117.16614,204.66338,18.79385,16.57099,74.24628,1.86449,53.54457
Carsyn Martz,5ec6f0de-aa33-44a6-9b7e-676076c27478,07/21/2025,1753099019.22,Conditioning 7.21.25,201,1e839746-bc3e-4ac9-9626-ce907c653445,20,1753095656.01,Wide Midfielder,Rice WSOC,July,Monday,3069.11,0.0,1.72881,3069.11,5.22863,300.71017,178.74984,108.53661,102.51494,124.78747,213.36055,19.13609,17.44202,84.25012,1.90822,54.39204
Naija Bruckner,59840313-0841-4a21-a5b5-b8b24cad01b8,07/21/2025,1753101985.12,Conditioning 7.21.25,201,1e839746-bc3e-4ac9-9626-ce907c653445,28,1753095656.01,Central Midfielder,Rice WSOC,July,Monday,5696.87,0.0,4.07222,5696.87,5.02644,523.71599,306.05174,189.56837,179.14392,209.65549,376.67939,60.33968,17.13721,371.94037,5.1073,69.02319
Lauren Pickup,ae01c819-c49a-41ef-aa65-20df1a8a40a9,07/21/2025,1753099019.22,Conditioning 7.21.25,201,1e839746-bc3e-4ac9-9626-ce907c653445,8,1753095656.01,Full Back,Rice WSOC,July,Monday,3069.11,0.0,1.72939,3069.11,3.76552,264.57628,170.36207,109.59026,99.65231,116.5252,175.82505,16.85175,16.83198,85.10085,1.92276,54.41019
Jessica Molina,49ee30cf-715d-49d2-bfd4-f208c806a5db,07/21/2025,1753099019.22,Conditioning 7.21.25,201,1e839746-bc3e-4ac9-9626-ce907c653445,16,1753095656.01,Forward,Rice WSOC,July,Monday,3069.11,0.0,1.76995,3069.11,3.65043,269.13498,173.3154,110.55378,117.2554,103.04299,181.98262,16.14722,17.06112,83.85356,1.91389,55.68628
Kenna Sanders,457dc155-bdf2-48cc-8a59-2f0b4ec42ae2,07/21/2025,1753099019.22,Conditioning 7.21.25,201,1e839746-bc3e-4ac9-9626-ce907c653445,18,1753095656.01,Forward,Rice WSOC,July,Monday,3069.09,0.0,1.61225,3069.11,3.94499,315.75327,206.57565,131.81873,127.1115,133.74587,203.40042,17.51012,14.71668,62.74298,1.73461,55.17031
Jadyn Jaeger,8e9bb6cd-180e-47be-afa1-39abe9300b25,07/21/2025,1753099019.22,Conditioning 7.21.25,201,1e839746-bc3e-4ac9-9626-ce907c653445,11,1753095656.01,Full Back,Rice WSOC,July,Monday,3069.11,0.0,1.68884,3069.11,3.62158,218.73238,140.71455,84.86284,93.05832,86.41501,145.97061,16.02503,17.11155,82.55347,1.88117,53.13435
Jules Johnston,931babc9-289c-47bf-970a-22d756ac9f5a,07/21/2025,1753099019.22,Conditioning 7.21.25,201,1e839746-bc3e-4ac9-9626-ce907c653445,25,1753095656.01,Forward,Rice WSOC,July,Monday,3069.11,0.0,1.69266,3069.11,3.8558,289.53991,189.46757,110.17402,111.40503,129.07694,188.35796,15.57845,16.81544,79.78082,1.85247,53.25477
Eileen Albers,943afa05-aaac-4426-ba0c-1ebef4e76cb7,07/21/2025,1753099019.22,Conditioning 7.21.25,201,1e839746-bc3e-4ac9-9626-ce907c653445,12,1753095656.01,Forward,Rice WSOC,July,Monday,3069.11,0.0,1.68281,3069.11,3.40365,293.11829,160.24104,99.55541,97.79338,107.63634,221.77625,17.40953,15.48052,91.72853,1.88532,52.94459
Kirsten Ruf,9a8fba27-951b-4253-aac1-ae31800ac075,07/21/2025,1753099019.22,Conditioning 7.21.25,201,1e839746-bc3e-4ac9-9626-ce907c653445,22,1753095656.01,Goalkeeper,Rice WSOC,July,Monday,3069.11,0.0,0.95296,3069.11,4.53375,165.08145,104.88418,102.86804,63.18484,70.31827,110.00721,8.37775,16.26455,70.08777,1.06793,29.98198
Isabelle Kent,6e66b652-d707-4f6a-86d3-61696dab1831,07/21/2025,1753099019.22,Conditioning 7.21.25,201,1e839746-bc3e-4ac9-9626-ce907c653445,2,1753095656.01,Full Back,Rice WSOC,July,Monday,3069.11,0.0,1.65848,3069.11,3.77799,231.21582,145.47938,86.01722,88.69093,95.4735,152.40421,20.11705,16.082,72.88201,1.80462,52.17911
Sam Walker,ce80f564-5fb7-4c34-8faf-d75015152871,07/21/2025,1753099019.22,Conditioning 7.21.25,201,1e839746-bc3e-4ac9-9626-ce907c653445,30,1753095656.01,Goalkeeper,Rice WSOC,July,Monday,3069.11,0.0,1.74306,3069.11,4.98818,316.68143,204.51844,110.71391,121.15302,136.60163,208.74667,16.6306,16.38114,77.70329,1.9395,54.84032
Laurel Kelley,a3fa5f45-c40a-44d8-ae81-6ac82f3fc9ef,07/21/2025,1753099019.22,Conditioning 7.21.25,201,1e839746-bc3e-4ac9-9626-ce907c653445,21,1753095656.01,Forward,Rice WSOC,July,Monday,3069.11,0.0,1.66043,3069.11,3.75973,276.12396,167.38971,104.24961,101.44539,110.18724,193.90183,17.93324,16.57777,69.97866,1.8475,52.24056
Jordyn Mariam,f7e75558-805b-459d-b944-ec8d5a5beeac,07/21/2025,1753099019.22,Conditioning 7.21.25,201,1e839746-bc3e-4ac9-9626-ce907c653445,5,1753095656.01,Wide Midfielder,Rice WSOC,July,Monday,3069.11,0.0,1.755,3069.11,4.64413,297.18489,193.15676,124.9897,120.84089,123.82064,190.58649,16.59791,17.0776,86.94263,1.94688,55.21605
Chelsea Cross,d654a3c8-46fc-4466-b132-8b2ba7258344,07/21/2025,1753099019.22,Conditioning 7.21.25,201,1e839746-bc3e-4ac9-9626-ce907c653445,24,1753095656.01,Central Midfielder,Rice WSOC,July,Monday,3069.11,0.0,1.74934,3069.11,4.37857,323.97214,179.79301,103.0942,97.9518,129.13874,237.47253,17.58904,15.123,69.77573,1.92011,55.03791
Olivia Duvall,d91f4f1a-979c-4c34-bb2f-a8b1f5176b9e,07/21/2025,1753099019.22,Conditioning 7.21.25,201,1e839746-bc3e-4ac9-9626-ce907c653445,14,1753095656.01,Forward,Rice WSOC,July,Monday,3069.11,0.0,1.66947,3069.11,4.29602,262.71076,170.5396,94.80683,110.64336,105.38964,172.522,17.86291,17.30143,85.93068,1.84526,52.52506
Dayo Tennyson,d0c5a2ec-d0d5-4ae1-bc9f-ae270bfc51e9,07/21/2025,1753099019.22,Conditioning 7.21.25,201,1e839746-bc3e-4ac9-9626-ce907c653445,3,1753095656.01,Full Back,Rice WSOC,July,Monday,3069.11,0.0,1.67755,3069.11,6.91542,332.70251,223.11578,140.87207,144.51971,139.40094,201.36169,17.06591,18.61268,101.45319,1.88193,52.77932
Mariana Elizondo,c3d64405-eb5d-4fc0-a8df-06af8ad627bf,07/18/2025,1752840548.66,Conditioning 7.18.25,201,b8610c84-f324-4c3a-8733-1a04b95c29f1,10,1752839815.03,Central Midfielder,Rice WSOC,July,Friday,733.63,0.0,1.06399,733.63,3.2807,186.94003,112.20449,9.90763,65.05693,77.14776,130.10978,27.66825,12.49666,47.82125,1.08453,140.04267
Carsyn Martz,5ec6f0de-aa33-44a6-9b7e-676076c27478,07/18/2025,1752840548.66,Conditioning 7.18.25,201,b8610c84-f324-4c3a-8733-1a04b95c29f1,20,1752839815.03,Wide Midfielder,Rice WSOC,July,Friday,733.63,0.0,1.07441,733.63,3.08964,184.29169,101.76317,13.36498,64.87971,65.16372,136.93498,26.68448,12.18699,43.89828,1.09256,141.41421
Chelsea Cross,d654a3c8-46fc-4466-b132-8b2ba7258344,07/18/2025,1752840548.66,Conditioning 7.18.25,201,b8610c84-f324-4c3a-8733-1a04b95c29f1,24,1752839815.03,Central Midfielder,Rice WSOC,July,Friday,733.63,0.0,1.03327,733.63,3.35377,231.3873,126.9597,8.52162,70.91096,90.74671,168.98439,25.98216,13.07958,52.27882,1.05321,135.99962
Dayo Tennyson,d0c5a2ec-d0d5-4ae1-bc9f-ae270bfc51e9,07/18/2025,1752840548.66,Conditioning 7.18.25,201,b8610c84-f324-4c3a-8733-1a04b95c29f1,3,1752839815.03,Full Back,Rice WSOC,July,Friday,733.63,0.0,1.03052,733.63,2.82075,183.43263,107.79994,15.2579,72.26469,64.79989,123.79907,22.01965,11.4861,45.39334,1.05742,135.63797
Sam Walker,ce80f564-5fb7-4c34-8faf-d75015152871,07/18/2025,1752840786.74,Conditioning 7.18.25,201,b8610c84-f324-4c3a-8733-1a04b95c29f1,30,1752839938.23,Goalkeeper,Rice WSOC,July,Friday,848.51,0.0,0.34443,848.51,2.79055,90.59389,62.49005,55.90154,35.52751,43.30028,55.39536,1.44798,7.09161,58.59648,0.57388,39.1957
Kenna Sanders,457dc155-bdf2-48cc-8a59-2f0b4ec42ae2,07/18/2025,1752840548.66,Conditioning 7.18.25,201,b8610c84-f324-4c3a-8733-1a04b95c29f1,18,1752839815.03,Forward,Rice WSOC,July,Friday,733.63,0.0,1.08753,733.63,2.55064,191.68594,119.71223,13.56035,77.58501,74.13326,130.28853,28.68984,12.2809,53.1414,1.10576,143.14143
Jessica Molina,49ee30cf-715d-49d2-bfd4-f208c806a5db,07/18/2025,1752840548.66,Conditioning 7.18.25,201,b8610c84-f324-4c3a-8733-1a04b95c29f1,16,1752839815.03,Forward,Rice WSOC,July,Friday,733.63,0.0,1.02895,733.63,1.92545,139.20627,76.72127,11.72724,47.14266,51.37171,105.41411,20.51096,10.67527,36.89054,1.04017,135.43139
Naija Bruckner,59840313-0841-4a21-a5b5-b8b24cad01b8,07/18/2025,1752842355.84,Conditioning 7.18.25,201,b8610c84-f324-4c3a-8733-1a04b95c29f1,28,1752839815.03,Central Midfielder,Rice WSOC,July,Friday,1877.06,0.0,1.9697,1877.06,3.03603,359.10646,223.00667,93.70702,135.78144,145.60738,246.78557,38.07125,13.03243,48.58052,2.11847,101.32606
Isabelle Kent,6e66b652-d707-4f6a-86d3-61696dab1831,07/18/2025,1752840548.66,Conditioning 7.18.25,201,b8610c84-f324-4c3a-8733-1a04b95c29f1,2,1752839815.03,Full Back,Rice WSOC,July,Friday,733.63,0.0,1.01248,733.63,1.89501,134.72318,81.23494,10.81463,52.54821,50.35951,92.1207,20.79227,10.76421,35.02424,1.02363,133.26252
Lauren Pickup,ae01c819-c49a-41ef-aa65-20df1a8a40a9,07/18/2025,1752840548.66,Conditioning 7.18.25,201,b8610c84-f324-4c3a-8733-1a04b95c29f1,8,1752839815.03,Full Back,Rice WSOC,July,Friday,733.63,0.0,1.06325,733.63,2.45092,170.40804,116.72765,13.52364,67.49727,80.6345,107.25398,28.07908,11.95609,50.86372,1.08074,139.9447
Megan Sweeney,76ec7312-9b6e-4355-a747-4de0c8e2d8b9,07/18/2025,1752840786.74,Conditioning 7.18.25,201,b8610c84-f324-4c3a-8733-1a04b95c29f1,0,1752839938.23,Goalkeeper,Rice WSOC,July,Friday,848.51,0.0,0.36345,848.51,3.07572,91.19972,60.24757,62.6283,39.65625,37.33948,59.35708,1.5462,7.36401,50.56809,0.56715,41.36041
Olivia Duvall,d91f4f1a-979c-4c34-bb2f-a8b1f5176b9e,07/18/2025,1752840548.66,Conditioning 7.18.25,201,b8610c84-f324-4c3a-8733-1a04b95c29f1,14,1752839815.03,Forward,Rice WSOC,July,Friday,733.63,0.0,1.02141,733.63,2.38455,170.87018,88.39444,7.13671,55.69612,57.63625,133.48604,25.63035,12.45271,51.87221,1.04018,134.43795
Taylor Rish,81828efc-2855-4216-a0d1-6a7c9201d5a0,07/18/2025,1752840548.66,Conditioning 7.18.25,201,b8610c84-f324-4c3a-8733-1a04b95c29f1,7,1752839815.03,Full Back,Rice WSOC,July,Friday,733.63,0.0,1.00786,733.63,2.09569,123.7798,68.33643,10.10224,46.28695,40.72207,91.74603,20.59888,11.72283,37.96478,1.02271,132.65429
Jules Johnston,931babc9-289c-47bf-970a-22d756ac9f5a,07/18/2025,1752840548.66,Conditioning 7.18.25,201,b8610c84-f324-4c3a-8733-1a04b95c29f1,25,1752839815.03,Forward,Rice WSOC,July,Friday,733.63,0.0,1.03847,733.63,2.77709,181.97585,126.77655,7.81313,77.43016,83.79691,110.50492,25.93204,12.29152,48.13107,1.05587,136.68367
Eileen Albers,943afa05-aaac-4426-ba0c-1ebef4e76cb7,07/18/2025,1752840548.66,Conditioning 7.18.25,201,b8610c84-f324-4c3a-8733-1a04b95c29f1,12,1752839815.03,Forward,Rice WSOC,July,Friday,733.63,0.0,1.01479,733.63,2.96939,207.2502,106.56148,6.46682,62.28101,74.15574,164.30386,25.60654,12.1738,51.8143,1.03202,133.56733
Laurel Kelley,a3fa5f45-c40a-44d8-ae81-6ac82f3fc9ef,07/18/2025,1752840548.66,Conditioning 7.18.25,201,b8610c84-f324-4c3a-8733-1a04b95c29f1,21,1752839815.03,Forward,Rice WSOC,July,Friday,733.63,0.0,1.04179,733.63,2.18529,146.91565,85.91747,11.3002,49.7234,58.70184,106.26472,23.59807,11.76234,53.56974,1.05793,137.12073
Kenzie Solomon,80afc22c-7b44-4cca-83af-4b9370cf2987,07/18/2025,1752840786.74,Conditioning 7.18.25,201,b8610c84-f324-4c3a-8733-1a04b95c29f1,1,1752839938.23,Goalkeeper,Rice WSOC,July,Friday,848.51,0.0,0.36176,848.51,3.248,105.89833,65.71857,74.09213,41.04627,42.56446,72.38165,1.48029,6.92009,53.44239,0.55536,41.168
Jules Johnston,931babc9-289c-47bf-970a-22d756ac9f5a,07/17/2025,1752755067.89,Conditioning 7.17.25,201,c49ffc63-e808-46ff-92d7-434793723267,25,1752754103.34,Forward,Rice WSOC,July,Thursday,964.55,0.0,0.91383,964.55,2.94625,166.07198,97.47741,28.52512,53.32996,70.07124,119.23133,16.81092,12.16729,74.71054,1.17032,91.48297
Jadyn Jaeger,8e9bb6cd-180e-47be-afa1-39abe9300b25,07/17/2025,1752755067.89,Conditioning 7.17.25,201,c49ffc63-e808-46ff-92d7-434793723267,11,1752754103.34,Full Back,Rice WSOC,July,Thursday,964.55,0.0,0.95553,964.55,2.71006,169.38809,155.25128,36.40233,93.69355,102.68932,52.57463,15.98093,13.79978,98.56108,1.3688,95.6575
Eileen Albers,943afa05-aaac-4426-ba0c-1ebef4e76cb7,07/17/2025,1752755067.89,Conditioning 7.17.25,201,c49ffc63-e808-46ff-92d7-434793723267,12,1752754103.34,Forward,Rice WSOC,July,Thursday,964.55,0.0,0.87556,964.55,3.17965,175.38887,89.70805,21.48184,53.62141,60.18262,136.7884,16.66687,12.89646,76.30112,1.1938,87.65183
Olivia Duvall,d91f4f1a-979c-4c34-bb2f-a8b1f5176b9e,07/17/2025,1752755067.89,Conditioning 7.17.25,201,c49ffc63-e808-46ff-92d7-434793723267,14,1752754103.34,Forward,Rice WSOC,July,Thursday,964.55,0.0,0.90813,964.55,2.76299,144.50896,87.11605,22.47626,55.1378,55.31652,101.6402,16.92741,12.78596,83.03021,1.24035,90.91218
Chelsea Cross,d654a3c8-46fc-4466-b132-8b2ba7258344,07/17/2025,1752755067.89,Conditioning 7.17.25,201,c49ffc63-e808-46ff-92d7-434793723267,24,1752754103.34,Central Midfielder,Rice WSOC,July,Thursday,964.55,0.0,0.92797,964.55,3.35296,200.6312,106.38159,23.97747,61.5546,73.27373,152.20958,18.21536,12.83405,60.61171,1.24115,92.89815
Dayo Tennyson,d0c5a2ec-d0d5-4ae1-bc9f-ae270bfc51e9,07/17/2025,1752755067.89,Conditioning 7.17.25,201,c49ffc63-e808-46ff-92d7-434793723267,3,1752754103.34,Full Back,Rice WSOC,July,Thursday,964.55,0.0,0.89975,964.55,2.73886,164.59407,103.40129,28.86952,65.16819,65.57396,106.84537,16.39414,11.80352,74.66932,1.18047,90.07341
Sam Walker,ce80f564-5fb7-4c34-8faf-d75015152871,07/17/2025,1752755067.89,Conditioning 7.17.25,201,c49ffc63-e808-46ff-92d7-434793723267,30,1752754103.34,Goalkeeper,Rice WSOC,July,Thursday,964.55,0.0,0.95612,964.55,2.84379,187.44781,124.54914,28.07805,72.11585,84.79624,121.22169,19.60423,12.98286,69.64859,1.2468,95.71622
Mariana Elizondo,c3d64405-eb5d-4fc0-a8df-06af8ad627bf,07/17/2025,1752755067.89,Conditioning 7.17.25,201,c49ffc63-e808-46ff-92d7-434793723267,10,1752754103.34,Central Midfielder,Rice WSOC,July,Thursday,964.55,0.0,0.90475,964.55,3.48353,190.37869,112.81877,29.81598,69.28574,74.40542,134.76974,16.73883,12.55893,69.93787,1.21346,90.57372
Lauren Pickup,ae01c819-c49a-41ef-aa65-20df1a8a40a9,07/17/2025,1752755067.89,Conditioning 7.17.25,201,c49ffc63-e808-46ff-92d7-434793723267,8,1752754103.34,Full Back,Rice WSOC,July,Thursday,964.55,0.0,0.97144,964.55,2.38631,155.19189,97.86578,30.00157,55.57537,68.03032,106.16829,19.54581,12.9937,70.06986,1.27952,97.25064
Laurel Kelley,a3fa5f45-c40a-44d8-ae81-6ac82f3fc9ef,07/17/2025,1752755067.89,Conditioning 7.17.25,201,c49ffc63-e808-46ff-92d7-434793723267,21,1752754103.34,Forward,Rice WSOC,July,Thursday,964.55,0.0,0.92161,964.55,3.86654,172.65315,107.61571,32.3024,64.03704,72.35238,119.44788,16.89081,13.06342,78.58497,1.23625,92.26154
Kirsten Ruf,9a8fba27-951b-4253-aac1-ae31800ac075,07/17/2025,1752755067.89,Conditioning 7.17.25,201,c49ffc63-e808-46ff-92d7-434793723267,22,1752754103.34,Goalkeeper,Rice WSOC,July,Thursday,964.55,0.0,0.90645,964.55,3.46765,167.19568,110.78402,25.10699,64.17125,76.56424,108.04332,17.47388,12.73724,64.74702,1.21435,90.74441
Mia Brumlow,e9141800-8f9c-4a98-8265-2ae17f48913e,07/17/2025,1752755143.0,Conditioning 7.17.25,201,c49ffc63-e808-46ff-92d7-434793723267,13,1752753665.0,Wide Midfielder,Rice WSOC,July,Thursday,1477.98,0.0,0.96863,1478.0,3.19053,178.39151,106.46811,35.33624,66.43868,68.69893,128.06296,18.50155,12.58129,66.72581,1.24756,64.16358
Betty Velkova,8b0cb352-4da9-4349-b147-77a3736ea957,07/17/2025,1752755067.89,Conditioning 7.17.25,201,c49ffc63-e808-46ff-92d7-434793723267,19,1752754103.34,Forward,Rice WSOC,July,Thursday,964.55,0.0,1.1296,964.55,3.11582,201.5573,124.03791,23.10143,78.93999,77.42036,139.8359,26.78821,13.47095,59.93142,1.23801,113.08341
Taylor Rish,81828efc-2855-4216-a0d1-6a7c9201d5a0,07/17/2025,1752755067.89,Conditioning 7.17.25,201,c49ffc63-e808-46ff-92d7-434793723267,7,1752754103.34,Full Back,Rice WSOC,July,Thursday,964.55,0.0,0.94384,964.55,3.03404,184.67072,106.13903,27.81198,66.85742,69.08095,129.70574,16.71115,12.35523,77.77124,1.21952,94.48736
Kenzie Solomon,80afc22c-7b44-4cca-83af-4b9370cf2987,07/17/2025,1752755067.89,Conditioning 7.17.25,201,c49ffc63-e808-46ff-92d7-434793723267,1,1752754103.34,Goalkeeper,Rice WSOC,July,Thursday,964.55,0.0,0.99033,964.55,3.63801,209.47386,120.71559,35.27448,71.43089,82.27705,154.78717,18.04653,12.54865,60.34978,1.23051,99.14186
Megan Sweeney,76ec7312-9b6e-4355-a747-4de0c8e2d8b9,07/17/2025,1752755067.89,Conditioning 7.17.25,201,c49ffc63-e808-46ff-92d7-434793723267,0,1752754103.34,Goalkeeper,Rice WSOC,July,Thursday,964.55,0.0,1.03841,964.55,2.96861,195.67613,120.65839,37.09559,73.47009,82.43542,138.55764,20.85686,12.47079,70.7307,1.33538,103.95487
Isabelle Kent,6e66b652-d707-4f6a-86d3-61696dab1831,07/17/2025,1752755067.89,Conditioning 7.17.25,201,c49ffc63-e808-46ff-92d7-434793723267,2,1752754103.34,Full Back,Rice WSOC,July,Thursday,964.55,0.0,0.87052,964.55,3.06211,149.59293,96.53777,19.78768,58.72888,64.2335,96.92361,16.49349,12.23469,61.35621,1.12236,87.14778
Naija Bruckner,59840313-0841-4a21-a5b5-b8b24cad01b8,07/17/2025,1752755067.89,Conditioning 7.17.25,201,c49ffc63-e808-46ff-92d7-434793723267,28,1752754103.34,Central Midfielder,Rice WSOC,July,Thursday,964.55,0.0,0.93429,964.55,3.2923,169.27798,99.64661,21.47603,58.99835,67.32215,122.91685,18.24353,12.71004,72.98109,1.2599,93.53108
Jessica Molina,49ee30cf-715d-49d2-bfd4-f208c806a5db,07/17/2025,1752755067.89,Conditioning 7.17.25,201,c49ffc63-e808-46ff-92d7-434793723267,16,1752754103.34,Forward,Rice WSOC,July,Thursday,964.55,0.0,0.91292,964.55,2.62423,148.47452,76.97487,25.57725,48.5439,49.5783,115.29724,16.58394,11.4863,74.03725,1.14777,91.39241
Kenna Sanders,457dc155-bdf2-48cc-8a59-2f0b4ec42ae2,07/17/2025,1752755067.89,Conditioning 7.17.25,201,c49ffc63-e808-46ff-92d7-434793723267,18,1752754103.34,Forward,Rice WSOC,July,Thursday,964.55,0.0,0.94685,964.55,3.20022,192.99321,129.24381,33.18571,84.279,78.79298,121.05731,18.61746,11.54862,66.9873,1.18264,94.78838
Megan Sweeney,76ec7312-9b6e-4355-a747-4de0c8e2d8b9,07/16/2025,1752667457.03,Conditioning 7.16.25,201,377f66a9-050e-4b8c-b335-37f113499592,0,1752663543.68,Goalkeeper,Rice WSOC,July,Wednesday,3459.51,0.0,1.98877,3459.51,3.92061,383.77165,240.27169,212.72172,152.64852,154.0092,261.12315,16.45891,11.63677,74.47254,2.43134,55.50984
Isabelle Kent,6e66b652-d707-4f6a-86d3-61696dab1831,07/16/2025,1752667457.03,Conditioning 7.16.25,201,377f66a9-050e-4b8c-b335-37f113499592,2,1752663543.68,Full Back,Rice WSOC,July,Wednesday,3459.51,0.0,1.6962,3459.51,3.32597,287.96127,183.37711,179.08144,105.49445,127.02677,188.29665,18.28552,10.60901,71.81772,2.03766,47.34388
Kenna Sanders,457dc155-bdf2-48cc-8a59-2f0b4ec42ae2,07/16/2025,1752667457.03,Conditioning 7.16.25,201,377f66a9-050e-4b8c-b335-37f113499592,18,1752663543.68,Forward,Rice WSOC,July,Wednesday,3459.49,0.0,1.83411,3459.51,4.12435,370.46838,240.34254,231.57826,137.66551,166.5884,242.6014,18.29957,12.28994,68.21781,2.22858,51.70123
Jessica Molina,49ee30cf-715d-49d2-bfd4-f208c806a5db,07/16/2025,1752667457.03,Conditioning 7.16.25,201,377f66a9-050e-4b8c-b335-37f113499592,16,1752663543.68,Forward,Rice WSOC,July,Wednesday,3459.51,0.0,1.67895,3459.51,3.29132,283.63165,176.80765,176.74906,108.30922,115.98833,193.87913,14.3348,12.2713,79.84616,2.0574,46.8623
Carsyn Martz,5ec6f0de-aa33-44a6-9b7e-676076c27478,07/16/2025,1752667457.03,Conditioning 7.16.25,201,377f66a9-050e-4b8c-b335-37f113499592,20,1752663543.68,Wide Midfielder,Rice WSOC,July,Wednesday,3459.51,0.0,1.7757,3459.51,3.27321,305.26149,192.69086,196.46118,118.86075,127.07142,206.59194,12.95715,11.79092,79.83316,2.18453,49.56281
Kenzie Solomon,80afc22c-7b44-4cca-83af-4b9370cf2987,07/16/2025,1752667457.03,Conditioning 7.16.25,201,377f66a9-050e-4b8c-b335-37f113499592,1,1752663543.68,Goalkeeper,Rice WSOC,July,Wednesday,3459.49,0.0,1.78995,3459.51,4.93077,334.67052,206.42168,212.02417,119.65688,142.47673,227.16854,11.27958,11.48007,71.99223,2.17185,51.76799
Taylor Rish,81828efc-2855-4216-a0d1-6a7c9201d5a0,07/16/2025,1752667457.03,Conditioning 7.16.25,201,377f66a9-050e-4b8c-b335-37f113499592,7,1752663543.68,Full Back,Rice WSOC,July,Wednesday,3459.49,0.0,1.84136,3459.51,3.89575,329.75243,207.89545,191.4038,120.94269,143.99715,222.32434,12.33276,12.53219,81.28806,2.29299,52.05584
Leah Chancey,85ed14d3-34f0-42fc-8477-c03064e998f4,07/16/2025,1752667457.03,Conditioning 7.16.25,201,377f66a9-050e-4b8c-b335-37f113499592,23,1752663543.68,Central Midfielder,Rice WSOC,July,Wednesday,3459.49,0.0,1.62876,3459.51,3.16567,271.68005,166.67112,171.43522,97.68424,113.23738,186.15161,12.539,11.43077,69.81533,1.98974,45.82033
Betty Velkova,8b0cb352-4da9-4349-b147-77a3736ea957,07/16/2025,1752667457.03,Conditioning 7.16.25,201,377f66a9-050e-4b8c-b335-37f113499592,19,1752663543.68,Forward,Rice WSOC,July,Wednesday,3459.51,0.0,1.73976,3459.51,7.20516,379.37987,240.85384,222.70739,136.63796,169.07553,251.06679,14.26759,13.00716,76.16096,2.18776,48.5597
Jadyn Jaeger,8e9bb6cd-180e-47be-afa1-39abe9300b25,07/16/2025,1752667457.03,Conditioning 7.16.25,201,377f66a9-050e-4b8c-b335-37f113499592,11,1752663543.68,Full Back,Rice WSOC,July,Wednesday,3459.51,0.0,1.82516,3459.51,3.41914,291.70698,194.57621,172.75399,126.21749,121.24446,184.80187,15.26105,11.94686,89.57545,2.29983,50.94335
Jules Johnston,931babc9-289c-47bf-970a-22d756ac9f5a,07/16/2025,1752667457.03,Conditioning 7.16.25,201,377f66a9-050e-4b8c-b335-37f113499592,25,1752663543.68,Forward,Rice WSOC,July,Wednesday,3459.51,0.0,1.71443,3459.51,3.72796,288.81266,184.03055,179.76539,113.30171,120.79289,193.96101,11.84059,11.33957,74.41552,2.09066,47.85256
Eileen Albers,943afa05-aaac-4426-ba0c-1ebef4e76cb7,07/16/2025,1752667457.03,Conditioning 7.16.25,201,377f66a9-050e-4b8c-b335-37f113499592,12,1752663543.68,Forward,Rice WSOC,July,Wednesday,3459.51,0.0,1.88425,3459.51,5.99673,375.93661,296.82686,224.79454,161.51418,216.12454,186.0283,12.24916,13.60978,148.16643,2.46932,52.59265
Kirsten Ruf,9a8fba27-951b-4253-aac1-ae31800ac075,07/16/2025,1752667457.03,Conditioning 7.16.25,201,377f66a9-050e-4b8c-b335-37f113499592,22,1752663543.68,Goalkeeper,Rice WSOC,July,Wednesday,3459.51,0.0,1.5269,3459.51,5.31171,299.92754,197.67725,184.34191,120.35754,132.02253,192.81851,15.59689,11.45503,75.21425,1.92164,42.61837
Laurel Kelley,a3fa5f45-c40a-44d8-ae81-6ac82f3fc9ef,07/16/2025,1752667457.03,Conditioning 7.16.25,201,377f66a9-050e-4b8c-b335-37f113499592,21,1752663543.68,Forward,Rice WSOC,July,Wednesday,3459.49,0.0,1.82172,3459.51,3.39643,356.24775,227.14157,215.13622,128.47806,159.57931,239.33576,12.99267,12.15612,79.81808,2.31291,51.28889
Lauren Pickup,ae01c819-c49a-41ef-aa65-20df1a8a40a9,07/16/2025,1752667457.03,Conditioning 7.16.25,201,377f66a9-050e-4b8c-b335-37f113499592,8,1752663543.68,Full Back,Rice WSOC,July,Wednesday,3459.51,0.0,2.03153,3459.51,3.36812,328.72764,262.51799,220.72745,141.43102,188.54299,154.31739,12.49347,12.31364,85.31423,2.46944,56.70337
Mariana Elizondo,c3d64405-eb5d-4fc0-a8df-06af8ad627bf,07/16/2025,1752667457.03,Conditioning 7.16.25,201,377f66a9-050e-4b8c-b335-37f113499592,10,1752663543.68,Central Midfielder,Rice WSOC,July,Wednesday,3459.51,0.0,2.0427,3459.51,3.42953,426.12959,271.31204,236.85239,162.3045,184.31766,281.72285,21.00924,11.98907,80.58344,2.51211,57.01526
Sam Walker,ce80f564-5fb7-4c34-8faf-d75015152871,07/16/2025,1752667457.03,Conditioning 7.16.25,201,377f66a9-050e-4b8c-b335-37f113499592,30,1752663543.68,Goalkeeper,Rice WSOC,July,Wednesday,3459.51,0.0,1.90598,3459.51,5.8178,341.88066,224.23837,188.94525,131.98804,151.54647,220.35733,16.75541,12.20768,75.62169,2.3667,53.19896
Dayo Tennyson,d0c5a2ec-d0d5-4ae1-bc9f-ae270bfc51e9,07/16/2025,1752667457.03,Conditioning 7.16.25,201,377f66a9-050e-4b8c-b335-37f113499592,3,1752663543.68,Full Back,Rice WSOC,July,Wednesday,3459.51,0.0,1.6401,3459.51,3.66746,364.05439,231.15019,238.77201,136.60099,155.17517,235.67079,9.69319,12.55698,100.59386,2.13692,45.77782
Chelsea Cross,d654a3c8-46fc-4466-b132-8b2ba7258344,07/16/2025,1752667457.03,Conditioning 7.16.25,201,377f66a9-050e-4b8c-b335-37f113499592,24,1752663543.68,Central Midfielder,Rice WSOC,July,Wednesday,3459.51,0.0,1.75022,3459.51,3.24954,335.7365,198.9355,184.49,115.99551,136.70513,235.37004,16.15159,11.19094,67.46883,2.21697,48.85159
Olivia Duvall,d91f4f1a-979c-4c34-bb2f-a8b1f5176b9e,07/16/2025,1752667457.03,Conditioning 7.16.25,201,377f66a9-050e-4b8c-b335-37f113499592,14,1752663543.68,Forward,Rice WSOC,July,Wednesday,3459.49,0.0,1.66117,3459.51,3.75082,286.12388,176.6117,165.67094,106.97284,118.87411,194.45358,10.19715,12.39419,99.58299,2.12524,47.7788
Mia Brumlow,e9141800-8f9c-4a98-8265-2ae17f48913e,07/16/2025,1752667457.03,Conditioning 7.16.25,201,377f66a9-050e-4b8c-b335-37f113499592,13,1752663543.68,Wide Midfielder,Rice WSOC,July,Wednesday,3459.51,0.0,1.65359,3459.51,3.30759,276.7944,167.11168,165.27997,96.81074,115.22655,195.9432,12.63931,11.71167,90.246,2.10412,46.15433
Jordyn Mariam,f7e75558-805b-459d-b944-ec8d5a5beeac,07/16/2025,1752667457.03,Conditioning 7.16.25,201,377f66a9-050e-4b8c-b335-37f113499592,5,1752663543.68,Wide Midfielder,Rice WSOC,July,Wednesday,3459.51,0.0,1.92904,3459.51,4.11187,339.30893,220.51008,183.62969,139.66366,140.69676,219.67276,20.69095,12.28749,91.86163,2.43421,53.84257
Naija Bruckner,59840313-0841-4a21-a5b5-b8b24cad01b8,07/16/2025,1752668893.99,Conditioning 7.16.25,201,377f66a9-050e-4b8c-b335-37f113499592,28,1752663543.68,Central Midfielder,Rice WSOC,July,Wednesday,4730.14,0.0,2.6507,4730.14,4.27517,518.36431,312.36645,257.64635,182.46828,213.97849,361.12005,21.55778,13.59391,87.0213,3.29783,54.11105
Chelsea Cross,d654a3c8-46fc-4466-b132-8b2ba7258344,07/14/2025,1752494491.71,Conditioning 7.14.25,201,af79d317-e737-4369-9700-a63e36832733,24,1752490770.15,Central Midfielder,Rice WSOC,July,Monday,3542.05,0.0,2.59368,3542.05,3.40691,511.34341,288.70984,145.2341,167.56599,196.90783,370.32718,40.09935,13.33888,64.3267,2.81842,70.70685
Jessica Molina,49ee30cf-715d-49d2-bfd4-f208c806a5db,07/14/2025,1752494491.71,Conditioning 7.14.25,201,af79d317-e737-4369-9700-a63e36832733,16,1752490770.15,Forward,Rice WSOC,July,Monday,3542.05,0.0,2.20128,3542.05,7.24588,362.86107,230.81227,139.60307,161.13287,130.46413,246.4259,29.80724,11.95846,72.45145,2.36985,60.00959
Eileen Albers,943afa05-aaac-4426-ba0c-1ebef4e76cb7,07/14/2025,1752494491.71,Conditioning 7.14.25,201,af79d317-e737-4369-9700-a63e36832733,12,1752490770.15,Forward,Rice WSOC,July,Monday,3542.05,0.0,1.93174,3542.05,3.38592,359.20296,181.0898,130.12882,109.28921,120.36832,280.25411,27.16343,13.28851,82.29606,2.13659,52.66168
Jordyn Mariam,f7e75558-805b-459d-b944-ec8d5a5beeac,07/14/2025,1752494491.71,Conditioning 7.14.25,201,af79d317-e737-4369-9700-a63e36832733,5,1752490770.15,Wide Midfielder,Rice WSOC,July,Monday,3542.05,0.0,2.4594,3542.05,4.04841,439.27499,285.06531,160.85056,175.06568,187.00033,281.62191,38.18492,13.31405,86.36581,2.68585,67.04631
Mia Brumlow,e9141800-8f9c-4a98-8265-2ae17f48913e,07/14/2025,1752494491.71,Conditioning 7.14.25,201,af79d317-e737-4369-9700-a63e36832733,13,1752490770.15,Wide Midfielder,Rice WSOC,July,Monday,3542.05,0.0,2.31664,3542.05,3.26457,374.45791,215.7815,107.66842,126.09278,147.38948,278.49898,35.05859,13.78969,81.52759,2.53368,63.15437
Olivia Duvall,d91f4f1a-979c-4c34-bb2f-a8b1f5176b9e,07/14/2025,1752494491.71,Conditioning 7.14.25,201,af79d317-e737-4369-9700-a63e36832733,14,1752490770.15,Forward,Rice WSOC,July,Monday,3542.03,0.0,2.36824,3542.05,2.46543,349.17136,219.40701,132.81185,144.39006,132.5638,234.52192,35.94209,13.93543,83.08145,2.60161,65.92353
Dayo Tennyson,d0c5a2ec-d0d5-4ae1-bc9f-ae270bfc51e9,07/14/2025,1752494491.71,Conditioning 7.14.25,201,af79d317-e737-4369-9700-a63e36832733,3,1752490770.15,Full Back,Rice WSOC,July,Monday,3542.05,0.0,2.3677,3542.05,4.8435,437.76983,260.08735,162.2184,169.42218,158.95042,293.15625,34.9669,12.86695,92.1256,2.58022,64.54629
Sam Walker,ce80f564-5fb7-4c34-8faf-d75015152871,07/14/2025,1752494491.71,Conditioning 7.14.25,201,af79d317-e737-4369-9700-a63e36832733,30,1752490770.15,Goalkeeper,Rice WSOC,July,Monday,3542.05,0.0,2.36089,3542.05,3.34731,448.23871,292.89515,137.03363,176.33712,192.9494,292.82657,36.10089,13.27947,75.77734,2.57444,64.3608
Mariana Elizondo,c3d64405-eb5d-4fc0-a8df-06af8ad627bf,07/14/2025,1752494491.71,Conditioning 7.14.25,201,af79d317-e737-4369-9700-a63e36832733,10,1752490770.15,Central Midfielder,Rice WSOC,July,Monday,3542.05,0.0,2.43206,3542.05,3.21568,471.82218,296.25974,154.29314,175.12022,198.72724,308.98235,36.16177,12.48871,72.48032,2.64982,66.30086
Lauren Pickup,ae01c819-c49a-41ef-aa65-20df1a8a40a9,07/14/2025,1752494491.71,Conditioning 7.14.25,201,af79d317-e737-4369-9700-a63e36832733,8,1752490770.15,Full Back,Rice WSOC,July,Monday,3542.04,0.0,2.4932,3542.05,3.65387,381.79193,297.55811,128.49595,149.55324,223.40055,184.09137,37.07715,13.35519,77.08401,2.7463,68.03639
Laurel Kelley,a3fa5f45-c40a-44d8-ae81-6ac82f3fc9ef,07/14/2025,1752494491.71,Conditioning 7.14.25,201,af79d317-e737-4369-9700-a63e36832733,21,1752490770.15,Forward,Rice WSOC,July,Monday,3542.04,0.0,2.34504,3542.05,3.74318,419.35282,243.92024,139.80955,155.6943,153.97154,299.77218,34.3571,14.00121,73.95147,2.5709,64.51031
Kirsten Ruf,9a8fba27-951b-4253-aac1-ae31800ac075,07/14/2025,1752494491.71,Conditioning 7.14.25,201,af79d317-e737-4369-9700-a63e36832733,22,1752490770.15,Goalkeeper,Rice WSOC,July,Monday,3542.05,0.0,2.32154,3542.05,3.85412,410.17583,273.52473,128.92979,165.54065,181.00735,260.75506,37.3517,14.72563,73.31038,2.536,63.28793
Jules Johnston,931babc9-289c-47bf-970a-22d756ac9f5a,07/14/2025,1752494491.71,Conditioning 7.14.25,201,af79d317-e737-4369-9700-a63e36832733,25,1752490770.15,Forward,Rice WSOC,July,Monday,3542.03,0.0,2.38159,3542.05,3.38353,413.68845,259.70842,130.041,158.30967,171.44043,279.29841,35.76272,12.46108,75.33766,2.55221,66.24164
Jadyn Jaeger,8e9bb6cd-180e-47be-afa1-39abe9300b25,07/14/2025,1752494491.71,Conditioning 7.14.25,201,af79d317-e737-4369-9700-a63e36832733,11,1752490770.15,Full Back,Rice WSOC,July,Monday,3542.03,0.0,2.51041,3542.05,3.0615,360.00791,242.99872,126.06769,171.55658,135.45904,227.35186,38.10103,13.46321,83.12939,2.75619,69.2066
Betty Velkova,8b0cb352-4da9-4349-b147-77a3736ea957,07/14/2025,1752494491.71,Conditioning 7.14.25,201,af79d317-e737-4369-9700-a63e36832733,19,1752490770.15,Forward,Rice WSOC,July,Monday,3542.05,0.0,2.4059,3542.05,4.65255,440.81742,271.55839,145.95224,169.9674,170.35467,304.85946,37.00719,12.93066,71.16688,2.60419,65.5877
Leah Chancey,85ed14d3-34f0-42fc-8477-c03064e998f4,07/14/2025,1752494491.71,Conditioning 7.14.25,201,af79d317-e737-4369-9700-a63e36832733,23,1752490770.15,Central Midfielder,Rice WSOC,July,Monday,3542.05,0.0,2.24085,3542.05,3.06666,402.80254,218.81181,112.80356,126.8562,149.31462,303.4686,32.06357,12.60576,70.81352,2.41736,61.08825
Taylor Rish,81828efc-2855-4216-a0d1-6a7c9201d5a0,07/14/2025,1752494491.71,Conditioning 7.14.25,201,af79d317-e737-4369-9700-a63e36832733,7,1752490770.15,Full Back,Rice WSOC,July,Monday,3542.03,0.0,2.43937,3542.05,3.06897,341.98303,197.86364,111.23511,125.00965,126.46091,246.83639,36.15383,14.42703,77.25414,2.63449,67.4022
Kenzie Solomon,80afc22c-7b44-4cca-83af-4b9370cf2987,07/14/2025,1752494491.71,Conditioning 7.14.25,201,af79d317-e737-4369-9700-a63e36832733,1,1752490770.15,Goalkeeper,Rice WSOC,July,Monday,3542.03,0.0,2.53709,3542.05,3.58052,471.12524,274.15427,162.31012,159.79373,187.07014,342.90133,37.42185,13.42148,72.81789,2.729,70.42266
Megan Sweeney,76ec7312-9b6e-4355-a747-4de0c8e2d8b9,07/14/2025,1752494491.71,Conditioning 7.14.25,201,af79d317-e737-4369-9700-a63e36832733,0,1752490770.15,Goalkeeper,Rice WSOC,July,Monday,3542.04,0.0,2.54423,3542.05,3.74075,479.33068,295.0759,160.00855,192.48855,185.62789,333.92513,39.31018,12.92591,67.7541,2.73974,69.51419
Isabelle Kent,6e66b652-d707-4f6a-86d3-61696dab1831,07/14/2025,1752494491.71,Conditioning 7.14.25,201,af79d317-e737-4369-9700-a63e36832733,2,1752490770.15,Full Back,Rice WSOC,July,Monday,3542.05,0.0,2.24794,3542.05,2.40297,335.98362,194.48707,102.92759,115.53004,131.9653,241.14364,31.15115,13.05571,68.14797,2.412,61.28155
Carsyn Martz,5ec6f0de-aa33-44a6-9b7e-676076c27478,07/14/2025,1752494491.71,Conditioning 7.14.25,201,af79d317-e737-4369-9700-a63e36832733,20,1752490770.15,Wide Midfielder,Rice WSOC,July,Monday,3542.03,0.0,2.44913,3542.05,3.13685,440.20809,270.82043,141.23011,165.33275,178.70776,300.02549,38.08355,13.39588,76.50327,2.66056,67.75709
Naija Bruckner,59840313-0841-4a21-a5b5-b8b24cad01b8,07/14/2025,1752496589.05,Conditioning 7.14.25,201,af79d317-e737-4369-9700-a63e36832733,28,1752490770.15,Central Midfielder,Rice WSOC,July,Monday,4894.41,0.0,3.10504,4894.42,4.62024,574.89275,334.25084,215.15493,207.0479,216.54739,408.42057,44.5507,15.08031,76.92366,3.46706,61.6609
Kenna Sanders,457dc155-bdf2-48cc-8a59-2f0b4ec42ae2,07/14/2025,1752494491.71,Conditioning 7.14.25,201,af79d317-e737-4369-9700-a63e36832733,18,1752490770.15,Forward,Rice WSOC,July,Monday,3542.04,0.0,2.45285,3542.05,3.26263,468.71703,315.83967,150.25432,195.50372,202.63578,291.47542,38.21518,11.77732,56.54907,2.61884,67.49438
Isabelle Kent,6e66b652-d707-4f6a-86d3-61696dab1831,07/11/2025,1752235763.99,Conditioning 7.11.25,201,6b980d26-46ce-4727-80ab-0e9b9f57c97d,2,1752234809.01,Full Back,Rice WSOC,July,Friday,954.98,0.0,0.81287,954.98,2.05263,118.90324,76.1903,14.22142,48.63456,48.59598,77.70834,18.89623,11.68264,37.44129,0.82369,82.19117
Kenna Sanders,457dc155-bdf2-48cc-8a59-2f0b4ec42ae2,07/11/2025,1752235763.99,Conditioning 7.11.25,201,6b980d26-46ce-4727-80ab-0e9b9f57c97d,18,1752234809.01,Forward,Rice WSOC,July,Friday,954.98,0.0,1.36318,954.98,3.46464,286.3801,136.11848,18.47566,84.1195,87.44473,232.70723,33.18049,12.20793,54.68012,1.38724,137.83445
Naija Bruckner,59840313-0841-4a21-a5b5-b8b24cad01b8,07/11/2025,1752237642.0,Conditioning 7.11.25,201,6b980d26-46ce-4727-80ab-0e9b9f57c97d,28,1752234474.0,Central Midfielder,Rice WSOC,July,Friday,3167.98,0.0,2.1193,3168.0,2.74565,348.07516,219.59916,98.87742,139.65103,137.05659,235.84388,40.99064,12.3253,97.20492,2.28874,64.74343
Lauren Pickup,ae01c819-c49a-41ef-aa65-20df1a8a40a9,07/11/2025,1752235763.99,Conditioning 7.11.25,201,6b980d26-46ce-4727-80ab-0e9b9f57c97d,8,1752234809.01,Full Back,Rice WSOC,July,Friday,954.98,0.0,1.31781,954.98,2.27795,200.51437,135.109,15.84555,77.64312,93.64144,126.2145,35.43977,12.39654,57.02308,1.33961,133.24772
Betty Velkova,8b0cb352-4da9-4349-b147-77a3736ea957,07/11/2025,1752235763.99,Conditioning 7.11.25,201,6b980d26-46ce-4727-80ab-0e9b9f57c97d,19,1752234809.01,Forward,Rice WSOC,July,Friday,954.98,0.0,1.37363,954.98,2.42925,211.9194,141.14737,18.43496,89.7238,86.50901,136.25264,32.19773,11.9351,54.88285,1.39358,138.89172
Mia Brumlow,e9141800-8f9c-4a98-8265-2ae17f48913e,07/11/2025,1752235763.99,Conditioning 7.11.25,201,6b980d26-46ce-4727-80ab-0e9b9f57c97d,13,1752234809.01,Wide Midfielder,Rice WSOC,July,Friday,954.98,0.0,1.31904,954.98,2.34931,191.5519,113.74667,16.02256,72.78257,71.4302,137.60661,31.18407,12.31647,56.422,1.34381,133.37136
Chelsea Cross,d654a3c8-46fc-4466-b132-8b2ba7258344,07/11/2025,1752235763.99,Conditioning 7.11.25,201,6b980d26-46ce-4727-80ab-0e9b9f57c97d,24,1752234809.01,Central Midfielder,Rice WSOC,July,Friday,954.98,0.0,1.28525,954.98,3.4513,309.25842,192.54605,9.9704,124.6437,124.07066,210.4254,34.10994,12.53347,51.61186,1.31081,129.95531
Dayo Tennyson,d0c5a2ec-d0d5-4ae1-bc9f-ae270bfc51e9,07/11/2025,1752235763.99,Conditioning 7.11.25,201,6b980d26-46ce-4727-80ab-0e9b9f57c97d,3,1752234809.01,Full Back,Rice WSOC,July,Friday,954.98,0.0,1.30491,954.98,2.88549,236.82236,140.48278,15.85841,94.91557,84.065,157.68522,30.77829,11.97293,46.37292,1.33944,131.94326
Sam Walker,ce80f564-5fb7-4c34-8faf-d75015152871,07/11/2025,1752236157.31,Conditioning 7.11.25,201,6b980d26-46ce-4727-80ab-0e9b9f57c97d,30,1752234787.87,Goalkeeper,Rice WSOC,July,Friday,1257.97,0.0,0.8489,1257.97,3.31763,198.90903,133.84695,62.28944,79.46782,88.30352,125.03596,15.69252,11.90903,65.00002,1.06814,65.16065
Mariana Elizondo,c3d64405-eb5d-4fc0-a8df-06af8ad627bf,07/11/2025,1752235763.99,Conditioning 7.11.25,201,6b980d26-46ce-4727-80ab-0e9b9f57c97d,10,1752234809.01,Central Midfielder,Rice WSOC,July,Friday,954.98,0.0,1.28125,954.98,3.64173,250.23415,163.51237,11.54592,86.97054,118.26611,161.61472,33.73353,12.56231,55.53192,1.30808,129.55083
Lilly Reuscher,ad2c003d-9ca2-42b1-bc85-2440ab303b84,07/11/2025,1752235763.99,Conditioning 7.11.25,201,6b980d26-46ce-4727-80ab-0e9b9f57c97d,4,1752234809.01,Centre Back,Rice WSOC,July,Friday,954.98,0.0,1.03915,954.98,2.42288,181.24019,118.09622,11.39598,65.9869,85.30782,118.12149,21.62695,12.64725,51.22619,1.05824,105.07099
Laurel Kelley,a3fa5f45-c40a-44d8-ae81-6ac82f3fc9ef,07/11/2025,1752235763.99,Conditioning 7.11.25,201,6b980d26-46ce-4727-80ab-0e9b9f57c97d,21,1752234809.01,Forward,Rice WSOC,July,Friday,954.98,0.0,1.327,954.98,2.47046,211.82246,125.32215,16.65627,68.02979,89.94969,151.63906,31.79326,12.35689,62.26575,1.34987,134.17676
Kirsten Ruf,9a8fba27-951b-4253-aac1-ae31800ac075,07/11/2025,1752236157.31,Conditioning 7.11.25,201,6b980d26-46ce-4727-80ab-0e9b9f57c97d,22,1752234787.87,Goalkeeper,Rice WSOC,July,Friday,1257.97,0.0,0.81589,1257.97,3.67513,178.8205,121.64916,63.5974,76.51992,77.86269,111.00312,18.08237,12.26142,73.00224,1.00666,62.62686
Jadyn Jaeger,8e9bb6cd-180e-47be-afa1-39abe9300b25,07/11/2025,1752235763.99,Conditioning 7.11.25,201,6b980d26-46ce-4727-80ab-0e9b9f57c97d,11,1752234809.01,Full Back,Rice WSOC,July,Friday,954.98,0.0,1.30813,954.98,2.06693,154.57036,110.02073,10.35534,82.21408,54.77791,93.16053,36.92487,13.44307,67.67875,1.33157,132.26905
Taylor Rish,81828efc-2855-4216-a0d1-6a7c9201d5a0,07/11/2025,1752235763.99,Conditioning 7.11.25,201,6b980d26-46ce-4727-80ab-0e9b9f57c97d,7,1752234809.01,Full Back,Rice WSOC,July,Friday,954.98,0.0,1.28668,954.98,2.4089,211.36308,117.83564,14.80421,76.60198,74.44249,151.93118,29.14899,12.03806,48.65587,1.3099,130.09944
Megan Sweeney,76ec7312-9b6e-4355-a747-4de0c8e2d8b9,07/11/2025,1752236157.31,Conditioning 7.11.25,201,6b980d26-46ce-4727-80ab-0e9b9f57c97d,0,1752234787.87,Goalkeeper,Rice WSOC,July,Friday,1257.97,0.0,0.92849,1257.97,3.6295,200.28417,126.1647,70.78173,84.34421,76.02167,136.29119,16.40449,11.85201,66.42966,1.10727,71.2703
Jordyn Mariam,f7e75558-805b-459d-b944-ec8d5a5beeac,07/11/2025,1752235763.99,Conditioning 7.11.25,201,6b980d26-46ce-4727-80ab-0e9b9f57c97d,5,1752234809.01,Wide Midfielder,Rice WSOC,July,Friday,954.98,0.0,1.29748,954.98,3.02087,216.7307,137.36466,16.33741,90.89409,83.52476,140.46393,31.01421,11.71589,47.07343,1.32468,131.19178
Kenna Sanders,457dc155-bdf2-48cc-8a59-2f0b4ec42ae2,07/10/2025,1752150320.4,Conditioning 7.10.25,201,8d01661f-f81b-493c-8956-3b0e84f706eb,18,1752149644.36,Forward,Rice WSOC,July,Thursday,676.04,0.0,0.74366,676.04,4.177,176.42888,104.89333,29.42552,76.50021,55.36176,123.15279,13.94094,12.15847,69.18341,0.95199,106.21964
Isabelle Kent,6e66b652-d707-4f6a-86d3-61696dab1831,07/10/2025,1752150320.4,Conditioning 7.10.25,201,8d01661f-f81b-493c-8956-3b0e84f706eb,2,1752149644.36,Full Back,Rice WSOC,July,Thursday,676.04,0.0,0.66791,676.04,2.5244,111.03569,72.86175,15.22522,42.34345,50.19413,71.39122,12.37375,12.56701,55.58836,0.86223,95.39898
Naija Bruckner,59840313-0841-4a21-a5b5-b8b24cad01b8,07/10/2025,1752150320.4,Conditioning 7.10.25,201,8d01661f-f81b-493c-8956-3b0e84f706eb,28,1752149644.36,Central Midfielder,Rice WSOC,July,Thursday,676.04,0.0,0.70528,676.04,3.11651,137.80634,80.55247,17.89525,46.35962,56.01083,100.26126,13.64447,12.58206,67.76639,0.9547,100.73741
Megan Sweeney,76ec7312-9b6e-4355-a747-4de0c8e2d8b9,07/10/2025,1752150320.4,Conditioning 7.10.25,201,8d01661f-f81b-493c-8956-3b0e84f706eb,0,1752149644.36,Goalkeeper,Rice WSOC,July,Thursday,676.04,0.0,0.77951,676.04,3.0441,149.10402,92.28173,25.62095,56.98743,61.21448,105.20457,15.47393,13.02506,67.76605,0.99618,111.33984
Taylor Rish,81828efc-2855-4216-a0d1-6a7c9201d5a0,07/10/2025,1752150320.4,Conditioning 7.10.25,201,8d01661f-f81b-493c-8956-3b0e84f706eb,7,1752149644.36,Full Back,Rice WSOC,July,Thursday,676.04,0.0,0.70831,676.04,3.87233,160.48721,94.68807,20.0389,62.10024,58.41331,113.85991,12.62574,12.39877,77.03829,0.90302,101.16956
Kirsten Ruf,9a8fba27-951b-4253-aac1-ae31800ac075,07/10/2025,1752150320.4,Conditioning 7.10.25,201,8d01661f-f81b-493c-8956-3b0e84f706eb,22,1752149644.36,Goalkeeper,Rice WSOC,July,Thursday,676.04,0.0,0.20544,676.04,5.24187,50.1636,35.10589,7.86807,16.91275,27.02151,28.3308,4.33334,12.91585,69.31277,0.2843,29.34421
Betty Velkova,8b0cb352-4da9-4349-b147-77a3736ea957,07/10/2025,1752150320.4,Conditioning 7.10.25,201,8d01661f-f81b-493c-8956-3b0e84f706eb,19,1752149644.36,Forward,Rice WSOC,July,Thursday,676.04,0.0,0.70595,676.04,3.16351,144.14581,85.86574,24.42464,52.3039,57.07898,102.70403,13.43378,12.45966,63.79926,0.93351,100.83212
Jadyn Jaeger,8e9bb6cd-180e-47be-afa1-39abe9300b25,07/10/2025,1752150320.4,Conditioning 7.10.25,201,8d01661f-f81b-493c-8956-3b0e84f706eb,11,1752149644.36,Full Back,Rice WSOC,July,Thursday,676.04,0.0,0.73523,676.04,2.64989,127.8554,109.35722,28.3862,69.45759,68.38966,50.39133,13.36874,14.61749,137.04227,1.05531,105.015
Laurel Kelley,a3fa5f45-c40a-44d8-ae81-6ac82f3fc9ef,07/10/2025,1752150320.4,Conditioning 7.10.25,201,8d01661f-f81b-493c-8956-3b0e84f706eb,21,1752149644.36,Forward,Rice WSOC,July,Thursday,676.04,0.0,0.70383,676.04,5.3448,128.48264,75.0402,21.91193,36.02088,57.30632,90.61424,13.05225,13.77053,102.57858,0.94971,100.53045
Lilly Reuscher,ad2c003d-9ca2-42b1-bc85-2440ab303b84,07/10/2025,1752150320.4,Conditioning 7.10.25,201,8d01661f-f81b-493c-8956-3b0e84f706eb,4,1752149644.36,Centre Back,Rice WSOC,July,Thursday,676.04,0.0,0.74188,676.04,3.04262,154.17108,130.80844,24.7275,61.45204,104.3139,63.18884,13.62702,14.1571,119.12174,1.03083,105.96475
Jordyn Mariam,f7e75558-805b-459d-b944-ec8d5a5beeac,07/10/2025,1752150320.4,Conditioning 7.10.25,201,8d01661f-f81b-493c-8956-3b0e84f706eb,5,1752149644.36,Wide Midfielder,Rice WSOC,July,Thursday,676.04,0.0,0.7016,676.04,3.60685,134.61841,85.8762,19.80682,47.74321,61.10859,87.89487,12.80455,12.26284,76.0609,0.93157,100.21175
Chelsea Cross,d654a3c8-46fc-4466-b132-8b2ba7258344,07/10/2025,1752150320.4,Conditioning 7.10.25,201,8d01661f-f81b-493c-8956-3b0e84f706eb,24,1752149644.36,Central Midfielder,Rice WSOC,July,Thursday,676.04,0.0,0.72624,676.04,3.18524,156.15688,83.51806,19.27932,48.62644,57.67778,118.3017,13.92428,12.81338,62.98824,0.96,103.7305
Dayo Tennyson,d0c5a2ec-d0d5-4ae1-bc9f-ae270bfc51e9,07/10/2025,1752150320.4,Conditioning 7.10.25,201,8d01661f-f81b-493c-8956-3b0e84f706eb,3,1752149644.36,Full Back,Rice WSOC,July,Thursday,676.04,0.0,0.77651,676.04,6.57217,176.03986,140.47211,43.82176,64.50254,111.89821,85.23096,13.7785,13.90167,105.81478,1.0948,110.9117
Sam Walker,ce80f564-5fb7-4c34-8faf-d75015152871,07/10/2025,1752150320.4,Conditioning 7.10.25,201,8d01661f-f81b-493c-8956-3b0e84f706eb,30,1752149644.36,Goalkeeper,Rice WSOC,July,Thursday,676.04,0.0,0.72673,676.04,2.80865,146.33742,95.97235,22.4212,55.74251,66.91988,95.43036,14.13758,12.67266,66.21926,0.96082,103.80061
Mariana Elizondo,c3d64405-eb5d-4fc0-a8df-06af8ad627bf,07/10/2025,1752150320.4,Conditioning 7.10.25,201,8d01661f-f81b-493c-8956-3b0e84f706eb,10,1752149644.36,Central Midfielder,Rice WSOC,July,Thursday,676.04,0.0,0.68933,676.04,3.19851,149.23903,86.14349,20.94439,51.70889,57.89609,108.62669,13.19778,12.72137,65.94685,0.92572,98.45924
Lauren Pickup,ae01c819-c49a-41ef-aa65-20df1a8a40a9,07/10/2025,1752150320.4,Conditioning 7.10.25,201,8d01661f-f81b-493c-8956-3b0e84f706eb,8,1752149644.36,Full Back,Rice WSOC,July,Thursday,676.04,0.0,0.73163,676.04,2.27703,123.39777,101.76427,25.85299,58.63778,69.53622,53.93998,12.92396,12.85284,80.97336,0.98742,104.50078
Eileen Albers,943afa05-aaac-4426-ba0c-1ebef4e76cb7,07/10/2025,1752150320.4,Conditioning 7.10.25,201,8d01661f-f81b-493c-8956-3b0e84f706eb,12,1752149644.36,Forward,Rice WSOC,July,Thursday,676.04,0.0,0.76326,676.04,3.25104,150.98882,69.74893,11.60798,40.08117,49.67805,124.04359,10.09831,13.01287,60.94738,0.83296,109.01808
Jordyn Mariam,f7e75558-805b-459d-b944-ec8d5a5beeac,07/09/2025,1752062129.08,Conditioning 7.9.25,201,50b5ba75-fa70-4fbd-acdb-c5129d50113f,5,1752058781.92,Wide Midfielder,Rice WSOC,July,Wednesday,2760.36,0.0,1.84683,2760.36,4.02263,327.28053,214.19912,165.61667,133.23302,138.59409,209.77206,16.60907,15.09533,86.44651,2.19002,64.60417
Eileen Albers,943afa05-aaac-4426-ba0c-1ebef4e76cb7,07/09/2025,1752062129.08,Conditioning 7.9.25,201,50b5ba75-fa70-4fbd-acdb-c5129d50113f,12,1752058781.92,Forward,Rice WSOC,July,Wednesday,2760.36,0.0,1.51367,2760.36,3.9856,234.16453,128.78904,125.6097,79.42412,84.69616,174.37934,10.37742,13.88664,91.29606,1.78234,52.95005
Mia Brumlow,e9141800-8f9c-4a98-8265-2ae17f48913e,07/09/2025,1752062129.08,Conditioning 7.9.25,201,50b5ba75-fa70-4fbd-acdb-c5129d50113f,13,1752058781.92,Wide Midfielder,Rice WSOC,July,Wednesday,2760.36,0.0,1.85078,2760.36,5.22936,304.24334,177.82038,124.3788,104.04355,121.47866,221.70127,19.35538,15.12477,88.49048,2.20823,64.74237
Dayo Tennyson,d0c5a2ec-d0d5-4ae1-bc9f-ae270bfc51e9,07/09/2025,1752062129.08,Conditioning 7.9.25,201,50b5ba75-fa70-4fbd-acdb-c5129d50113f,3,1752058781.92,Full Back,Rice WSOC,July,Wednesday,2760.36,0.0,1.7649,2760.36,4.54816,376.15622,230.7617,199.11664,139.25248,151.75468,249.62027,16.03743,15.60111,103.3147,2.18555,61.73812
Sam Walker,ce80f564-5fb7-4c34-8faf-d75015152871,07/09/2025,1752062129.08,Conditioning 7.9.25,201,50b5ba75-fa70-4fbd-acdb-c5129d50113f,30,1752058781.92,Goalkeeper,Rice WSOC,July,Wednesday,2760.36,0.0,2.07325,2760.36,4.65813,407.95745,260.09707,181.67167,150.84579,178.08334,270.42782,22.39976,14.19331,74.58643,2.40765,72.52459
Mariana Elizondo,c3d64405-eb5d-4fc0-a8df-06af8ad627bf,07/09/2025,1752062129.08,Conditioning 7.9.25,201,50b5ba75-fa70-4fbd-acdb-c5129d50113f,10,1752058781.92,Central Midfielder,Rice WSOC,July,Wednesday,2760.35,0.0,1.61033,2760.36,7.31964,545.38031,365.82129,304.20262,209.94471,250.85198,336.6249,13.41883,16.332,141.54536,1.99355,74.76218
Lauren Pickup,ae01c819-c49a-41ef-aa65-20df1a8a40a9,07/09/2025,1752062129.08,Conditioning 7.9.25,201,50b5ba75-fa70-4fbd-acdb-c5129d50113f,8,1752058781.92,Full Back,Rice WSOC,July,Wednesday,2760.36,0.0,1.99129,2760.36,2.99364,343.3978,222.07652,148.63913,123.46396,156.6669,223.15152,18.47307,14.76805,92.4796,2.32632,69.65751
Lilly Reuscher,ad2c003d-9ca2-42b1-bc85-2440ab303b84,07/09/2025,1752062129.08,Conditioning 7.9.25,201,50b5ba75-fa70-4fbd-acdb-c5129d50113f,4,1752058781.92,Centre Back,Rice WSOC,July,Wednesday,2760.36,0.0,1.82069,2760.36,3.73927,334.55533,218.65937,168.11232,132.93013,144.32341,218.51027,14.84422,14.40317,96.3126,2.15528,63.68998
Laurel Kelley,a3fa5f45-c40a-44d8-ae81-6ac82f3fc9ef,07/09/2025,1752062129.08,Conditioning 7.9.25,201,50b5ba75-fa70-4fbd-acdb-c5129d50113f,21,1752058781.92,Forward,Rice WSOC,July,Wednesday,2760.36,0.0,2.00536,2760.36,4.76942,352.60948,217.97712,160.72412,123.58782,152.27745,244.06015,19.61106,14.38604,87.2235,2.4168,70.1497
Kirsten Ruf,9a8fba27-951b-4253-aac1-ae31800ac075,07/09/2025,1752062129.08,Conditioning 7.9.25,201,50b5ba75-fa70-4fbd-acdb-c5129d50113f,22,1752058781.92,Goalkeeper,Rice WSOC,July,Wednesday,2760.36,0.0,1.77578,2760.36,4.03509,347.23553,213.37278,160.68853,129.6159,143.30079,239.02202,19.05982,14.28259,77.95155,2.12518,62.1189
Jadyn Jaeger,8e9bb6cd-180e-47be-afa1-39abe9300b25,07/09/2025,1752062129.08,Conditioning 7.9.25,201,50b5ba75-fa70-4fbd-acdb-c5129d50113f,11,1752058781.92,Full Back,Rice WSOC,July,Wednesday,2760.34,0.0,1.92606,2760.36,3.46915,280.46034,171.85811,137.74034,111.09199,107.29415,194.37023,16.7587,14.93139,85.29789,2.2924,69.23198
Betty Velkova,8b0cb352-4da9-4349-b147-77a3736ea957,07/09/2025,1752062129.08,Conditioning 7.9.25,201,50b5ba75-fa70-4fbd-acdb-c5129d50113f,19,1752058781.92,Forward,Rice WSOC,July,Wednesday,2760.36,0.0,1.94298,2760.36,5.17609,402.84158,247.05286,178.57598,151.66538,160.26524,277.78479,16.78597,15.02531,79.50653,2.30162,67.96775
Leah Chancey,85ed14d3-34f0-42fc-8477-c03064e998f4,07/09/2025,1752062129.08,Conditioning 7.9.25,201,50b5ba75-fa70-4fbd-acdb-c5129d50113f,23,1752058781.92,Central Midfielder,Rice WSOC,July,Wednesday,2760.36,0.0,1.75765,2760.36,4.51688,279.28474,163.56722,139.08574,92.65437,114.09188,198.55828,15.67183,14.09771,75.20646,2.01812,61.48472
Taylor Rish,81828efc-2855-4216-a0d1-6a7c9201d5a0,07/09/2025,1752062129.08,Conditioning 7.9.25,201,50b5ba75-fa70-4fbd-acdb-c5129d50113f,7,1752058781.92,Full Back,Rice WSOC,July,Wednesday,2760.34,0.0,1.72795,2760.36,5.72588,323.12772,198.25863,152.01291,111.96547,140.21144,222.36696,15.24039,14.85251,90.85142,2.06091,62.94244
Megan Sweeney,76ec7312-9b6e-4355-a747-4de0c8e2d8b9,07/09/2025,1752062129.08,Conditioning 7.9.25,201,50b5ba75-fa70-4fbd-acdb-c5129d50113f,0,1752058781.92,Goalkeeper,Rice WSOC,July,Wednesday,2760.36,0.0,2.26396,2760.36,5.03994,432.72043,278.08554,182.76407,185.05101,170.86442,288.58336,26.09606,13.78812,87.5062,2.64672,79.19582
Sophie Zhang,713ce913-8f9b-41cb-b395-b08e3e69186f,07/09/2025,1752062129.08,Conditioning 7.9.25,201,50b5ba75-fa70-4fbd-acdb-c5129d50113f,9,1752058781.92,Forward,Rice WSOC,July,Wednesday,2760.36,0.0,1.79092,2760.36,2.96901,298.11825,185.21428,161.2282,106.5999,128.05861,199.86793,14.43063,13.5702,74.48659,2.0507,62.64848
Naija Bruckner,59840313-0841-4a21-a5b5-b8b24cad01b8,07/09/2025,1752064457.64,Conditioning 7.9.25,201,50b5ba75-fa70-4fbd-acdb-c5129d50113f,28,1752058781.92,Central Midfielder,Rice WSOC,July,Wednesday,4905.46,0.0,3.29814,4905.46,5.15882,590.85569,354.4469,250.35368,210.994,239.0106,414.13662,36.12852,15.33818,103.16663,3.95517,64.92158
Jessica Molina,49ee30cf-715d-49d2-bfd4-f208c806a5db,07/09/2025,1752062129.08,Conditioning 7.9.25,201,50b5ba75-fa70-4fbd-acdb-c5129d50113f,16,1752058781.92,Forward,Rice WSOC,July,Wednesday,2760.35,0.0,1.69541,2760.36,3.38293,271.54881,158.86647,132.81391,98.19431,104.08027,195.59358,14.58554,15.02795,83.6193,1.97249,59.74493
Kenna Sanders,457dc155-bdf2-48cc-8a59-2f0b4ec42ae2,07/09/2025,1752062129.08,Conditioning 7.9.25,201,50b5ba75-fa70-4fbd-acdb-c5129d50113f,18,1752058781.92,Forward,Rice WSOC,July,Wednesday,2760.34,0.0,1.90261,2760.36,4.12402,394.44588,259.33917,187.1268,154.87597,172.91049,251.9023,17.96601,13.26386,68.00195,2.22558,68.53417
Chelsea Cross,d654a3c8-46fc-4466-b132-8b2ba7258344,07/09/2025,1752062129.08,Conditioning 7.9.25,201,50b5ba75-fa70-4fbd-acdb-c5129d50113f,24,1752058781.92,Central Midfielder,Rice WSOC,July,Wednesday,2760.34,0.0,1.97691,2760.36,3.99125,366.83553,208.11795,151.52619,118.26678,145.2492,265.0768,21.14002,13.4853,71.28358,2.34427,70.59441
Kenna Sanders,457dc155-bdf2-48cc-8a59-2f0b4ec42ae2,07/07/2025,1751889859.47,Conditioning 7.7.25,201,eb0fd63c-2806-45b7-a68d-2667aeb72e00,18,1751886162.37,Forward,Rice WSOC,July,Monday,3060.63,0.0,2.25072,3060.63,3.61448,427.28657,263.29179,120.9163,162.7628,170.00252,296.56019,35.06585,14.57762,67.74074,2.41361,71.00854
Leah Chancey,85ed14d3-34f0-42fc-8477-c03064e998f4,07/07/2025,1751889859.47,Conditioning 7.7.25,201,eb0fd63c-2806-45b7-a68d-2667aeb72e00,23,1751886162.37,Central Midfielder,Rice WSOC,July,Monday,3060.63,0.0,2.06213,3060.63,4.59483,391.36366,212.72681,100.43089,122.93344,145.83676,292.71166,28.40939,15.54933,73.78969,2.21849,65.05882
Naija Bruckner,59840313-0841-4a21-a5b5-b8b24cad01b8,07/07/2025,1751889859.47,Conditioning 7.7.25,201,eb0fd63c-2806-45b7-a68d-2667aeb72e00,28,1751886162.37,Central Midfielder,Rice WSOC,July,Monday,3060.63,0.0,2.23468,3060.63,6.00036,410.6899,227.23095,117.17405,139.70828,147.52429,303.82702,33.46865,17.50541,89.34027,2.459,70.50262
Jessica Molina,49ee30cf-715d-49d2-bfd4-f208c806a5db,07/07/2025,1751889859.47,Conditioning 7.7.25,201,eb0fd63c-2806-45b7-a68d-2667aeb72e00,16,1751886162.37,Forward,Rice WSOC,July,Monday,3060.63,0.0,2.06591,3060.63,3.43522,325.94494,203.64318,107.45323,128.55933,129.90184,224.98103,28.25439,16.62974,78.44632,2.20328,65.17784
Sam Walker,ce80f564-5fb7-4c34-8faf-d75015152871,07/07/2025,1751889859.47,Conditioning 7.7.25,201,eb0fd63c-2806-45b7-a68d-2667aeb72e00,30,1751886162.37,Goalkeeper,Rice WSOC,July,Monday,3060.63,0.0,2.15182,3060.63,4.89611,413.25777,263.05811,127.25038,153.32444,177.33073,277.07723,32.52325,16.10008,76.68094,2.34124,67.88824
Betty Velkova,8b0cb352-4da9-4349-b147-77a3736ea957,07/07/2025,1751889859.47,Conditioning 7.7.25,201,eb0fd63c-2806-45b7-a68d-2667aeb72e00,19,1751886162.37,Forward,Rice WSOC,July,Monday,3060.63,0.0,2.10581,3060.63,4.93139,435.12836,247.14331,139.77524,147.50556,166.43025,318.84106,31.00823,16.20926,70.92477,2.27551,66.43668
Jadyn Jaeger,8e9bb6cd-180e-47be-afa1-39abe9300b25,07/07/2025,1751889859.47,Conditioning 7.7.25,201,eb0fd63c-2806-45b7-a68d-2667aeb72e00,11,1751886162.37,Full Back,Rice WSOC,July,Monday,3060.63,0.0,2.17612,3060.63,3.19789,301.63893,198.19591,101.55052,140.04596,111.76784,197.66312,31.9214,16.86298,78.04375,2.38442,68.65489
Kirsten Ruf,9a8fba27-951b-4253-aac1-ae31800ac075,07/07/2025,1751889859.47,Conditioning 7.7.25,201,eb0fd63c-2806-45b7-a68d-2667aeb72e00,22,1751886162.37,Goalkeeper,Rice WSOC,July,Monday,3060.63,0.0,2.14651,3060.63,3.5859,371.45921,249.27362,114.98362,152.32152,164.4835,231.05598,32.46863,15.63669,73.68179,2.34011,67.72082
Laurel Kelley,a3fa5f45-c40a-44d8-ae81-6ac82f3fc9ef,07/07/2025,1751889859.47,Conditioning 7.7.25,201,eb0fd63c-2806-45b7-a68d-2667aeb72e00,21,1751886162.37,Forward,Rice WSOC,July,Monday,3060.63,0.0,2.0896,3060.63,4.37306,374.82741,215.47918,116.20024,136.14292,135.94046,270.97722,30.55074,16.43364,79.95325,2.3021,65.92527
Lilly Reuscher,ad2c003d-9ca2-42b1-bc85-2440ab303b84,07/07/2025,1751889859.47,Conditioning 7.7.25,201,eb0fd63c-2806-45b7-a68d-2667aeb72e00,4,1751886162.37,Centre Back,Rice WSOC,July,Monday,3060.63,0.0,2.18123,3060.63,5.12643,373.58545,241.4744,127.63595,141.70709,165.14459,245.37564,31.21976,16.03844,81.79998,2.39206,68.81623
Lauren Pickup,ae01c819-c49a-41ef-aa65-20df1a8a40a9,07/07/2025,1751889859.47,Conditioning 7.7.25,201,eb0fd63c-2806-45b7-a68d-2667aeb72e00,8,1751886162.37,Full Back,Rice WSOC,July,Monday,3060.63,0.0,2.28557,3060.63,3.68195,379.72895,233.79414,130.17911,141.37925,152.69066,262.92693,34.07061,16.54257,82.82593,2.51405,72.10818
Megan Sweeney,76ec7312-9b6e-4355-a747-4de0c8e2d8b9,07/07/2025,1751889859.47,Conditioning 7.7.25,201,eb0fd63c-2806-45b7-a68d-2667aeb72e00,0,1751886162.37,Goalkeeper,Rice WSOC,July,Monday,3060.63,0.0,2.41978,3060.63,3.89286,436.57513,266.48328,152.00503,173.02815,167.53944,307.88307,38.68623,15.25798,69.19813,2.6074,76.34218
Dayo Tennyson,d0c5a2ec-d0d5-4ae1-bc9f-ae270bfc51e9,07/07/2025,1751889859.47,Conditioning 7.7.25,201,eb0fd63c-2806-45b7-a68d-2667aeb72e00,3,1751886162.37,Full Back,Rice WSOC,July,Monday,3060.63,0.0,2.08341,3060.63,5.39254,399.19942,241.95995,136.30147,154.91007,148.46252,261.72608,31.33159,17.61522,90.49279,2.27958,65.72992
Chelsea Cross,d654a3c8-46fc-4466-b132-8b2ba7258344,07/07/2025,1751889859.47,Conditioning 7.7.25,201,eb0fd63c-2806-45b7-a68d-2667aeb72e00,24,1751886162.37,Central Midfielder,Rice WSOC,July,Monday,3060.63,0.0,2.25567,3060.63,4.1161,456.74217,249.49414,114.75115,138.19569,177.01304,339.73155,34.67621,14.60864,67.68786,2.46269,71.16476
Mia Brumlow,e9141800-8f9c-4a98-8265-2ae17f48913e,07/07/2025,1751889859.47,Conditioning 7.7.25,201,eb0fd63c-2806-45b7-a68d-2667aeb72e00,13,1751886162.37,Wide Midfielder,Rice WSOC,July,Monday,3060.63,0.0,2.18303,3060.63,4.72004,365.95306,213.04009,101.37111,128.33257,141.02482,268.28022,32.27923,16.43389,80.91508,2.38678,68.8729
Jessica Molina,49ee30cf-715d-49d2-bfd4-f208c806a5db,07/02/2025,1751457189.42,Conditioning 7.2.25,201,863e7bd1-21a5-4f13-823b-4723171e31c9,16,1751454016.66,Forward,Rice WSOC,July,Wednesday,2965.58,0.0,2.13217,2965.58,2.63837,329.00224,202.85933,107.55223,126.43215,131.34477,230.80333,24.59555,12.28886,66.56983,2.40942,69.42449
Naija Bruckner,59840313-0841-4a21-a5b5-b8b24cad01b8,07/02/2025,1751459450.61,Conditioning 7.2.25,201,863e7bd1-21a5-4f13-823b-4723171e31c9,28,1751454016.66,Central Midfielder,Rice WSOC,July,Wednesday,4753.21,0.0,2.94601,4753.22,4.76196,546.16951,331.00511,200.11776,205.40161,215.74394,380.25426,32.72131,15.29512,132.33647,3.41903,59.92059
Leah Chancey,85ed14d3-34f0-42fc-8477-c03064e998f4,07/02/2025,1751457189.42,Conditioning 7.2.25,201,863e7bd1-21a5-4f13-823b-4723171e31c9,23,1751454016.66,Central Midfielder,Rice WSOC,July,Wednesday,2965.58,0.0,2.05682,2965.58,3.25321,398.6079,227.98814,103.60185,130.65279,156.42885,288.5599,23.45916,12.67326,61.67505,2.38076,66.97092
Kirsten Ruf,9a8fba27-951b-4253-aac1-ae31800ac075,07/02/2025,1751457189.42,Conditioning 7.2.25,201,863e7bd1-21a5-4f13-823b-4723171e31c9,22,1751454016.66,Goalkeeper,Rice WSOC,July,Wednesday,2965.57,0.0,2.09714,2965.58,3.90138,384.63705,250.45788,122.1073,153.96678,163.84693,251.20479,25.55953,15.50659,73.77187,2.49393,68.87068
Laurel Kelley,a3fa5f45-c40a-44d8-ae81-6ac82f3fc9ef,07/02/2025,1751457189.42,Conditioning 7.2.25,201,863e7bd1-21a5-4f13-823b-4723171e31c9,21,1751454016.66,Forward,Rice WSOC,July,Wednesday,2965.58,0.0,2.09866,2965.58,3.80386,365.95296,229.01227,112.44232,144.20619,146.85254,247.94081,25.157,13.72657,72.82526,2.46447,68.33336
Mia Brumlow,e9141800-8f9c-4a98-8265-2ae17f48913e,07/02/2025,1751457189.42,Conditioning 7.2.25,201,863e7bd1-21a5-4f13-823b-4723171e31c9,13,1751454016.66,Wide Midfielder,Rice WSOC,July,Wednesday,2965.57,0.0,2.17423,2965.58,3.77288,368.79529,212.67612,102.31313,126.6016,142.88134,271.63129,26.88189,12.57689,70.50275,2.54493,71.91886
Jordyn Mariam,f7e75558-805b-459d-b944-ec8d5a5beeac,07/02/2025,1751457189.42,Conditioning 7.2.25,201,863e7bd1-21a5-4f13-823b-4723171e31c9,5,1751454016.66,Wide Midfielder,Rice WSOC,July,Wednesday,2965.58,0.0,2.24218,2965.58,3.92205,408.43515,271.1118,129.1133,171.24918,174.31487,256.05205,27.33505,12.17947,76.47415,2.59024,73.00639
Mia Brumlow,e9141800-8f9c-4a98-8265-2ae17f48913e,06/30/2025,1751284941.5,Conditioning 6.30.25,201,1008586a-00b9-455f-b5da-da429fb07498,13,1751281347.18,Wide Midfielder,Rice WSOC,June,Monday,3573.9,0.0,2.8816,3573.9,4.45168,429.56975,246.65369,95.77357,151.9842,160.08192,319.35652,55.88351,15.75485,84.64706,3.02917,77.85589
Naija Bruckner,59840313-0841-4a21-a5b5-b8b24cad01b8,06/30/2025,1751286701.89,Conditioning 6.30.25,201,1008586a-00b9-455f-b5da-da429fb07498,28,1751281347.18,Central Midfielder,Rice WSOC,June,Monday,4772.14,0.0,2.61722,4772.14,4.77438,451.32465,262.42772,147.29759,163.57967,168.86049,323.15063,37.94255,17.07601,87.69582,2.82779,52.95751
Leah Chancey,85ed14d3-34f0-42fc-8477-c03064e998f4,06/30/2025,1751284941.5,Conditioning 6.30.25,201,1008586a-00b9-455f-b5da-da429fb07498,23,1751281347.18,Central Midfielder,Rice WSOC,June,Monday,3573.9,0.0,2.95831,3573.9,4.50465,496.78552,284.59179,115.92136,164.02093,192.99389,357.58546,52.51573,15.19094,77.78839,3.09417,79.92855
Kirsten Ruf,9a8fba27-951b-4253-aac1-ae31800ac075,06/30/2025,1751284941.5,Conditioning 6.30.25,201,1008586a-00b9-455f-b5da-da429fb07498,22,1751281347.18,Goalkeeper,Rice WSOC,June,Monday,3573.9,0.0,2.85595,3573.9,3.55484,501.72079,336.53222,119.46585,209.29076,216.8743,317.45031,58.54157,14.91455,74.60761,3.01372,77.16286
Laurel Kelley,a3fa5f45-c40a-44d8-ae81-6ac82f3fc9ef,06/30/2025,1751284941.5,Conditioning 6.30.25,201,1008586a-00b9-455f-b5da-da429fb07498,21,1751281347.18,Forward,Rice WSOC,June,Monday,3573.9,0.0,2.90092,3573.9,4.20746,454.2747,298.01395,125.77669,190.97415,190.95748,290.94089,52.16963,15.64802,78.2072,3.07797,78.37796
Jordyn Mariam,f7e75558-805b-459d-b944-ec8d5a5beeac,06/30/2025,1751284941.5,Conditioning 6.30.25,201,1008586a-00b9-455f-b5da-da429fb07498,5,1751281347.18,Wide Midfielder,Rice WSOC,June,Monday,3573.9,0.0,2.92683,3573.9,4.46399,498.25977,325.1108,121.75435,211.0813,199.89173,315.3366,56.16922,16.22253,94.00334,3.08476,79.0779
Mia Brumlow,e9141800-8f9c-4a98-8265-2ae17f48913e,06/27/2025,1751023590.55,Beep 6.27.25,201,65c95d46-1322-44e1-ace3-6a430a693d70,13,1751022023.39,Wide Midfielder,Rice WSOC,June,Friday,1501.39,0.0,1.2605,1501.4,3.03727,217.443,126.48697,53.72117,77.31433,82.79864,159.68774,16.60442,12.5368,66.99593,1.60208,81.53963
Jordyn Mariam,f7e75558-805b-459d-b944-ec8d5a5beeac,06/27/2025,1751023590.55,Beep 6.27.25,201,65c95d46-1322-44e1-ace3-6a430a693d70,5,1751022023.39,Wide Midfielder,Rice WSOC,June,Friday,1501.39,0.0,1.33579,1501.4,3.95818,252.55659,169.41934,69.40273,102.7127,112.72264,156.78029,17.71923,12.29556,77.52968,1.71194,86.41008
Jessica Molina,49ee30cf-715d-49d2-bfd4-f208c806a5db,06/27/2025,1751023590.55,Beep 6.27.25,201,65c95d46-1322-44e1-ace3-6a430a693d70,16,1751022023.39,Forward,Rice WSOC,June,Friday,1501.39,0.0,1.04135,1501.4,2.71428,182.73701,122.25183,57.37213,79.00369,76.46228,118.44044,13.88081,12.44802,67.09866,1.26641,67.36332
Naija Bruckner,59840313-0841-4a21-a5b5-b8b24cad01b8,06/27/2025,1751023590.55,Beep 6.27.25,201,65c95d46-1322-44e1-ace3-6a430a693d70,28,1751022023.39,Central Midfielder,Rice WSOC,June,Friday,1501.38,0.0,1.28383,1501.4,4.11741,248.17519,147.30605,66.96401,87.3023,98.60634,177.30579,15.98607,13.94862,93.09551,1.67751,84.90934
Leah Chancey,85ed14d3-34f0-42fc-8477-c03064e998f4,06/27/2025,1751023590.55,Beep 6.27.25,201,65c95d46-1322-44e1-ace3-6a430a693d70,23,1751022023.39,Central Midfielder,Rice WSOC,June,Friday,1501.4,0.0,1.2359,1501.4,3.11553,240.13079,143.18964,64.57502,78.03544,102.62857,171.98151,15.93844,11.23913,59.31855,1.53307,79.48514
Jadyn Jaeger,8e9bb6cd-180e-47be-afa1-39abe9300b25,06/27/2025,1751023590.55,Beep 6.27.25,201,65c95d46-1322-44e1-ace3-6a430a693d70,11,1751022023.39,Full Back,Rice WSOC,June,Friday,1501.38,0.0,1.2523,1501.4,2.81264,201.67492,135.79418,59.97136,97.22833,74.82066,129.93971,16.32777,13.68746,78.76472,1.6549,84.54962
Kirsten Ruf,9a8fba27-951b-4253-aac1-ae31800ac075,06/27/2025,1751023590.55,Beep 6.27.25,201,65c95d46-1322-44e1-ace3-6a430a693d70,22,1751022023.39,Goalkeeper,Rice WSOC,June,Friday,1501.4,0.0,1.33451,1501.4,3.78829,243.72881,162.7167,68.80463,99.17223,109.34228,155.39627,16.93533,12.56251,67.13765,1.74297,85.82742
Laurel Kelley,a3fa5f45-c40a-44d8-ae81-6ac82f3fc9ef,06/27/2025,1751023590.55,Beep 6.27.25,201,65c95d46-1322-44e1-ace3-6a430a693d70,21,1751022023.39,Forward,Rice WSOC,June,Friday,1501.4,0.0,1.16964,1501.4,4.24498,201.65875,122.77337,62.2927,73.65357,81.50239,141.35108,15.94017,14.04112,73.93772,1.4792,75.2236
Sam Walker,ce80f564-5fb7-4c34-8faf-d75015152871,06/27/2025,1751023590.55,Beep 6.27.25,201,65c95d46-1322-44e1-ace3-6a430a693d70,30,1751022023.39,Goalkeeper,Rice WSOC,June,Friday,1501.4,0.0,1.13298,1501.4,3.15488,216.96018,134.67668,61.58641,79.83901,90.08047,148.67118,16.00991,13.28651,75.58424,1.41474,72.86631
Chelsea Cross,d654a3c8-46fc-4466-b132-8b2ba7258344,06/27/2025,1751023590.55,Beep 6.27.25,201,65c95d46-1322-44e1-ace3-6a430a693d70,24,1751022023.39,Central Midfielder,Rice WSOC,June,Friday,1501.38,0.0,1.34226,1501.4,3.2208,279.43298,152.68746,69.79682,91.85532,101.65638,206.65626,17.78123,12.67249,67.71142,1.74935,88.50664
Kirsten Ruf,9a8fba27-951b-4253-aac1-ae31800ac075,06/25/2025,1750852467.26,Conditioning 6.25.25,201,891ba267-5621-443c-8605-27d31c447fc3,22,1750849486.82,Goalkeeper,Rice WSOC,June,Wednesday,2871.32,0.0,2.12828,2871.32,3.75134,377.41673,240.62329,90.04649,145.70861,158.97065,254.09669,31.01422,13.65612,66.86155,2.37941,71.57266
Mia Brumlow,e9141800-8f9c-4a98-8265-2ae17f48913e,06/25/2025,1750852467.26,Conditioning 6.25.25,201,891ba267-5621-443c-8605-27d31c447fc3,13,1750849486.82,Wide Midfielder,Rice WSOC,June,Wednesday,2871.32,0.0,2.22353,2871.32,3.66998,359.92186,201.56801,86.81669,123.65111,131.90356,270.52053,33.12434,14.49917,83.17915,2.46467,74.77572
Chelsea Cross,d654a3c8-46fc-4466-b132-8b2ba7258344,06/25/2025,1750852467.26,Conditioning 6.25.25,201,891ba267-5621-443c-8605-27d31c447fc3,24,1750849486.82,Central Midfielder,Rice WSOC,June,Wednesday,2871.32,0.0,2.26654,2871.32,3.7828,439.51645,238.73995,98.79813,134.7993,167.81282,330.15856,32.33102,13.56533,65.81477,2.49358,76.22219
Sam Walker,ce80f564-5fb7-4c34-8faf-d75015152871,06/25/2025,1750852467.26,Conditioning 6.25.25,201,891ba267-5621-443c-8605-27d31c447fc3,30,1750849486.82,Goalkeeper,Rice WSOC,June,Wednesday,2871.32,0.0,2.22086,2871.32,3.25182,413.55127,263.29307,104.67593,154.3479,175.80476,277.58484,30.96732,14.04122,74.92139,2.46046,74.68597
Laurel Kelley,a3fa5f45-c40a-44d8-ae81-6ac82f3fc9ef,06/25/2025,1750852467.26,Conditioning 6.25.25,201,891ba267-5621-443c-8605-27d31c447fc3,21,1750849486.82,Forward,Rice WSOC,June,Wednesday,2871.32,0.0,2.16273,2871.32,4.40558,369.45253,231.83119,99.75383,146.37551,145.76262,253.14666,29.28483,14.50286,76.69353,2.40873,72.73125
Naija Bruckner,59840313-0841-4a21-a5b5-b8b24cad01b8,06/25/2025,1750854784.2,Conditioning 6.25.25,201,891ba267-5621-443c-8605-27d31c447fc3,28,1750849486.82,Central Midfielder,Rice WSOC,June,Wednesday,4798.02,0.0,3.2957,4798.02,4.81854,587.22261,346.19019,192.34558,210.60244,227.59874,416.59261,39.76257,14.84461,86.96946,3.90207,66.32639
Jadyn Jaeger,8e9bb6cd-180e-47be-afa1-39abe9300b25,06/25/2025,1750852467.26,Conditioning 6.25.25,201,891ba267-5621-443c-8605-27d31c447fc3,11,1750849486.82,Full Back,Rice WSOC,June,Wednesday,2871.32,0.0,2.2668,2871.32,3.52936,309.29565,206.4616,94.38195,147.37193,114.4952,200.00196,33.862,13.87306,85.69357,2.51329,76.23109
Leah Chancey,85ed14d3-34f0-42fc-8477-c03064e998f4,06/25/2025,1750852467.26,Conditioning 6.25.25,201,891ba267-5621-443c-8605-27d31c447fc3,23,1750849486.82,Central Midfielder,Rice WSOC,June,Wednesday,2871.32,0.0,2.18418,2871.32,3.26802,383.77282,203.54526,87.91047,116.74307,139.92901,293.70944,28.85162,13.28146,67.85596,2.37329,73.45242
Jessica Molina,49ee30cf-715d-49d2-bfd4-f208c806a5db,06/25/2025,1750852467.26,Conditioning 6.25.25,201,891ba267-5621-443c-8605-27d31c447fc3,16,1750849486.82,Forward,Rice WSOC,June,Wednesday,2871.32,0.0,2.02812,2871.32,3.60389,316.91113,187.81127,89.68941,122.75162,118.08191,229.76269,25.07915,14.37065,79.05834,2.22628,68.20421
Jordyn Mariam,f7e75558-805b-459d-b944-ec8d5a5beeac,06/25/2025,1750852467.26,Conditioning 6.25.25,201,891ba267-5621-443c-8605-27d31c447fc3,5,1750849486.82,Wide Midfielder,Rice WSOC,June,Wednesday,2871.32,0.0,2.21114,2871.32,3.81217,383.03647,236.07285,109.69083,142.9238,157.14993,259.61318,30.87071,13.6001,82.89374,2.45398,74.35924
Jadyn Jaeger,8e9bb6cd-180e-47be-afa1-39abe9300b25,06/23/2025,1750679867.33,Conditioning 6.23.25,201,b36c6e1e-95ba-4222-babb-d6113b736e78,11,1750676620.29,Full Back,Rice WSOC,June,Monday,3128.85,0.0,2.80946,3128.85,4.03646,364.44498,264.19561,92.3272,186.17829,146.17766,208.03078,65.32262,13.55242,80.42914,2.91465,86.70388
Naija Bruckner,59840313-0841-4a21-a5b5-b8b24cad01b8,06/23/2025,1750682816.05,Conditioning 6.23.25,201,b36c6e1e-95ba-4222-babb-d6113b736e78,28,1750676620.29,Central Midfielder,Rice WSOC,June,Monday,5203.33,0.0,3.89237,5203.33,4.51046,643.39947,379.00449,186.9148,236.39396,243.82629,453.55632,69.2358,14.61918,127.41818,4.40801,72.23246
Laurel Kelley,a3fa5f45-c40a-44d8-ae81-6ac82f3fc9ef,06/23/2025,1750679867.33,Conditioning 6.23.25,201,b36c6e1e-95ba-4222-babb-d6113b736e78,21,1750676620.29,Forward,Rice WSOC,June,Monday,3128.85,0.0,2.75721,3128.85,4.76492,425.82491,278.82472,110.76312,174.37001,182.1834,276.67544,55.2875,14.4484,78.17184,2.88421,85.09127
Sam Walker,ce80f564-5fb7-4c34-8faf-d75015152871,06/23/2025,1750679867.33,Conditioning 6.23.25,201,b36c6e1e-95ba-4222-babb-d6113b736e78,30,1750676620.29,Goalkeeper,Rice WSOC,June,Monday,3128.85,0.0,2.7087,3128.85,3.25149,496.17363,319.27723,99.51642,190.29716,209.33545,326.41844,61.75223,13.75311,79.41798,2.81122,83.59408
Kirsten Ruf,9a8fba27-951b-4253-aac1-ae31800ac075,06/23/2025,1750679867.33,Conditioning 6.23.25,201,b36c6e1e-95ba-4222-babb-d6113b736e78,22,1750676620.29,Goalkeeper,Rice WSOC,June,Monday,3128.85,0.0,2.61213,3128.85,4.06532,476.57745,329.75567,109.61272,211.13335,204.52486,291.88206,58.60122,13.71877,72.33988,2.72668,80.61388
Leah Chancey,85ed14d3-34f0-42fc-8477-c03064e998f4,06/23/2025,1750679867.33,Conditioning 6.23.25,201,b36c6e1e-95ba-4222-babb-d6113b736e78,23,1750676620.29,Central Midfielder,Rice WSOC,June,Monday,3128.85,0.0,2.73895,3128.85,3.64978,463.60519,259.13773,94.08746,152.1908,173.62266,340.39138,54.33884,13.09412,69.59666,2.83044,84.52772
Chelsea Cross,d654a3c8-46fc-4466-b132-8b2ba7258344,06/23/2025,1750679867.33,Conditioning 6.23.25,201,b36c6e1e-95ba-4222-babb-d6113b736e78,24,1750676620.29,Central Midfielder,Rice WSOC,June,Monday,3128.85,0.0,2.6976,3128.85,3.40436,574.89553,307.6747,99.40586,173.46986,214.56525,430.18505,59.87515,12.88438,69.37666,2.79256,83.25159
Mia Brumlow,e9141800-8f9c-4a98-8265-2ae17f48913e,06/23/2025,1750679867.33,Conditioning 6.23.25,201,b36c6e1e-95ba-4222-babb-d6113b736e78,13,1750676620.29,Wide Midfielder,Rice WSOC,June,Monday,3128.85,0.0,2.69913,3128.85,3.66485,404.23738,235.28524,88.47755,138.82095,157.3459,297.52452,56.41479,14.14292,88.56385,2.82307,83.29882
Jordyn Mariam,f7e75558-805b-459d-b944-ec8d5a5beeac,06/23/2025,1750679867.33,Conditioning 6.23.25,201,b36c6e1e-95ba-4222-babb-d6113b736e78,5,1750676620.29,Wide Midfielder,Rice WSOC,June,Monday,3128.85,0.0,2.72682,3128.85,4.84031,455.05676,294.69444,116.30879,187.32427,185.34183,290.45578,59.35362,14.41958,88.58711,2.84819,84.1533
Sam Walker,ce80f564-5fb7-4c34-8faf-d75015152871,06/20/2025,1750418538.85,Conditioning 6.20.25,201,df1e5b95-f101-4a7c-8adb-c3930f170b8c,30,1750417272.43,Goalkeeper,Rice WSOC,June,Friday,1239.51,0.0,1.04404,1239.51,3.0047,190.63369,127.06119,58.85814,78.11714,82.72215,121.89336,12.45993,12.67877,71.20979,1.29237,81.33307
Naija Bruckner,59840313-0841-4a21-a5b5-b8b24cad01b8,06/20/2025,1750425488.0,Naija 6.20.25,201,443c373c-0176-42c3-9ddc-e5a50eb709e3,28,1750423122.0,Central Midfielder,Rice WSOC,June,Friday,2365.98,0.0,0.86288,2366.0,2.9075,156.67943,94.43694,77.32647,55.84298,63.98304,108.64158,8.91924,9.10665,75.82816,1.01277,35.29326
Naija Bruckner,59840313-0841-4a21-a5b5-b8b24cad01b8,06/20/2025,1750418538.85,Conditioning 6.20.25,201,df1e5b95-f101-4a7c-8adb-c3930f170b8c,28,1750417272.43,Central Midfielder,Rice WSOC,June,Friday,1239.51,0.0,1.02081,1239.51,3.4357,201.5716,119.89034,61.51201,73.80427,78.04349,142.82079,12.09952,12.7094,78.75497,1.32051,79.52368
Leah Chancey,85ed14d3-34f0-42fc-8477-c03064e998f4,06/20/2025,1750418538.85,Conditioning 6.20.25,201,df1e5b95-f101-4a7c-8adb-c3930f170b8c,23,1750417272.43,Central Midfielder,Rice WSOC,June,Friday,1239.51,0.0,1.03572,1239.51,3.37301,214.36514,121.95066,61.39707,65.9659,88.52462,158.4773,11.588,12.03613,60.22183,1.26738,80.68481
Jadyn Jaeger,8e9bb6cd-180e-47be-afa1-39abe9300b25,06/20/2025,1750418538.85,Conditioning 6.20.25,201,df1e5b95-f101-4a7c-8adb-c3930f170b8c,11,1750417272.43,Full Back,Rice WSOC,June,Friday,1239.51,0.0,1.05797,1239.51,2.76986,160.36332,106.25911,52.24645,72.27373,62.31839,103.67006,12.37961,13.34452,84.96998,1.36494,82.41847
Kirsten Ruf,9a8fba27-951b-4253-aac1-ae31800ac075,06/20/2025,1750418538.85,Conditioning 6.20.25,201,df1e5b95-f101-4a7c-8adb-c3930f170b8c,22,1750417272.43,Goalkeeper,Rice WSOC,June,Friday,1239.51,0.0,0.95124,1239.51,3.25884,183.2008,122.76803,58.88078,75.89575,81.2529,117.42972,11.00397,13.4132,72.83348,1.24995,74.1034
Laurel Kelley,a3fa5f45-c40a-44d8-ae81-6ac82f3fc9ef,06/20/2025,1750418538.85,Conditioning 6.20.25,201,df1e5b95-f101-4a7c-8adb-c3930f170b8c,21,1750417272.43,Forward,Rice WSOC,June,Friday,1239.51,0.0,1.04494,1239.51,3.80347,187.88629,115.3097,61.62947,71.42366,74.59524,130.53106,12.51127,13.13453,74.27986,1.32095,81.40306
Dayo Tennyson,d0c5a2ec-d0d5-4ae1-bc9f-ae270bfc51e9,06/20/2025,1750418538.85,Conditioning 6.20.25,201,df1e5b95-f101-4a7c-8adb-c3930f170b8c,3,1750417272.43,Full Back,Rice WSOC,June,Friday,1239.51,0.0,1.02686,1239.51,3.87568,201.64344,118.77414,71.86791,73.79563,76.73836,137.39153,12.36568,12.84027,84.71192,1.30768,79.99482
Chelsea Cross,d654a3c8-46fc-4466-b132-8b2ba7258344,06/20/2025,1750418538.85,Conditioning 6.20.25,201,df1e5b95-f101-4a7c-8adb-c3930f170b8c,24,1750417272.43,Central Midfielder,Rice WSOC,June,Friday,1239.51,0.0,1.04548,1239.51,3.50424,215.65268,112.95804,54.32302,64.28694,79.07115,164.64607,12.63565,12.96512,68.96876,1.32787,81.44561
Mia Brumlow,e9141800-8f9c-4a98-8265-2ae17f48913e,06/20/2025,1750418650.11,Conditioning 6.20.25,201,df1e5b95-f101-4a7c-8adb-c3930f170b8c,13,1750417272.43,Wide Midfielder,Rice WSOC,June,Friday,1339.62,0.0,1.49879,1339.62,2.23663,214.81493,124.6683,53.35815,79.92091,77.85863,157.60678,24.74756,10.71183,38.37239,1.52433,108.03365
Jordyn Mariam,f7e75558-805b-459d-b944-ec8d5a5beeac,06/20/2025,1750418538.85,Conditioning 6.20.25,201,df1e5b95-f101-4a7c-8adb-c3930f170b8c,5,1750417272.43,Wide Midfielder,Rice WSOC,June,Friday,1239.51,0.0,1.03217,1239.51,3.3271,187.13997,121.01293,68.47466,74.70006,79.25212,121.20228,11.38572,13.02504,73.71302,1.29762,80.40802
Naija Bruckner,59840313-0841-4a21-a5b5-b8b24cad01b8,06/18/2025,1750249874.38,Conditioning 6.18.25,201,41d30649-aa9f-4e8c-8237-7bd0f9701806,28,1750244427.51,Central Midfielder,Rice WSOC,June,Wednesday,4984.43,0.0,3.32649,4984.43,4.141,638.27534,378.44577,195.80653,237.06118,246.04366,456.27723,58.5988,13.8073,76.59595,3.52128,64.4423
Leah Chancey,85ed14d3-34f0-42fc-8477-c03064e998f4,06/18/2025,1750247387.59,Conditioning 6.18.25,201,41d30649-aa9f-4e8c-8237-7bd0f9701806,23,1750244427.51,Central Midfielder,Rice WSOC,June,Wednesday,2912.11,0.0,2.35282,2912.11,2.83948,383.72143,213.00136,85.15464,125.34715,142.65753,285.47759,41.02254,11.69376,59.29544,2.41885,78.01552
Jadyn Jaeger,8e9bb6cd-180e-47be-afa1-39abe9300b25,06/18/2025,1750247387.59,Conditioning 6.18.25,201,41d30649-aa9f-4e8c-8237-7bd0f9701806,11,1750244427.51,Full Back,Rice WSOC,June,Wednesday,2912.1,0.0,2.51132,2912.11,3.2218,327.33468,234.61743,93.02705,172.93997,120.73394,193.81328,52.85662,13.40973,82.77385,2.60094,83.63398
Laurel Kelley,a3fa5f45-c40a-44d8-ae81-6ac82f3fc9ef,06/18/2025,1750247387.59,Conditioning 6.18.25,201,41d30649-aa9f-4e8c-8237-7bd0f9701806,21,1750244427.51,Forward,Rice WSOC,June,Wednesday,2912.1,0.0,2.44921,2912.11,3.32745,373.02151,221.4269,101.84937,131.16854,147.67259,263.42823,44.91469,12.5023,76.7436,2.52935,81.56812
Sam Walker,ce80f564-5fb7-4c34-8faf-d75015152871,06/18/2025,1750247387.59,Conditioning 6.18.25,201,41d30649-aa9f-4e8c-8237-7bd0f9701806,30,1750244427.51,Goalkeeper,Rice WSOC,June,Wednesday,2912.1,0.0,2.25236,2912.11,2.79441,397.85754,262.88514,88.87652,164.42509,168.2808,256.94113,47.95556,11.79452,71.79937,2.31315,76.21842
Chelsea Cross,d654a3c8-46fc-4466-b132-8b2ba7258344,06/18/2025,1750247387.59,Conditioning 6.18.25,201,41d30649-aa9f-4e8c-8237-7bd0f9701806,24,1750244427.51,Central Midfielder,Rice WSOC,June,Wednesday,2912.09,0.0,2.27585,2912.11,3.41494,489.30087,260.14288,84.78791,135.99272,191.40734,368.32759,47.0588,12.04996,50.48769,2.34618,76.59965
Naija Bruckner,59840313-0841-4a21-a5b5-b8b24cad01b8,06/16/2025,1750076478.0,Naija 6.16.25,201,705ce9c2-4604-475d-9d47-0371effa8272,28,1750071540.0,Central Midfielder,Rice WSOC,June,Monday,4937.98,0.0,2.40663,4938.0,4.66132,470.06229,288.8987,165.95874,177.25104,186.63449,323.37344,31.59421,14.46246,82.95464,2.73795,47.50026
Naija Bruckner,59840313-0841-4a21-a5b5-b8b24cad01b8,06/13/2025,1749818902.0,Naija 6.13.25,201,3de46a37-20b1-4c80-b5b9-bff59c6c552b,28,1749816730.0,Central Midfielder,Rice WSOC,June,Friday,2171.98,0.0,1.21155,2172.0,3.63571,223.60205,143.91474,80.16031,81.80297,100.72839,150.80613,11.86624,13.73903,85.79011,1.53729,54.60087
Naija Bruckner,59840313-0841-4a21-a5b5-b8b24cad01b8,06/11/2025,1749646215.0,Naija 6.11.25,201,bb2344e9-ea91-42fc-84e2-1977a8c82e58,28,1749643871.0,Central Midfielder,Rice WSOC,June,Wednesday,2343.98,0.0,1.77192,2344.0,3.58936,362.21271,216.15752,122.53048,130.93942,144.78799,257.41004,20.93653,11.60523,58.0958,2.20295,74.18369
Naija Bruckner,59840313-0841-4a21-a5b5-b8b24cad01b8,06/09/2025,1749473287.74,Naija 6.9.25,201,1d1c730f-a5dd-4829-aa57-4ca090f3acd0,28,1749472623.57,Central Midfielder,Rice WSOC,June,Monday,664.16,0.0,0.23649,664.17,3.38155,74.6787,46.51314,74.03341,28.24387,31.04779,51.16621,0.35091,4.34316,14.61218,0.25494,36.55262
Naija Bruckner,59840313-0841-4a21-a5b5-b8b24cad01b8,06/06/2025,1749216192.0,Naija 6.6.25,201,e219a231-df10-4234-a565-f91b663634fc,28,1749214097.0,Central Midfielder,Rice WSOC,June,Friday,2094.98,0.0,1.56874,2095.0,4.12775,290.57266,173.27921,100.62734,105.40234,115.24055,207.17221,20.81607,13.54229,68.29709,1.86796,73.07199
Naija Bruckner,59840313-0841-4a21-a5b5-b8b24cad01b8,06/04/2025,1749043265.0,naija 6.4.25,201,1f65fa10-ede4-4318-bcc3-910356d90d4b,28,1749040616.0,Central Midfielder,Rice WSOC,June,Wednesday,2648.98,0.0,1.90533,2649.0,3.34723,351.55457,214.47407,126.78798,125.04582,148.82212,247.09137,19.59189,12.15422,64.4511,2.25959,70.39613
Naija Bruckner,59840313-0841-4a21-a5b5-b8b24cad01b8,06/02/2025,1748869379.0,Naija 6.2.25,201,f3f5fd04-304c-4997-ac6b-089422bb2e6f,28,1748867691.0,Central Midfielder,Rice WSOC,June,Monday,1687.98,0.0,1.07067,1688.0,3.9414,203.81525,119.19429,66.78404,72.00375,79.82909,147.10193,12.98424,12.12846,71.18885,1.2852,62.77137
Naija Bruckner,59840313-0841-4a21-a5b5-b8b24cad01b8,05/30/2025,1748616246.0,Naija 5.30.25,201,aa3def1e-2156-43a9-abed-8916ed1b1a7d,28,1748613735.0,Central Midfielder,Rice WSOC,May,Friday,2510.98,0.0,1.68548,2511.0,4.20607,316.8783,186.7161,99.24361,109.50767,127.8169,228.0291,20.90159,14.00597,80.38961,2.01849,66.0489
Naija Bruckner,59840313-0841-4a21-a5b5-b8b24cad01b8,05/09/2025,1746810158.27,Naija 5.9.25,201,512793e4-5ade-4d52-b9d8-d756e20201e4,28,1746807185.86,Central Midfielder,Rice WSOC,May,Friday,2972.41,0.0,1.25032,2972.41,4.27946,214.91324,136.18841,80.51327,78.95872,93.45448,145.53293,11.80185,15.78567,79.84394,1.64067,40.61749
Naija Bruckner,59840313-0841-4a21-a5b5-b8b24cad01b8,05/05/2025,1746456426.15,Naija 5.5.25,201,14f425f3-b4af-47e3-8c19-e003602bd6e3,28,1746455054.02,Central Midfielder,Rice WSOC,May,Monday,1372.13,0.0,0.68695,1372.13,4.17434,124.51603,76.79746,39.2323,45.27781,51.9179,86.99192,8.50923,16.77829,86.03731,0.93535,48.34278
Naija Bruckner,59840313-0841-4a21-a5b5-b8b24cad01b8,05/02/2025,1746212620.96,Naija 5.2.25,201,ad722870-1ae7-47c5-8b99-1856c2d1271a,28,1746210952.4,Central Midfielder,Rice WSOC,May,Friday,1668.56,0.0,0.69395,1668.56,5.00438,124.11664,79.60009,48.54648,49.07632,51.84365,83.87353,5.37591,16.76722,87.25739,0.98585,40.15936
Naija Bruckner,59840313-0841-4a21-a5b5-b8b24cad01b8,04/30/2025,1746043718.8,Naija 4.30.25,201,31d29e7d-0074-4253-9736-b71bbb3d1bbd,28,1746043072.22,Central Midfielder,Rice WSOC,April,Wednesday,646.58,0.0,0.26706,646.58,4.08853,44.08885,28.30712,21.32136,16.86836,18.9972,29.94687,2.00383,13.2879,81.46545,0.40261,39.88314
Naija Bruckner,59840313-0841-4a21-a5b5-b8b24cad01b8,04/28/2025,1745870214.59,Naija 4.28.25,201,2b8b86db-2844-4d2a-85bb-762173bd5013,28,1745868415.53,Central Midfielder,Rice WSOC,April,Monday,1799.06,0.0,1.15058,1799.06,4.71252,191.33838,113.95345,55.90978,67.68077,76.93882,136.19683,11.83986,16.80716,81.69965,1.38956,61.75469
Naija Bruckner,59840313-0841-4a21-a5b5-b8b24cad01b8,04/25/2025,1745610452.43,Naija 4.25.25,201,e41d43f0-3b99-42ec-a1f0-e0e6f4cc3982,28,1745609095.47,Central Midfielder,Rice WSOC,April,Friday,1356.96,0.0,0.92521,1356.96,4.50124,152.18498,89.13428,46.96827,51.23208,61.48869,110.16825,8.99549,15.7165,85.56209,1.0848,65.83773
Naija Bruckner,59840313-0841-4a21-a5b5-b8b24cad01b8,04/23/2025,1745440256.3,Naija 4.23.25,201,8dd8ec37-20b2-4a82-9cc2-95d24677b50b,28,1745438425.9,Central Midfielder,Rice WSOC,April,Wednesday,1830.4,0.0,1.23266,1830.4,4.44551,193.16153,118.96011,62.6129,70.83757,80.14273,134.61117,15.51279,16.88356,79.59864,1.41049,65.02775
Bailey Peek,1d2f6fbf-8215-4ae2-ae70-ed9d981fcd85,04/22/2025,1745353248.0,22.04.25 testing,201,c8ef53ea-5877-4df2-8fe8-9c22ae10f0aa,6,1745351121.0,Centre Back,Rice WSOC,April,Tuesday,2127.0,0.0,0.71217,2127.0,4.18471,122.89209,79.14596,76.54304,48.52877,51.68884,80.24945,6.95069,17.02134,87.50431,0.80357,32.33081
Allie Love,99ee597d-39b8-4fb7-9c63-0d052a15c0a8,04/22/2025,1745353248.0,22.04.25 testing,201,c8ef53ea-5877-4df2-8fe8-9c22ae10f0aa,17,1745351121.0,Forward,Rice WSOC,April,Tuesday,2127.0,0.0,0.72742,2127.0,5.06192,140.88387,91.36797,83.8964,55.69285,60.15385,91.0426,6.18407,15.66902,76.74493,0.81496,33.02313
Kenna Sanders,457dc155-bdf2-48cc-8a59-2f0b4ec42ae2,04/22/2025,1745353248.0,22.04.25 testing,201,c8ef53ea-5877-4df2-8fe8-9c22ae10f0aa,18,1745351121.0,Forward,Rice WSOC,April,Tuesday,2127.0,0.0,0.67896,2127.0,5.09009,118.36068,72.43004,71.34314,41.81179,49.66901,81.9197,6.87508,14.98787,65.3138,0.73382,30.82302
Carsyn Martz,5ec6f0de-aa33-44a6-9b7e-676076c27478,04/22/2025,1745353248.0,22.04.25 testing,201,c8ef53ea-5877-4df2-8fe8-9c22ae10f0aa,20,1745351121.0,Wide Midfielder,Rice WSOC,April,Tuesday,2127.0,0.0,0.70856,2127.0,5.06626,114.51994,70.74134,74.23229,41.92009,47.72908,77.94167,5.72177,17.93234,82.65773,0.78971,32.167
Sophie Zhang,713ce913-8f9b-41cb-b395-b08e3e69186f,04/22/2025,1745353248.0,22.04.25 testing,201,c8ef53ea-5877-4df2-8fe8-9c22ae10f0aa,9,1745351121.0,Forward,Rice WSOC,April,Tuesday,2127.0,0.0,0.70233,2127.0,4.35095,128.21031,80.64726,80.17829,47.99409,54.19098,85.96201,5.75276,16.0332,84.15769,0.78067,31.88409
Megan Sweeney,76ec7312-9b6e-4355-a747-4de0c8e2d8b9,04/22/2025,1745353248.0,22.04.25 testing,201,c8ef53ea-5877-4df2-8fe8-9c22ae10f0aa,0,1745351121.0,Goalkeeper,Rice WSOC,April,Tuesday,2127.0,0.0,0.71269,2127.0,4.45698,129.60222,79.58804,80.10001,53.06221,48.32907,89.82674,7.336,15.68893,70.96639,0.79191,32.35442
Kirsten Ruf,9a8fba27-951b-4253-aac1-ae31800ac075,04/22/2025,1745353248.0,22.04.25 testing,201,c8ef53ea-5877-4df2-8fe8-9c22ae10f0aa,22,1745351121.0,Goalkeeper,Rice WSOC,April,Tuesday,2127.0,0.0,0.69941,2127.0,4.3107,126.53686,82.66093,76.46665,51.35849,53.69654,82.01657,7.26814,16.47309,78.33231,0.78657,31.75171
Taylor Rish,81828efc-2855-4216-a0d1-6a7c9201d5a0,04/22/2025,1745353248.0,22.04.25 testing,201,c8ef53ea-5877-4df2-8fe8-9c22ae10f0aa,26,1745351121.0,Full Back,Rice WSOC,April,Tuesday,2127.0,0.0,0.60874,2127.0,5.80583,96.64263,60.65517,55.98651,35.12924,42.06433,65.14601,6.34821,16.85628,82.18798,0.67634,27.6354
Lauren Pickup,ae01c819-c49a-41ef-aa65-20df1a8a40a9,04/22/2025,1745353248.0,22.04.25 testing,201,c8ef53ea-5877-4df2-8fe8-9c22ae10f0aa,8,1745351121.0,Full Back,Rice WSOC,April,Tuesday,2127.0,0.0,0.70583,2127.0,4.96646,126.18199,83.31119,87.10627,51.09559,54.09044,81.1659,5.83649,16.77256,83.61214,0.7959,32.04299
Leah Chancey,85ed14d3-34f0-42fc-8477-c03064e998f4,04/22/2025,1745353248.0,22.04.25 testing,201,c8ef53ea-5877-4df2-8fe8-9c22ae10f0aa,23,1745351121.0,Central Midfielder,Rice WSOC,April,Tuesday,2127.0,0.0,0.62388,2127.0,4.29227,100.72256,59.74869,61.79584,35.51091,40.07432,70.86167,7.93797,15.85544,79.33632,0.70683,28.32262
Betty Velkova,8b0cb352-4da9-4349-b147-77a3736ea957,04/22/2025,1745353248.0,22.04.25 testing,201,c8ef53ea-5877-4df2-8fe8-9c22ae10f0aa,19,1745351121.0,Forward,Rice WSOC,April,Tuesday,2127.0,0.0,0.67642,2127.0,4.66243,110.84593,65.98286,63.02539,39.81174,43.79584,77.87266,6.44205,16.985,77.97091,0.75767,30.70762
Jules Johnston,931babc9-289c-47bf-970a-22d756ac9f5a,04/22/2025,1745353248.0,22.04.25 testing,201,c8ef53ea-5877-4df2-8fe8-9c22ae10f0aa,25,1745351121.0,Forward,Rice WSOC,April,Tuesday,2127.0,0.0,0.70169,2127.0,3.7648,116.68127,77.35236,78.51206,46.68285,51.67215,74.16738,6.50156,16.68216,83.5393,0.78173,31.85512
Lilly Reuscher,ad2c003d-9ca2-42b1-bc85-2440ab303b84,04/22/2025,1745353248.0,22.04.25 testing,201,c8ef53ea-5877-4df2-8fe8-9c22ae10f0aa,4,1745351121.0,Centre Back,Rice WSOC,April,Tuesday,2127.0,0.0,0.71978,2127.0,5.48011,148.69698,95.23348,100.69152,58.52256,61.92653,97.63249,6.21441,17.27024,84.94659,0.8192,32.67636
Eileen Albers,943afa05-aaac-4426-ba0c-1ebef4e76cb7,04/22/2025,1745353248.0,22.04.25 testing,201,c8ef53ea-5877-4df2-8fe8-9c22ae10f0aa,12,1745351121.0,Forward,Rice WSOC,April,Tuesday,2127.0,0.0,0.64476,2127.0,4.50031,106.90827,62.88845,60.64943,38.0052,42.33386,75.5478,6.49955,17.98028,97.75221,0.73966,29.27049
Mariana Elizondo,c3d64405-eb5d-4fc0-a8df-06af8ad627bf,04/22/2025,1745353248.0,22.04.25 testing,201,c8ef53ea-5877-4df2-8fe8-9c22ae10f0aa,10,1745351121.0,Central Midfielder,Rice WSOC,April,Tuesday,2127.0,0.0,0.71805,2127.0,3.27731,129.21573,80.85387,82.78005,50.08858,53.13633,87.2475,6.40297,16.56255,86.55932,0.80203,32.5978
Dayo Tennyson,d0c5a2ec-d0d5-4ae1-bc9f-ae270bfc51e9,04/22/2025,1745353248.0,22.04.25 testing,201,c8ef53ea-5877-4df2-8fe8-9c22ae10f0aa,3,1745351121.0,Full Back,Rice WSOC,April,Tuesday,2127.0,0.0,0.70687,2127.0,5.05483,142.06123,91.42634,95.61697,57.47469,58.16524,91.30827,9.14102,19.11212,116.02914,0.79918,32.08996
Camille Quarterman,e710b8f7-8542-490c-80f0-c110cb9ed839,04/22/2025,1745353248.0,22.04.25 testing,201,c8ef53ea-5877-4df2-8fe8-9c22ae10f0aa,33,1745351121.0,Wide Midfielder,Rice WSOC,April,Tuesday,2127.0,0.0,0.70855,2127.0,4.34781,149.80586,92.32293,100.63507,57.60189,59.58977,102.02786,5.86084,18.45441,101.17727,0.80807,32.16666
Mia Brumlow,e9141800-8f9c-4a98-8265-2ae17f48913e,04/22/2025,1745353248.0,22.04.25 testing,201,c8ef53ea-5877-4df2-8fe8-9c22ae10f0aa,13,1745351121.0,Wide Midfielder,Rice WSOC,April,Tuesday,2127.0,0.0,0.64374,2127.0,4.71915,98.90751,61.11587,58.76761,36.70602,41.04909,67.70275,6.0448,17.23781,86.29264,0.73303,29.22443
Jordyn Mariam,f7e75558-805b-459d-b944-ec8d5a5beeac,04/22/2025,1745353248.0,22.04.25 testing,201,c8ef53ea-5877-4df2-8fe8-9c22ae10f0aa,5,1745351121.0,Wide Midfielder,Rice WSOC,April,Tuesday,2127.0,0.0,0.64495,2127.0,4.20078,112.54001,71.06366,72.04583,44.03614,46.6287,75.55913,4.94254,17.06242,90.62514,0.71888,29.27907
Piper Biziorek,fb332127-6268-4995-a140-9076566dc702,04/22/2025,1745353248.0,22.04.25 testing,201,c8ef53ea-5877-4df2-8fe8-9c22ae10f0aa,15,1745351121.0,Central Midfielder,Rice WSOC,April,Tuesday,2126.99,0.0,0.72031,2127.0,4.62371,119.08515,78.32815,71.48583,48.59393,50.60625,78.02429,9.93721,16.62395,81.66216,0.80312,32.87155
Camille Quarterman,e710b8f7-8542-490c-80f0-c110cb9ed839,04/19/2025,1745095482.0,19.04.25 v LSU,201,a7cf06d5-e55c-4960-be18-906c48be70e5,33,1745089022.0,Wide Midfielder,Rice WSOC,April,Saturday,2357.81,3192.19,2.05709,2357.81,6.68641,336.17999,217.04306,135.30014,128.41833,149.26375,216.72443,23.36679,17.19992,91.32619,2.39812,84.24526
Jordyn Mariam,f7e75558-805b-459d-b944-ec8d5a5beeac,04/19/2025,1745095482.0,19.04.25 v LSU,201,a7cf06d5-e55c-4960-be18-906c48be70e5,5,1745089022.0,Wide Midfielder,Rice WSOC,April,Saturday,2374.76,3175.24,2.32664,2374.76,5.37943,451.86667,291.51797,122.53952,173.67051,195.3819,289.73746,33.27708,16.11372,74.86651,2.66238,94.60382
Bailey Peek,1d2f6fbf-8215-4ae2-ae70-ed9d981fcd85,04/19/2025,1745095482.0,19.04.25 v LSU,201,a7cf06d5-e55c-4960-be18-906c48be70e5,6,1745089022.0,Centre Back,Rice WSOC,April,Saturday,1777.09,3772.91,1.98438,1777.09,3.75633,322.32471,202.08409,109.16376,113.09125,143.25397,216.50177,32.1657,15.80812,60.76784,2.2147,107.82396
Kenna Sanders,457dc155-bdf2-48cc-8a59-2f0b4ec42ae2,04/19/2025,1745095482.0,19.04.25 v LSU,201,a7cf06d5-e55c-4960-be18-906c48be70e5,18,1745089022.0,Forward,Rice WSOC,April,Saturday,5550.0,0.0,0.22571,5550.0,3.31255,66.78871,42.97455,51.72275,22.15606,31.80788,42.62483,4.38658,12.25342,39.5853,0.24073,3.9269
Carsyn Martz,5ec6f0de-aa33-44a6-9b7e-676076c27478,04/19/2025,1745095482.0,19.04.25 v LSU,201,a7cf06d5-e55c-4960-be18-906c48be70e5,20,1745089022.0,Wide Midfielder,Rice WSOC,April,Saturday,3464.29,2085.71,3.65158,3464.29,9.19374,607.08495,354.95461,162.77254,199.57516,250.37459,433.98372,53.76283,16.42048,75.70622,4.15647,101.78099
Sophie Zhang,713ce913-8f9b-41cb-b395-b08e3e69186f,04/19/2025,1745095482.0,19.04.25 v LSU,201,a7cf06d5-e55c-4960-be18-906c48be70e5,9,1745089022.0,Forward,Rice WSOC,April,Saturday,1302.17,4247.83,1.49117,1302.17,4.4806,298.21698,176.13911,85.9351,93.5584,128.08262,209.24335,23.4727,14.89518,57.01366,1.71684,110.57585
Megan Sweeney,76ec7312-9b6e-4355-a747-4de0c8e2d8b9,04/19/2025,1745095482.0,19.04.25 v LSU,201,a7cf06d5-e55c-4960-be18-906c48be70e5,0,1745092729.0,Goalkeeper,Rice WSOC,April,Saturday,2753.0,0.0,1.84894,2753.0,4.79309,279.69135,175.32205,158.25424,116.22076,107.09494,188.98953,15.17505,13.59172,66.36798,2.06929,64.85112
Taylor Rish,81828efc-2855-4216-a0d1-6a7c9201d5a0,04/19/2025,1745095482.0,19.04.25 v LSU,201,a7cf06d5-e55c-4960-be18-906c48be70e5,7,1745089022.0,Full Back,Rice WSOC,April,Saturday,5550.0,0.0,4.94597,5550.0,6.30998,837.4115,502.02782,298.44149,304.29294,336.96821,583.30202,63.4785,17.37326,81.57624,5.53683,86.05155
Leah Chancey,85ed14d3-34f0-42fc-8477-c03064e998f4,04/19/2025,1745095482.0,19.04.25 v LSU,201,a7cf06d5-e55c-4960-be18-906c48be70e5,23,1745089022.0,Central Midfielder,Rice WSOC,April,Saturday,4207.59,1342.41,4.31557,4207.59,4.15141,758.56693,445.20644,233.51936,256.76867,305.35564,533.09413,55.79016,14.14413,65.07213,4.76709,99.03878
Betty Velkova,8b0cb352-4da9-4349-b147-77a3736ea957,04/19/2025,1745095482.0,19.04.25 v LSU,201,a7cf06d5-e55c-4960-be18-906c48be70e5,19,1745089022.0,Forward,Rice WSOC,April,Saturday,2130.88,3419.12,2.52914,2130.88,7.81637,516.55875,317.55501,112.46483,199.93464,201.32854,355.11548,41.98623,15.68708,81.27795,2.88277,114.60766
Jules Johnston,931babc9-289c-47bf-970a-22d756ac9f5a,04/19/2025,1745091819.0,19.04.25 v LSU,201,a7cf06d5-e55c-4960-be18-906c48be70e5,25,1745089022.0,Forward,Rice WSOC,April,Saturday,337.57,2459.43,0.36433,337.57,4.12613,63.07588,39.10431,14.43806,22.47485,26.98371,43.30293,5.55434,15.82305,56.20507,0.40659,104.21393
Eileen Albers,943afa05-aaac-4426-ba0c-1ebef4e76cb7,04/19/2025,1745095482.0,19.04.25 v LSU,201,a7cf06d5-e55c-4960-be18-906c48be70e5,12,1745089022.0,Forward,Rice WSOC,April,Saturday,4834.2,715.8,4.2601,4834.2,5.77404,707.435,398.65852,222.90096,236.50671,270.912,521.3898,49.76163,15.78896,109.65067,4.77335,85.09321
Allie Love,99ee597d-39b8-4fb7-9c63-0d052a15c0a8,04/19/2025,1745095482.0,19.04.25 v LSU,201,a7cf06d5-e55c-4960-be18-906c48be70e5,17,1745089022.0,Forward,Rice WSOC,April,Saturday,5075.81,474.19,5.60556,5075.81,5.75519,950.0929,600.06671,295.19388,352.72081,408.09551,636.71814,83.8113,15.82528,79.4325,6.27543,106.63842
Kirsten Ruf,9a8fba27-951b-4253-aac1-ae31800ac075,04/19/2025,1745091819.0,19.04.25 v LSU,201,a7cf06d5-e55c-4960-be18-906c48be70e5,22,1745089022.0,Goalkeeper,Rice WSOC,April,Saturday,2797.0,0.0,1.28918,2797.0,6.81104,174.38626,110.3362,121.06029,65.90759,74.60002,116.20195,7.97744,14.41237,91.6261,1.40547,44.50638
Lilly Reuscher,ad2c003d-9ca2-42b1-bc85-2440ab303b84,04/19/2025,1745095482.0,19.04.25 v LSU,201,a7cf06d5-e55c-4960-be18-906c48be70e5,4,1745089022.0,Centre Back,Rice WSOC,April,Saturday,5550.0,0.0,4.43922,5550.0,5.51428,714.05243,448.83698,270.97682,253.82048,314.15925,480.9789,52.08398,16.67373,74.87681,4.95909,77.23493
Lauren Pickup,ae01c819-c49a-41ef-aa65-20df1a8a40a9,04/19/2025,1745095482.0,19.04.25 v LSU,201,a7cf06d5-e55c-4960-be18-906c48be70e5,8,1745089022.0,Full Back,Rice WSOC,April,Saturday,2685.25,2864.75,3.30882,2685.25,4.52679,567.26787,353.42599,142.30408,190.86598,253.42533,382.05731,51.71172,15.19112,73.68638,3.80135,118.98385
Mariana Elizondo,c3d64405-eb5d-4fc0-a8df-06af8ad627bf,04/19/2025,1745095482.0,19.04.25 v LSU,201,a7cf06d5-e55c-4960-be18-906c48be70e5,10,1745092729.0,Central Midfielder,Rice WSOC,April,Saturday,2098.16,654.84,2.30884,2098.16,5.1587,386.13049,229.56491,119.32932,141.6088,151.28122,273.27826,32.25521,14.81536,68.02212,2.54794,106.25647
Dayo Tennyson,d0c5a2ec-d0d5-4ae1-bc9f-ae270bfc51e9,04/19/2025,1745095482.0,19.04.25 v LSU,201,a7cf06d5-e55c-4960-be18-906c48be70e5,3,1745089022.0,Full Back,Rice WSOC,April,Saturday,4360.73,1189.27,3.92087,4360.73,6.46049,763.22498,479.57474,293.27467,296.32742,310.95079,501.15283,51.9345,16.4196,112.47546,4.56122,86.8207
Piper Biziorek,fb332127-6268-4995-a140-9076566dc702,04/19/2025,1745095482.0,19.04.25 v LSU,201,a7cf06d5-e55c-4960-be18-906c48be70e5,15,1745089022.0,Central Midfielder,Rice WSOC,April,Saturday,4038.95,1511.05,4.37393,4038.95,4.90833,863.19901,559.51547,252.74446,311.91197,395.66547,564.13132,62.70321,17.21736,94.8874,5.19464,104.56915
Mia Brumlow,e9141800-8f9c-4a98-8265-2ae17f48913e,04/19/2025,1745095482.0,19.04.25 v LSU,201,a7cf06d5-e55c-4960-be18-906c48be70e5,13,1745089022.0,Wide Midfielder,Rice WSOC,April,Saturday,1622.81,3927.19,1.68409,1622.81,5.85592,287.1357,166.16228,84.94072,103.78242,107.56147,208.48393,21.51828,15.12053,72.32099,1.93097,100.20697
Mia Brumlow,e9141800-8f9c-4a98-8265-2ae17f48913e,04/18/2025,1744999976.0,18.04.25 MD-1,201,08098491-df73-411a-ac1b-330d34c485aa,13,1744998060.0,Wide Midfielder,Rice WSOC,April,Friday,1869.0,0.0,0.87833,1869.0,3.85454,137.91641,83.77683,77.64018,49.42648,56.86699,95.96086,6.7137,13.98499,74.96929,0.99821,45.37856
Taylor Rish,81828efc-2855-4216-a0d1-6a7c9201d5a0,04/18/2025,1744999976.0,18.04.25 MD-1,201,08098491-df73-411a-ac1b-330d34c485aa,7,1744998060.0,Full Back,Rice WSOC,April,Friday,1869.0,0.0,0.80271,1869.0,3.99286,115.98964,69.83051,67.58392,39.65062,48.99078,79.97618,6.41821,12.94359,73.4101,0.91169,41.47165
Piper Biziorek,fb332127-6268-4995-a140-9076566dc702,04/18/2025,1744999976.0,18.04.25 MD-1,201,08098491-df73-411a-ac1b-330d34c485aa,15,1744998060.0,Central Midfielder,Rice WSOC,April,Friday,1869.0,0.0,1.06663,1869.0,3.79062,164.12069,108.06807,88.65227,68.8663,68.44894,106.15627,9.23857,13.96586,74.88969,1.20467,55.10671
Camille Quarterman,e710b8f7-8542-490c-80f0-c110cb9ed839,04/18/2025,1744999976.0,18.04.25 MD-1,201,08098491-df73-411a-ac1b-330d34c485aa,33,1744998060.0,Wide Midfielder,Rice WSOC,April,Friday,1869.0,0.0,0.92327,1869.0,3.72004,154.4087,97.32843,95.65482,59.38502,64.55065,102.91381,8.86377,15.39306,102.10694,1.06109,47.70032
Dayo Tennyson,d0c5a2ec-d0d5-4ae1-bc9f-ae270bfc51e9,04/18/2025,1744999976.0,18.04.25 MD-1,201,08098491-df73-411a-ac1b-330d34c485aa,3,1744998060.0,Full Back,Rice WSOC,April,Friday,1869.0,0.0,0.82379,1869.0,3.55694,166.8711,109.12698,110.5283,66.86469,71.93689,106.07276,6.93124,15.3352,98.9957,0.95187,42.56042
Mariana Elizondo,c3d64405-eb5d-4fc0-a8df-06af8ad627bf,04/18/2025,1744999976.0,18.04.25 MD-1,201,08098491-df73-411a-ac1b-330d34c485aa,10,1744998060.0,Central Midfielder,Rice WSOC,April,Friday,1869.0,0.0,0.93574,1869.0,3.21189,169.96815,108.03753,106.61416,66.35411,71.26655,112.76487,7.41285,13.28886,71.08124,1.04655,48.34424
Lauren Pickup,ae01c819-c49a-41ef-aa65-20df1a8a40a9,04/18/2025,1744999976.0,18.04.25 MD-1,201,08098491-df73-411a-ac1b-330d34c485aa,8,1744998060.0,Full Back,Rice WSOC,April,Friday,1869.0,0.0,0.90065,1869.0,3.14204,151.5587,101.33752,98.58428,62.52693,66.68901,96.47718,6.56893,14.03604,73.70115,1.01324,46.53127
Lilly Reuscher,ad2c003d-9ca2-42b1-bc85-2440ab303b84,04/18/2025,1744999976.0,18.04.25 MD-1,201,08098491-df73-411a-ac1b-330d34c485aa,4,1744998060.0,Centre Back,Rice WSOC,April,Friday,1869.0,0.0,0.84155,1869.0,4.13865,161.72791,106.04827,100.62257,64.61405,69.88809,104.22682,6.16933,13.76002,73.55096,0.95912,43.47798
Kirsten Ruf,9a8fba27-951b-4253-aac1-ae31800ac075,04/18/2025,1744999976.0,18.04.25 MD-1,201,08098491-df73-411a-ac1b-330d34c485aa,22,1744998060.0,Goalkeeper,Rice WSOC,April,Friday,1821.25,0.0,0.95033,1821.25,6.31512,170.59344,108.25476,111.93939,67.66575,69.83607,112.99027,7.09209,14.5159,86.51902,1.111,50.38561
Allie Love,99ee597d-39b8-4fb7-9c63-0d052a15c0a8,04/18/2025,1744999976.0,18.04.25 MD-1,201,08098491-df73-411a-ac1b-330d34c485aa,17,1744998060.0,Forward,Rice WSOC,April,Friday,1869.0,0.0,0.97523,1869.0,4.79061,177.89819,113.72697,106.3905,67.34464,76.58355,116.78897,7.97782,14.7308,78.51751,1.09503,50.38437
Eileen Albers,943afa05-aaac-4426-ba0c-1ebef4e76cb7,04/18/2025,1744999976.0,18.04.25 MD-1,201,08098491-df73-411a-ac1b-330d34c485aa,12,1744998060.0,Forward,Rice WSOC,April,Friday,1869.0,0.0,0.95519,1869.0,4.3814,155.52715,88.5401,79.50656,54.90797,57.79049,112.66496,8.66854,15.84632,101.20304,1.11432,49.34906
Jules Johnston,931babc9-289c-47bf-970a-22d756ac9f5a,04/18/2025,1744999976.0,18.04.25 MD-1,201,08098491-df73-411a-ac1b-330d34c485aa,25,1744998060.0,Forward,Rice WSOC,April,Friday,1869.0,0.0,0.89803,1869.0,4.20193,143.58368,92.50841,83.20356,55.76276,61.52646,94.63486,7.09053,13.38126,69.24657,1.00775,46.39609
Betty Velkova,8b0cb352-4da9-4349-b147-77a3736ea957,04/18/2025,1744999976.0,18.04.25 MD-1,201,08098491-df73-411a-ac1b-330d34c485aa,19,1744998060.0,Forward,Rice WSOC,April,Friday,1869.0,0.0,0.88354,1869.0,4.2293,158.90575,96.33311,94.10405,59.90387,61.92773,110.38839,6.94824,13.77952,77.69698,1.00596,45.64757
Leah Chancey,85ed14d3-34f0-42fc-8477-c03064e998f4,04/18/2025,1744999976.0,18.04.25 MD-1,201,08098491-df73-411a-ac1b-330d34c485aa,23,1744998060.0,Central Midfielder,Rice WSOC,April,Friday,1869.0,0.0,0.87854,1869.0,4.29898,164.0244,101.19072,95.78763,62.37232,65.68972,112.58703,6.75914,13.45385,67.40416,0.97548,45.38925
Megan Sweeney,76ec7312-9b6e-4355-a747-4de0c8e2d8b9,04/18/2025,1744999976.0,18.04.25 MD-1,201,08098491-df73-411a-ac1b-330d34c485aa,0,1744998060.0,Goalkeeper,Rice WSOC,April,Friday,1821.25,0.0,1.06908,1821.25,6.32026,194.76794,123.76681,128.59385,84.14862,73.19648,129.05064,8.25454,14.19322,74.14732,1.208,56.68135
Sophie Zhang,713ce913-8f9b-41cb-b395-b08e3e69186f,04/18/2025,1744999976.0,18.04.25 MD-1,201,08098491-df73-411a-ac1b-330d34c485aa,9,1744998060.0,Forward,Rice WSOC,April,Friday,1869.0,0.0,0.87628,1869.0,4.20706,163.18954,105.48586,98.41979,65.69349,68.55126,105.93486,6.30086,13.95493,72.4155,1.00289,45.27253
Carsyn Martz,5ec6f0de-aa33-44a6-9b7e-676076c27478,04/18/2025,1744999976.0,18.04.25 MD-1,201,08098491-df73-411a-ac1b-330d34c485aa,20,1744998060.0,Wide Midfielder,Rice WSOC,April,Friday,1869.0,0.0,0.98823,1869.0,3.91554,157.61353,97.38366,93.56277,59.20763,64.59473,107.38176,8.07938,13.61827,76.6657,1.10848,51.05615
Jessica Molina,49ee30cf-715d-49d2-bfd4-f208c806a5db,04/18/2025,1744999976.0,18.04.25 MD-1,201,08098491-df73-411a-ac1b-330d34c485aa,16,1744998060.0,Forward,Rice WSOC,April,Friday,1869.0,0.0,0.9395,1869.0,3.6518,143.94685,88.07301,88.495,56.4069,55.49811,100.16234,7.51861,11.89092,70.52458,1.04788,48.53853
Kenna Sanders,457dc155-bdf2-48cc-8a59-2f0b4ec42ae2,04/18/2025,1744999976.0,18.04.25 MD-1,201,08098491-df73-411a-ac1b-330d34c485aa,18,1744998060.0,Forward,Rice WSOC,April,Friday,1869.0,0.0,0.90214,1869.0,5.317,195.23248,130.734,126.22236,80.52777,84.30741,118.98107,6.65758,12.99998,59.17154,1.00057,46.60841
Bailey Peek,1d2f6fbf-8215-4ae2-ae70-ed9d981fcd85,04/18/2025,1744999976.0,18.04.25 MD-1,201,08098491-df73-411a-ac1b-330d34c485aa,6,1744998060.0,Centre Back,Rice WSOC,April,Friday,1869.0,0.0,0.95526,1869.0,3.82575,149.10504,95.28398,91.76896,55.1397,66.08355,98.03276,8.39821,14.085,74.16234,1.06644,49.35268
Jordyn Mariam,f7e75558-805b-459d-b944-ec8d5a5beeac,04/18/2025,1744999976.0,18.04.25 MD-1,201,08098491-df73-411a-ac1b-330d34c485aa,5,1744998060.0,Wide Midfielder,Rice WSOC,April,Friday,1869.0,0.0,0.94619,1869.0,3.76193,157.96964,99.62138,94.40228,63.96608,63.09746,107.41391,7.12444,14.02761,83.51542,1.0762,48.88405
Carsyn Martz,5ec6f0de-aa33-44a6-9b7e-676076c27478,04/17/2025,1744924524.0,17.04.25 MD-2,201,08c7f544-6105-444c-82ac-a41bc96b5a80,20,1744919315.0,Wide Midfielder,Rice WSOC,April,Thursday,5123.0,0.0,3.12858,5123.0,4.02931,544.27393,328.67221,235.94578,194.48521,223.71014,378.47508,27.84991,13.86636,74.73679,3.48706,58.96897
Sophie Zhang,713ce913-8f9b-41cb-b395-b08e3e69186f,04/17/2025,1744924524.0,17.04.25 MD-2,201,08c7f544-6105-444c-82ac-a41bc96b5a80,9,1744919315.0,Forward,Rice WSOC,April,Thursday,5123.0,0.0,3.08602,5123.0,4.35913,570.09142,352.93922,261.30025,213.32181,234.90473,389.10558,29.25603,13.44534,81.54724,3.45687,58.16675
Kenna Sanders,457dc155-bdf2-48cc-8a59-2f0b4ec42ae2,04/17/2025,1744924524.0,17.04.25 MD-2,201,08c7f544-6105-444c-82ac-a41bc96b5a80,18,1744919315.0,Forward,Rice WSOC,April,Thursday,5123.0,0.0,2.9734,5123.0,4.23914,508.46015,295.01455,246.47277,163.71066,210.6026,365.49754,27.64632,13.56018,57.77418,3.27183,56.04395
Megan Sweeney,76ec7312-9b6e-4355-a747-4de0c8e2d8b9,04/17/2025,1744924524.0,17.04.25 MD-2,201,08c7f544-6105-444c-82ac-a41bc96b5a80,0,1744919315.0,Goalkeeper,Rice WSOC,April,Thursday,5123.0,0.0,2.49165,5123.0,5.07831,442.82364,287.44694,284.39255,190.15007,176.33488,289.24095,18.58764,14.20948,78.74859,2.91738,46.96384
Taylor Rish,81828efc-2855-4216-a0d1-6a7c9201d5a0,04/17/2025,1744924524.0,17.04.25 MD-2,201,08c7f544-6105-444c-82ac-a41bc96b5a80,7,1744919315.0,Full Back,Rice WSOC,April,Thursday,5122.98,0.0,2.37152,5123.0,4.63966,418.1975,264.91513,221.65007,155.35878,182.33338,279.35737,19.68562,13.24002,89.76991,2.6953,45.317
Leah Chancey,85ed14d3-34f0-42fc-8477-c03064e998f4,04/17/2025,1744924524.0,17.04.25 MD-2,201,08c7f544-6105-444c-82ac-a41bc96b5a80,23,1744919315.0,Central Midfielder,Rice WSOC,April,Thursday,5123.0,0.0,2.97604,5123.0,3.87313,477.36427,283.71233,225.65306,167.29355,190.99092,333.55523,29.48299,13.54566,69.63156,3.31567,56.09371
Betty Velkova,8b0cb352-4da9-4349-b147-77a3736ea957,04/17/2025,1744924524.0,17.04.25 MD-2,201,08c7f544-6105-444c-82ac-a41bc96b5a80,19,1744919315.0,Forward,Rice WSOC,April,Thursday,5123.0,0.0,3.16457,5123.0,4.56197,634.7179,379.0397,247.50991,234.97563,243.96992,442.34719,36.81816,14.02503,75.45297,3.56855,59.64719
Jules Johnston,931babc9-289c-47bf-970a-22d756ac9f5a,04/17/2025,1744924524.0,17.04.25 MD-2,201,08c7f544-6105-444c-82ac-a41bc96b5a80,25,1744919315.0,Forward,Rice WSOC,April,Thursday,5123.0,0.0,2.9402,5123.0,4.47999,491.99245,304.39486,213.56304,182.10122,202.86884,337.5071,27.49531,13.94222,67.25071,3.27142,55.41832
Eileen Albers,943afa05-aaac-4426-ba0c-1ebef4e76cb7,04/17/2025,1744924524.0,17.04.25 MD-2,201,08c7f544-6105-444c-82ac-a41bc96b5a80,12,1744919315.0,Forward,Rice WSOC,April,Thursday,5123.0,0.0,2.93861,5123.0,3.89468,497.24557,256.99128,187.74832,158.21613,168.50069,382.19895,30.72169,13.52227,89.16084,3.29775,55.38832
Allie Love,99ee597d-39b8-4fb7-9c63-0d052a15c0a8,04/17/2025,1744924524.0,17.04.25 MD-2,201,08c7f544-6105-444c-82ac-a41bc96b5a80,17,1744919315.0,Forward,Rice WSOC,April,Thursday,5123.0,0.0,3.60105,5123.0,5.14452,635.30019,408.35874,239.06289,251.70131,263.80429,415.75705,41.22532,13.68062,66.18887,4.04905,67.87419
Kirsten Ruf,9a8fba27-951b-4253-aac1-ae31800ac075,04/17/2025,1744924524.0,17.04.25 MD-2,201,08c7f544-6105-444c-82ac-a41bc96b5a80,22,1744919315.0,Goalkeeper,Rice WSOC,April,Thursday,5123.0,0.0,2.29682,5123.0,6.68201,373.15345,248.68981,250.35544,153.97731,162.09511,236.14885,15.11331,13.2806,80.53802,2.64836,43.29147
Lilly Reuscher,ad2c003d-9ca2-42b1-bc85-2440ab303b84,04/17/2025,1744924524.0,17.04.25 MD-2,201,08c7f544-6105-444c-82ac-a41bc96b5a80,4,1744919315.0,Centre Back,Rice WSOC,April,Thursday,5123.0,0.0,2.75015,5123.0,3.90476,505.66614,327.73876,254.99348,196.93743,217.76648,331.32716,24.76599,13.19021,74.53665,3.06266,51.836
Lauren Pickup,ae01c819-c49a-41ef-aa65-20df1a8a40a9,04/17/2025,1744924524.0,17.04.25 MD-2,201,08c7f544-6105-444c-82ac-a41bc96b5a80,8,1744919315.0,Full Back,Rice WSOC,April,Thursday,5123.0,0.0,3.45927,5123.0,3.79901,571.44299,359.47612,248.50479,208.04385,247.55777,383.9454,37.32729,15.15901,75.54209,3.91738,65.20196
Mariana Elizondo,c3d64405-eb5d-4fc0-a8df-06af8ad627bf,04/17/2025,1744924524.0,17.04.25 MD-2,201,08c7f544-6105-444c-82ac-a41bc96b5a80,10,1744919315.0,Central Midfielder,Rice WSOC,April,Thursday,5123.0,0.0,3.34324,5123.0,4.01214,639.45854,376.36065,242.80699,230.72851,247.40128,454.42292,37.11981,14.32461,70.38102,3.75533,63.01483
Dayo Tennyson,d0c5a2ec-d0d5-4ae1-bc9f-ae270bfc51e9,04/17/2025,1744924524.0,17.04.25 MD-2,201,08c7f544-6105-444c-82ac-a41bc96b5a80,3,1744919315.0,Full Back,Rice WSOC,April,Thursday,5123.0,0.0,2.89834,5123.0,4.07721,600.31625,379.65803,313.303,226.84784,257.11702,393.89668,24.61379,14.3126,90.0422,3.3147,54.62932
Camille Quarterman,e710b8f7-8542-490c-80f0-c110cb9ed839,04/17/2025,1744924524.0,17.04.25 MD-2,201,08c7f544-6105-444c-82ac-a41bc96b5a80,33,1744919315.0,Wide Midfielder,Rice WSOC,April,Thursday,5123.0,0.0,2.89963,5123.0,3.97366,489.9016,301.32428,243.26077,186.73544,197.36593,335.36574,28.08181,13.38722,81.92385,3.28976,54.65348
Mia Brumlow,e9141800-8f9c-4a98-8265-2ae17f48913e,04/17/2025,1744924524.0,17.04.25 MD-2,201,08c7f544-6105-444c-82ac-a41bc96b5a80,13,1744919315.0,Wide Midfielder,Rice WSOC,April,Thursday,5123.0,0.0,2.70582,5123.0,4.89029,452.32906,270.77668,211.53602,164.89062,179.23778,318.75482,25.64196,16.52842,80.32581,3.04054,51.00049
Jordyn Mariam,f7e75558-805b-459d-b944-ec8d5a5beeac,04/17/2025,1744924524.0,17.04.25 MD-2,201,08c7f544-6105-444c-82ac-a41bc96b5a80,5,1744919315.0,Wide Midfielder,Rice WSOC,April,Thursday,5123.0,0.0,2.65403,5123.0,4.57582,479.76486,306.95344,251.05772,179.47354,210.52655,313.70996,23.24385,12.93243,81.44567,3.00061,50.02432
Piper Biziorek,fb332127-6268-4995-a140-9076566dc702,04/17/2025,1744924524.0,17.04.25 MD-2,201,08c7f544-6105-444c-82ac-a41bc96b5a80,15,1744919315.0,Central Midfielder,Rice WSOC,April,Thursday,5123.0,0.0,3.41858,5123.0,3.64422,717.54068,500.06101,269.47754,305.16814,335.67929,423.68051,40.1167,13.95225,87.4425,3.90622,64.43502
Naija Bruckner,59840313-0841-4a21-a5b5-b8b24cad01b8,04/17/2025,1744921854.5,17.04.25 MD-2,201,08c7f544-6105-444c-82ac-a41bc96b5a80,28,1744920676.16,Central Midfielder,Rice WSOC,April,Thursday,1178.34,0.0,0.9881,1178.34,5.02005,152.15152,88.99909,51.01782,54.73215,57.909,109.63269,9.39264,17.50146,84.74895,1.16211,80.97138
Bailey Peek,1d2f6fbf-8215-4ae2-ae70-ed9d981fcd85,04/17/2025,1744924524.0,17.04.25 MD-2,201,08c7f544-6105-444c-82ac-a41bc96b5a80,6,1744919315.0,Centre Back,Rice WSOC,April,Thursday,5123.0,0.0,2.44351,5123.0,4.94509,408.21186,259.31557,174.94034,152.06398,176.66137,268.77339,24.40012,14.13535,68.0502,2.78246,46.05635
Mia Brumlow,e9141800-8f9c-4a98-8265-2ae17f48913e,04/16/2025,1744829991.17,16.04.25 MD-3,201,d8f33d7a-d3fb-45ee-a80f-67b75fa18e04,13,1744825569.0,Wide Midfielder,Rice WSOC,April,Wednesday,4091.21,0.0,3.03873,4091.21,4.31324,494.39556,286.2786,196.6431,171.34629,192.23953,359.15365,31.20303,16.10072,86.91528,3.45698,71.72012
Taylor Rish,81828efc-2855-4216-a0d1-6a7c9201d5a0,04/16/2025,1744829991.17,16.04.25 MD-3,201,d8f33d7a-d3fb-45ee-a80f-67b75fa18e04,7,1744825569.0,Full Back,Rice WSOC,April,Wednesday,4091.21,0.0,2.71763,4091.21,3.53243,321.07747,180.45544,153.77366,109.64188,119.39526,236.62697,24.02168,14.86089,75.51627,3.02287,64.14138
Eileen Albers,943afa05-aaac-4426-ba0c-1ebef4e76cb7,04/16/2025,1744829991.17,16.04.25 MD-3,201,d8f33d7a-d3fb-45ee-a80f-67b75fa18e04,12,1744825569.0,Forward,Rice WSOC,April,Wednesday,4091.21,0.0,3.25657,4091.21,4.34809,539.43626,301.04068,192.59766,189.19879,194.83436,396.03835,36.89449,17.32924,97.09539,3.71251,76.86144
Piper Biziorek,fb332127-6268-4995-a140-9076566dc702,04/16/2025,1744829991.17,16.04.25 MD-3,201,d8f33d7a-d3fb-45ee-a80f-67b75fa18e04,15,1744825569.0,Central Midfielder,Rice WSOC,April,Wednesday,4091.21,0.0,3.93444,4091.21,5.85718,699.00319,458.55617,208.67957,257.56936,322.69393,454.59495,59.73251,16.62187,81.21475,4.56632,92.86057
Jordyn Mariam,f7e75558-805b-459d-b944-ec8d5a5beeac,04/16/2025,1744829991.17,16.04.25 MD-3,201,d8f33d7a-d3fb-45ee-a80f-67b75fa18e04,5,1744825569.0,Wide Midfielder,Rice WSOC,April,Wednesday,4091.21,0.0,2.94596,4091.21,5.1162,479.94638,296.77144,200.26026,167.50727,210.0425,326.44096,32.35248,16.46593,86.70359,3.39099,69.53057
Camille Quarterman,e710b8f7-8542-490c-80f0-c110cb9ed839,04/16/2025,1744829991.17,16.04.25 MD-3,201,d8f33d7a-d3fb-45ee-a80f-67b75fa18e04,33,1744825569.0,Wide Midfielder,Rice WSOC,April,Wednesday,4091.21,0.0,3.41674,4091.21,5.39456,538.75381,323.68972,226.86708,196.46176,216.42758,377.01035,41.40295,17.86378,96.24423,3.93406,80.64185
Dayo Tennyson,d0c5a2ec-d0d5-4ae1-bc9f-ae270bfc51e9,04/16/2025,1744829991.17,16.04.25 MD-3,201,d8f33d7a-d3fb-45ee-a80f-67b75fa18e04,3,1744825569.0,Full Back,Rice WSOC,April,Wednesday,4091.21,0.0,2.72133,4091.21,5.34084,551.075,340.27271,291.40563,199.13523,231.86892,368.00473,25.61547,17.88648,87.63202,3.15521,64.22877
Mariana Elizondo,c3d64405-eb5d-4fc0-a8df-06af8ad627bf,04/16/2025,1744829991.17,16.04.25 MD-3,201,d8f33d7a-d3fb-45ee-a80f-67b75fa18e04,10,1744825569.0,Central Midfielder,Rice WSOC,April,Wednesday,4091.21,0.0,3.11518,4091.21,4.07527,584.43054,357.53959,237.84045,216.14917,239.22796,402.06735,33.77021,15.61033,76.52863,3.51947,73.52446
Lauren Pickup,ae01c819-c49a-41ef-aa65-20df1a8a40a9,04/16/2025,1744829991.17,16.04.25 MD-3,201,d8f33d7a-d3fb-45ee-a80f-67b75fa18e04,8,1744825569.0,Full Back,Rice WSOC,April,Wednesday,4091.21,0.0,3.09054,4091.21,5.35363,507.22861,313.4948,214.87031,183.95471,214.06063,348.51852,33.60791,15.01538,82.41675,3.47301,72.94273
Lilly Reuscher,ad2c003d-9ca2-42b1-bc85-2440ab303b84,04/16/2025,1744829991.17,16.04.25 MD-3,201,d8f33d7a-d3fb-45ee-a80f-67b75fa18e04,4,1744825569.0,Centre Back,Rice WSOC,April,Wednesday,4091.21,0.0,2.77152,4091.21,4.04317,465.34764,284.95748,203.10982,161.18732,199.25146,321.336,25.66742,16.16618,87.50764,3.12492,65.41329
Allie Love,99ee597d-39b8-4fb7-9c63-0d052a15c0a8,04/16/2025,1744829991.17,16.04.25 MD-3,201,d8f33d7a-d3fb-45ee-a80f-67b75fa18e04,17,1744825569.0,Forward,Rice WSOC,April,Wednesday,4091.21,0.0,3.59584,4091.21,7.02082,613.74301,391.81446,234.11866,242.16628,255.80046,405.04399,42.76563,15.19466,70.27612,4.0283,84.86901
Kirsten Ruf,9a8fba27-951b-4253-aac1-ae31800ac075,04/16/2025,1744829991.17,16.04.25 MD-3,201,d8f33d7a-d3fb-45ee-a80f-67b75fa18e04,22,1744825569.0,Goalkeeper,Rice WSOC,April,Wednesday,4090.8,0.0,2.01316,4090.8,4.47876,308.34673,194.4,203.15962,117.44266,129.58971,205.62716,11.13288,15.36085,76.51298,2.26037,47.51926
Jules Johnston,931babc9-289c-47bf-970a-22d756ac9f5a,04/16/2025,1744829991.17,16.04.25 MD-3,201,d8f33d7a-d3fb-45ee-a80f-67b75fa18e04,25,1744825569.0,Forward,Rice WSOC,April,Wednesday,4091.21,0.0,2.9939,4091.21,4.58698,482.50723,297.18667,193.84775,169.12609,206.87302,333.49677,29.39303,16.07098,85.93693,3.34134,70.66205
Betty Velkova,8b0cb352-4da9-4349-b147-77a3736ea957,04/16/2025,1744829991.17,16.04.25 MD-3,201,d8f33d7a-d3fb-45ee-a80f-67b75fa18e04,19,1744825569.0,Forward,Rice WSOC,April,Wednesday,4091.21,0.0,3.65599,4091.21,4.98111,695.9418,405.82928,231.70385,257.31677,257.10501,498.1365,52.48985,16.10734,84.29504,4.12204,86.2887
Leah Chancey,85ed14d3-34f0-42fc-8477-c03064e998f4,04/16/2025,1744829991.17,16.04.25 MD-3,201,d8f33d7a-d3fb-45ee-a80f-67b75fa18e04,23,1744825569.0,Central Midfielder,Rice WSOC,April,Wednesday,4091.21,0.0,2.85192,4091.21,4.17426,432.39256,259.90003,205.1535,155.99676,172.60566,299.52888,29.66295,15.29962,70.78072,3.15321,67.31092
Megan Sweeney,76ec7312-9b6e-4355-a747-4de0c8e2d8b9,04/16/2025,1744829991.17,16.04.25 MD-3,201,d8f33d7a-d3fb-45ee-a80f-67b75fa18e04,0,1744825569.0,Goalkeeper,Rice WSOC,April,Wednesday,4090.8,0.0,2.40885,4090.8,5.79667,411.84251,269.69328,266.17247,184.46022,158.94832,266.90641,18.144,15.59962,73.70601,2.70218,56.85929
Carsyn Martz,5ec6f0de-aa33-44a6-9b7e-676076c27478,04/16/2025,1744829991.17,16.04.25 MD-3,201,d8f33d7a-d3fb-45ee-a80f-67b75fa18e04,20,1744825569.0,Wide Midfielder,Rice WSOC,April,Wednesday,4091.21,0.0,3.15381,4091.21,7.46562,506.05272,305.35307,212.70525,181.88069,205.47013,350.83136,33.05303,17.08695,80.47649,3.58715,74.4362
Jessica Molina,49ee30cf-715d-49d2-bfd4-f208c806a5db,04/16/2025,1744829991.17,16.04.25 MD-3,201,d8f33d7a-d3fb-45ee-a80f-67b75fa18e04,16,1744825569.0,Forward,Rice WSOC,April,Wednesday,4091.21,0.0,2.85146,4091.21,3.77777,427.47092,264.82253,209.63322,166.55183,168.85166,293.67511,28.11159,16.02996,81.46544,3.17965,67.30008
Kenna Sanders,457dc155-bdf2-48cc-8a59-2f0b4ec42ae2,04/16/2025,1744829991.17,16.04.25 MD-3,201,d8f33d7a-d3fb-45ee-a80f-67b75fa18e04,18,1744825569.0,Forward,Rice WSOC,April,Wednesday,4091.21,0.0,3.0994,4091.21,6.23198,748.23695,508.43071,368.54394,324.28713,315.8962,451.58917,34.74144,14.01938,78.82472,3.47497,73.15191
Bailey Peek,1d2f6fbf-8215-4ae2-ae70-ed9d981fcd85,04/16/2025,1744829991.17,16.04.25 MD-3,201,d8f33d7a-d3fb-45ee-a80f-67b75fa18e04,6,1744825569.0,Centre Back,Rice WSOC,April,Wednesday,4091.21,0.0,2.96617,4091.21,4.82352,491.75096,310.16103,226.35518,175.79182,217.42835,327.04029,27.60017,15.73734,70.5306,3.30168,70.00757
Carsyn Martz,5ec6f0de-aa33-44a6-9b7e-676076c27478,04/15/2025,1744721003.0,15.04.25 MD+3,201,7b81faee-9be3-4673-8600-89a20347b8f2,20,1744716677.0,Wide Midfielder,Rice WSOC,April,Tuesday,4103.0,0.0,2.25239,4103.0,5.79404,392.26678,237.74353,167.63041,134.64419,167.22411,269.86383,18.44994,15.42412,89.39069,2.58337,53.00806
Naija Bruckner,59840313-0841-4a21-a5b5-b8b24cad01b8,04/15/2025,1744749464.0,14.4.25 Naija,201,90f9e113-aea7-4b40-8d2c-a7cc3690b591,28,1744747597.0,Central Midfielder,Rice WSOC,April,Tuesday,1866.98,0.0,1.27453,1867.0,4.9573,209.72501,121.78782,80.93923,75.36373,78.98519,151.03185,11.037,17.18945,79.04253,1.45029,67.90416
Bailey Peek,1d2f6fbf-8215-4ae2-ae70-ed9d981fcd85,04/15/2025,1744721003.0,15.04.25 MD+3,201,7b81faee-9be3-4673-8600-89a20347b8f2,6,1744716677.0,Centre Back,Rice WSOC,April,Tuesday,4103.0,0.0,1.97132,4103.0,5.13291,337.24207,207.88828,154.18092,123.52101,140.35233,228.83411,15.70232,14.70039,80.93044,2.27104,46.39341
Kallie Mckinney,41be207d-131f-472d-a349-6832380579b4,04/15/2025,1744721003.0,15.04.25 MD+3,201,7b81faee-9be3-4673-8600-89a20347b8f2,27,1744716677.0,Central Midfielder,Rice WSOC,April,Tuesday,4103.0,0.0,1.85046,4103.0,4.35802,357.31849,211.63447,168.90494,121.08645,147.64489,251.15495,14.38176,14.16938,83.8298,2.09149,43.54908
Kenna Sanders,457dc155-bdf2-48cc-8a59-2f0b4ec42ae2,04/15/2025,1744721003.0,15.04.25 MD+3,201,7b81faee-9be3-4673-8600-89a20347b8f2,18,1744716677.0,Forward,Rice WSOC,April,Tuesday,4103.0,0.0,1.92087,4103.0,4.82194,486.94646,332.61709,285.35016,218.57189,201.6244,290.32849,14.9597,12.80888,71.07104,2.15204,45.20608
Jessica Molina,49ee30cf-715d-49d2-bfd4-f208c806a5db,04/15/2025,1744721003.0,15.04.25 MD+3,201,7b81faee-9be3-4673-8600-89a20347b8f2,16,1744716677.0,Forward,Rice WSOC,April,Tuesday,4103.0,0.0,1.97125,4103.0,3.75043,316.46268,197.42289,162.97525,125.75703,126.23379,217.73517,15.00764,13.70206,76.53703,2.18888,46.39171
Dayo Tennyson,d0c5a2ec-d0d5-4ae1-bc9f-ae270bfc51e9,04/15/2025,1744721003.0,15.04.25 MD+3,201,7b81faee-9be3-4673-8600-89a20347b8f2,3,1744716677.0,Full Back,Rice WSOC,April,Tuesday,4103.0,0.0,1.82223,4103.0,3.98123,368.88338,225.94687,203.15271,131.73662,154.33562,248.4634,18.05171,13.89599,102.26358,2.13668,42.88474
Allie Love,99ee597d-39b8-4fb7-9c63-0d052a15c0a8,04/15/2025,1744721003.0,15.04.25 MD+3,201,7b81faee-9be3-4673-8600-89a20347b8f2,17,1744716677.0,Forward,Rice WSOC,April,Tuesday,4103.0,0.0,2.00124,4103.0,4.1534,365.10999,229.33356,171.05878,132.41374,157.58,243.75295,15.3322,13.25349,60.56263,2.23024,47.09744
Piper Biziorek,fb332127-6268-4995-a140-9076566dc702,04/15/2025,1744721003.0,15.04.25 MD+3,201,7b81faee-9be3-4673-8600-89a20347b8f2,15,1744716677.0,Central Midfielder,Rice WSOC,April,Tuesday,4103.0,0.0,2.31655,4103.0,4.8053,480.1475,331.11338,204.55916,199.79523,223.59811,290.60126,22.06241,14.13807,98.17315,2.74156,54.51804
Jordyn Mariam,f7e75558-805b-459d-b944-ec8d5a5beeac,04/15/2025,1744721003.0,15.04.25 MD+3,201,7b81faee-9be3-4673-8600-89a20347b8f2,5,1744716677.0,Wide Midfielder,Rice WSOC,April,Tuesday,4103.0,0.0,2.06053,4103.0,5.89797,411.01926,270.163,182.33878,167.43121,178.22097,263.95061,22.37985,14.11414,86.15871,2.38577,48.49293
Mia Brumlow,e9141800-8f9c-4a98-8265-2ae17f48913e,04/15/2025,1744721003.0,15.04.25 MD+3,201,7b81faee-9be3-4673-8600-89a20347b8f2,13,1744716677.0,Wide Midfielder,Rice WSOC,April,Tuesday,4103.0,0.0,2.06963,4103.0,4.0001,353.2723,208.88063,146.44507,122.30576,143.24841,252.06275,18.85639,13.57538,88.46011,2.39967,48.70691
Camille Quarterman,e710b8f7-8542-490c-80f0-c110cb9ed839,04/15/2025,1744721003.0,15.04.25 MD+3,201,7b81faee-9be3-4673-8600-89a20347b8f2,33,1744716677.0,Wide Midfielder,Rice WSOC,April,Tuesday,4103.0,0.0,2.19178,4103.0,3.35238,364.84198,220.6006,164.2221,131.92178,149.5065,254.65151,15.80676,14.46666,106.97849,2.55769,51.58173
Mariana Elizondo,c3d64405-eb5d-4fc0-a8df-06af8ad627bf,04/15/2025,1744721003.0,15.04.25 MD+3,201,7b81faee-9be3-4673-8600-89a20347b8f2,10,1744716677.0,Central Midfielder,Rice WSOC,April,Tuesday,4103.0,0.0,1.96046,4103.0,3.98975,378.78156,223.53771,181.44725,137.26774,146.5886,268.05506,16.25356,14.51839,80.52809,2.24206,46.13772
Lauren Pickup,ae01c819-c49a-41ef-aa65-20df1a8a40a9,04/15/2025,1744721003.0,15.04.25 MD+3,201,7b81faee-9be3-4673-8600-89a20347b8f2,8,1744716677.0,Full Back,Rice WSOC,April,Tuesday,4103.0,0.0,2.12051,4103.0,3.51655,371.9775,239.75088,186.63368,135.38265,168.79179,245.76824,19.92385,14.07191,91.24139,2.49696,49.90453
Kirsten Ruf,9a8fba27-951b-4253-aac1-ae31800ac075,04/15/2025,1744721003.0,15.04.25 MD+3,201,7b81faee-9be3-4673-8600-89a20347b8f2,22,1744716677.0,Goalkeeper,Rice WSOC,April,Tuesday,4076.39,0.0,1.84747,4076.39,5.7898,338.91957,215.27909,233.12168,125.48213,147.72164,223.88263,11.36059,12.29616,87.28093,2.16598,43.76237
Lilly Reuscher,ad2c003d-9ca2-42b1-bc85-2440ab303b84,04/15/2025,1744721003.0,15.04.25 MD+3,201,7b81faee-9be3-4673-8600-89a20347b8f2,4,1744716677.0,Centre Back,Rice WSOC,April,Tuesday,4103.0,0.0,1.82997,4103.0,3.78204,334.66938,206.69117,160.90303,114.16414,147.91186,227.83451,13.10754,13.65402,99.37283,2.0916,43.06681
Eileen Albers,943afa05-aaac-4426-ba0c-1ebef4e76cb7,04/15/2025,1744721003.0,15.04.25 MD+3,201,7b81faee-9be3-4673-8600-89a20347b8f2,12,1744716677.0,Forward,Rice WSOC,April,Tuesday,4103.0,0.0,2.10217,4103.0,4.26056,383.77937,204.58182,147.73592,128.78397,132.04715,289.92049,16.90463,14.3632,99.56165,2.45143,49.47277
Jules Johnston,931babc9-289c-47bf-970a-22d756ac9f5a,04/15/2025,1744721003.0,15.04.25 MD+3,201,7b81faee-9be3-4673-8600-89a20347b8f2,25,1744716677.0,Forward,Rice WSOC,April,Tuesday,4103.0,0.0,1.84907,4103.0,4.89958,320.46835,201.13032,150.9738,121.75203,133.01132,217.71923,13.90908,14.34825,74.49573,2.10407,43.51627
Betty Velkova,8b0cb352-4da9-4349-b147-77a3736ea957,04/15/2025,1744721003.0,15.04.25 MD+3,201,7b81faee-9be3-4673-8600-89a20347b8f2,19,1744716677.0,Forward,Rice WSOC,April,Tuesday,4103.0,0.0,2.11635,4103.0,5.24278,415.97383,246.18908,166.36254,151.76616,159.68527,292.86225,17.84627,14.34474,82.91784,2.43851,49.80651
Leah Chancey,85ed14d3-34f0-42fc-8477-c03064e998f4,04/15/2025,1744721003.0,15.04.25 MD+3,201,7b81faee-9be3-4673-8600-89a20347b8f2,23,1744716677.0,Central Midfielder,Rice WSOC,April,Tuesday,4103.0,0.0,1.80703,4103.0,4.69541,345.71758,211.57613,181.12372,118.73894,149.17007,240.47247,15.40705,13.94354,72.19717,2.0359,42.52683
Taylor Rish,81828efc-2855-4216-a0d1-6a7c9201d5a0,04/15/2025,1744721003.0,15.04.25 MD+3,201,7b81faee-9be3-4673-8600-89a20347b8f2,7,1744716677.0,Full Back,Rice WSOC,April,Tuesday,4103.0,0.0,1.75175,4103.0,5.09138,306.10553,183.94856,144.62636,107.79478,126.39918,211.47986,13.3556,14.052,81.28704,2.01535,41.22594
Megan Sweeney,76ec7312-9b6e-4355-a747-4de0c8e2d8b9,04/15/2025,1744721003.0,15.04.25 MD+3,201,7b81faee-9be3-4673-8600-89a20347b8f2,0,1744716677.0,Goalkeeper,Rice WSOC,April,Tuesday,4076.39,0.0,2.19148,4076.39,6.73119,430.24564,285.79715,309.84338,188.31268,175.39219,272.68917,14.41138,13.25334,82.26281,2.58548,51.91127
Sophie Zhang,713ce913-8f9b-41cb-b395-b08e3e69186f,04/15/2025,1744721003.0,15.04.25 MD+3,201,7b81faee-9be3-4673-8600-89a20347b8f2,9,1744716677.0,Forward,Rice WSOC,April,Tuesday,4103.0,0.0,1.94634,4103.0,5.47167,402.27946,250.72213,188.06955,151.0379,170.12662,270.29995,19.52823,13.74977,72.03428,2.19888,45.80549
Carsyn Martz,5ec6f0de-aa33-44a6-9b7e-676076c27478,04/12/2025,1744495090.0,12.04.25 v TAMU,201,4c1648d1-e3c0-40e7-b046-f09092d0c9e5,20,1744491406.0,Wide Midfielder,Rice WSOC,April,Saturday,2474.71,572.29,2.46473,2474.71,6.12205,387.66005,221.4698,122.54501,124.13832,156.58733,278.06559,29.20162,14.95764,84.70152,2.79856,96.17139
Mia Brumlow,e9141800-8f9c-4a98-8265-2ae17f48913e,04/12/2025,1744482260.0,12.04.25 v Tech,201,36a3207d-4c80-4ed9-b72b-8aa0926a3505,13,1744480682.0,Wide Midfielder,Rice WSOC,April,Saturday,648.24,929.76,0.60482,648.24,4.25818,101.49446,57.14957,27.27252,34.59255,37.85889,75.31936,8.00369,12.67916,58.29703,0.69472,90.09285
Jordyn Mariam,f7e75558-805b-459d-b944-ec8d5a5beeac,04/12/2025,1744484500.0,12.04.25 v Tech,201,36a3207d-4c80-4ed9-b72b-8aa0926a3505,5,1744480682.0,Wide Midfielder,Rice WSOC,April,Saturday,1081.99,2034.01,1.32209,1081.99,4.87504,248.62935,162.67363,61.09091,93.17716,113.71654,158.3287,15.18288,16.13686,71.11288,1.54373,117.98788
Piper Biziorek,fb332127-6268-4995-a140-9076566dc702,04/12/2025,1744484500.0,12.04.25 v Tech,201,36a3207d-4c80-4ed9-b72b-8aa0926a3505,15,1744480682.0,Central Midfielder,Rice WSOC,April,Saturday,3116.0,0.0,2.61131,3116.0,5.36652,550.58057,376.17905,138.56783,215.44615,264.46304,341.64368,39.09613,16.27018,86.00878,3.07891,80.92092
Taylor Rish,81828efc-2855-4216-a0d1-6a7c9201d5a0,04/12/2025,1744495090.0,12.04.25 v TAMU,201,4c1648d1-e3c0-40e7-b046-f09092d0c9e5,7,1744491406.0,Full Back,Rice WSOC,April,Saturday,3047.0,0.0,2.86165,3047.0,8.58932,446.39413,253.91757,157.32207,149.77474,172.7721,319.09312,31.03394,15.02359,78.32487,3.22041,90.68677
Megan Sweeney,76ec7312-9b6e-4355-a747-4de0c8e2d8b9,04/12/2025,1744495090.0,12.04.25 v TAMU,201,4c1648d1-e3c0-40e7-b046-f09092d0c9e5,0,1744493581.0,Goalkeeper,Rice WSOC,April,Saturday,1509.0,0.0,0.91791,1509.0,4.78842,121.90509,75.27135,78.98106,49.17643,46.72958,83.45271,6.24691,12.46909,73.06559,0.99727,58.73702
Naija Bruckner,59840313-0841-4a21-a5b5-b8b24cad01b8,04/12/2025,1744492151.82,12.04.25 v TAMU,201,4c1648d1-e3c0-40e7-b046-f09092d0c9e5,28,1744490575.0,Central Midfielder,Rice WSOC,April,Saturday,1576.82,0.0,2.00375,1576.82,2.18033,230.21126,128.56313,64.01668,79.88599,83.47503,171.86241,30.63498,10.909,28.41616,2.02117,122.70488
Kenna Sanders,457dc155-bdf2-48cc-8a59-2f0b4ec42ae2,04/12/2025,1744492944.0,12.04.25 v TAMU,201,4c1648d1-e3c0-40e7-b046-f09092d0c9e5,18,1744491406.0,Forward,Rice WSOC,April,Saturday,287.08,1250.92,0.35898,287.08,4.21404,79.23665,45.43328,17.71505,25.83662,31.70578,56.89239,5.21517,12.6023,60.60261,0.42804,120.74299
Kallie Mckinney,41be207d-131f-472d-a349-6832380579b4,04/12/2025,1744495090.0,12.04.25 v TAMU,201,4c1648d1-e3c0-40e7-b046-f09092d0c9e5,27,1744491406.0,Central Midfielder,Rice WSOC,April,Saturday,3047.0,0.0,2.40581,3047.0,6.45979,492.37839,285.1763,138.47255,158.47785,202.0138,350.38873,33.83273,12.54989,85.7354,2.73909,76.24102
Bailey Peek,1d2f6fbf-8215-4ae2-ae70-ed9d981fcd85,04/12/2025,1744495090.0,12.04.25 v TAMU,201,4c1648d1-e3c0-40e7-b046-f09092d0c9e5,6,1744491406.0,Centre Back,Rice WSOC,April,Saturday,1557.53,1489.47,1.56294,1557.53,4.25128,262.82706,168.51077,89.94384,99.91204,113.5868,172.36921,20.00056,13.76116,60.73989,1.75592,96.89601
Dayo Tennyson,d0c5a2ec-d0d5-4ae1-bc9f-ae270bfc51e9,04/12/2025,1744484500.0,12.04.25 v Tech,201,36a3207d-4c80-4ed9-b72b-8aa0926a3505,3,1744480682.0,Full Back,Rice WSOC,April,Saturday,2781.38,334.62,2.61874,2781.38,5.57465,558.7422,341.55954,229.85765,210.44181,221.80405,371.22096,27.2741,18.75039,94.50558,3.00505,90.91429
Camille Quarterman,e710b8f7-8542-490c-80f0-c110cb9ed839,04/12/2025,1744484500.0,12.04.25 v Tech,201,36a3207d-4c80-4ed9-b72b-8aa0926a3505,33,1744480682.0,Wide Midfielder,Rice WSOC,April,Saturday,3116.0,0.0,2.27714,3116.0,5.00282,392.02716,252.87659,152.05592,147.46616,174.93771,253.52151,26.11643,16.06904,89.57556,2.71604,70.56553
Lauren Pickup,ae01c819-c49a-41ef-aa65-20df1a8a40a9,04/12/2025,1744484500.0,12.04.25 v Tech,201,36a3207d-4c80-4ed9-b72b-8aa0926a3505,8,1744480682.0,Full Back,Rice WSOC,April,Saturday,2220.86,895.14,2.67858,2220.86,5.85647,492.94647,292.57123,143.73018,162.39407,207.88108,344.82312,36.71551,14.30243,68.48136,3.08695,116.46169
Mariana Elizondo,c3d64405-eb5d-4fc0-a8df-06af8ad627bf,04/12/2025,1744484500.0,12.04.25 v Tech,201,36a3207d-4c80-4ed9-b72b-8aa0926a3505,10,1744480682.0,Central Midfielder,Rice WSOC,April,Saturday,3116.0,0.0,2.57327,3116.0,4.40329,490.71823,301.31883,158.43219,179.52669,205.39251,337.33569,31.70968,13.53975,62.08913,2.88633,79.74221
Camille Quarterman,e710b8f7-8542-490c-80f0-c110cb9ed839,04/12/2025,1744495090.0,12.04.25 v TAMU,201,4c1648d1-e3c0-40e7-b046-f09092d0c9e5,33,1744491406.0,Wide Midfielder,Rice WSOC,April,Saturday,3047.0,0.0,2.00134,3047.0,5.25965,361.32059,238.70151,149.25873,142.39266,162.12157,225.59145,24.30485,17.97542,79.00381,2.29769,63.42319
Sophie Zhang,713ce913-8f9b-41cb-b395-b08e3e69186f,04/12/2025,1744495090.0,12.04.25 v TAMU,201,4c1648d1-e3c0-40e7-b046-f09092d0c9e5,9,1744491406.0,Forward,Rice WSOC,April,Saturday,3047.0,0.0,1.75159,3047.0,5.15575,346.03365,212.49825,95.60602,114.62142,152.42547,236.69556,31.3467,14.19838,80.83641,1.99766,55.50863
Betty Velkova,8b0cb352-4da9-4349-b147-77a3736ea957,04/12/2025,1744484500.0,12.04.25 v Tech,201,36a3207d-4c80-4ed9-b72b-8aa0926a3505,19,1744480682.0,Forward,Rice WSOC,April,Saturday,1157.62,1958.38,1.27075,1157.62,5.26285,256.16641,159.235,67.62086,98.38213,103.24619,173.50911,17.48267,14.66081,70.82467,1.48575,105.99701
Leah Chancey,85ed14d3-34f0-42fc-8477-c03064e998f4,04/12/2025,1744484500.0,12.04.25 v Tech,201,36a3207d-4c80-4ed9-b72b-8aa0926a3505,23,1744480682.0,Central Midfielder,Rice WSOC,April,Saturday,2824.75,291.25,3.15842,2824.75,5.37684,522.65253,306.40848,154.39842,179.54106,207.52926,366.61882,41.80905,13.11972,48.29115,3.45458,107.96667
Taylor Rish,81828efc-2855-4216-a0d1-6a7c9201d5a0,04/12/2025,1744484500.0,12.04.25 v Tech,201,36a3207d-4c80-4ed9-b72b-8aa0926a3505,7,1744480682.0,Full Back,Rice WSOC,April,Saturday,2788.05,327.95,2.66583,2788.05,5.40041,412.08871,230.09341,141.99383,133.82492,158.31207,298.45124,31.78848,16.05212,72.02033,2.98028,92.32787
Megan Sweeney,76ec7312-9b6e-4355-a747-4de0c8e2d8b9,04/12/2025,1744484500.0,12.04.25 v Tech,201,36a3207d-4c80-4ed9-b72b-8aa0926a3505,0,1744482962.0,Goalkeeper,Rice WSOC,April,Saturday,1538.0,0.0,1.01734,1538.0,5.32197,143.57959,89.87698,82.41031,59.38954,54.99966,97.27051,8.19193,12.86904,59.95357,1.12546,63.87208
Sophie Zhang,713ce913-8f9b-41cb-b395-b08e3e69186f,04/12/2025,1744484500.0,12.04.25 v Tech,201,36a3207d-4c80-4ed9-b72b-8aa0926a3505,9,1744480682.0,Forward,Rice WSOC,April,Saturday,1081.98,2034.02,1.25977,1081.98,4.06636,243.43414,143.48268,65.01048,79.6544,102.16291,171.73506,14.87341,13.73943,71.34538,1.42361,112.42784
Carsyn Martz,5ec6f0de-aa33-44a6-9b7e-676076c27478,04/12/2025,1744484500.0,12.04.25 v Tech,201,36a3207d-4c80-4ed9-b72b-8aa0926a3505,20,1744480682.0,Wide Midfielder,Rice WSOC,April,Saturday,823.98,2292.02,0.80361,823.98,4.14899,132.45883,76.53622,40.39789,41.92532,54.83386,94.48306,7.6308,16.75291,61.69501,0.91372,94.17324
Bailey Peek,1d2f6fbf-8215-4ae2-ae70-ed9d981fcd85,04/12/2025,1744484500.0,12.04.25 v Tech,201,36a3207d-4c80-4ed9-b72b-8aa0926a3505,6,1744480682.0,Centre Back,Rice WSOC,April,Saturday,974.12,2141.88,1.22928,974.12,3.83044,201.58881,126.8731,53.22311,73.2067,87.87196,135.70609,19.13807,14.68353,71.24017,1.37365,121.85351
Piper Biziorek,fb332127-6268-4995-a140-9076566dc702,04/12/2025,1744495090.0,12.04.25 v TAMU,201,4c1648d1-e3c0-40e7-b046-f09092d0c9e5,15,1744491406.0,Central Midfielder,Rice WSOC,April,Saturday,3047.0,0.0,1.77848,3047.0,5.05563,313.04651,209.45226,92.32327,125.18396,141.56812,197.87968,27.42504,14.57906,80.34164,2.10627,56.36068
Jordyn Mariam,f7e75558-805b-459d-b944-ec8d5a5beeac,04/12/2025,1744495090.0,12.04.25 v TAMU,201,4c1648d1-e3c0-40e7-b046-f09092d0c9e5,5,1744491406.0,Wide Midfielder,Rice WSOC,April,Saturday,1668.01,1378.99,1.67868,1668.01,5.12007,324.30565,210.01845,97.37932,123.54613,143.89291,208.82846,21.60162,16.34838,96.48299,1.94304,97.17823
Mia Brumlow,e9141800-8f9c-4a98-8265-2ae17f48913e,04/12/2025,1744492944.0,12.04.25 v TAMU,201,4c1648d1-e3c0-40e7-b046-f09092d0c9e5,13,1744491406.0,Wide Midfielder,Rice WSOC,April,Saturday,362.04,1175.96,0.34497,362.04,4.53727,64.1297,36.91291,18.52438,22.84428,23.99401,47.25243,4.94329,14.67701,52.09534,0.41534,92.00861
Dayo Tennyson,d0c5a2ec-d0d5-4ae1-bc9f-ae270bfc51e9,04/12/2025,1744495090.0,12.04.25 v TAMU,201,4c1648d1-e3c0-40e7-b046-f09092d0c9e5,3,1744491406.0,Full Back,Rice WSOC,April,Saturday,3047.0,0.0,1.28768,3047.0,4.7467,283.31793,177.43471,121.95357,106.21051,118.17647,184.23001,13.58682,17.51527,102.56215,1.52973,40.80719
Eileen Albers,943afa05-aaac-4426-ba0c-1ebef4e76cb7,04/12/2025,1744484500.0,12.04.25 v Tech,201,36a3207d-4c80-4ed9-b72b-8aa0926a3505,12,1744480682.0,Forward,Rice WSOC,April,Saturday,2851.44,264.56,2.5403,2851.44,4.46864,418.59135,232.60236,145.56478,142.3113,154.53385,309.7079,27.34569,17.13676,90.66703,2.895,86.02414
Mariana Elizondo,c3d64405-eb5d-4fc0-a8df-06af8ad627bf,04/12/2025,1744495090.0,12.04.25 v TAMU,201,4c1648d1-e3c0-40e7-b046-f09092d0c9e5,10,1744491406.0,Central Midfielder,Rice WSOC,April,Saturday,3047.0,0.0,2.32227,3047.0,7.70516,401.40953,235.64134,112.70713,149.71469,150.20313,286.24721,30.97672,13.59203,71.69755,2.60892,73.59358
Lauren Pickup,ae01c819-c49a-41ef-aa65-20df1a8a40a9,04/12/2025,1744495090.0,12.04.25 v TAMU,201,4c1648d1-e3c0-40e7-b046-f09092d0c9e5,8,1744491406.0,Full Back,Rice WSOC,April,Saturday,3047.0,0.0,2.08519,3047.0,4.98028,387.42508,233.99793,101.97437,131.27659,164.00347,266.73444,29.83717,14.54508,74.07714,2.38243,66.08036
Allie Love,99ee597d-39b8-4fb7-9c63-0d052a15c0a8,04/12/2025,1744484500.0,12.04.25 v Tech,201,36a3207d-4c80-4ed9-b72b-8aa0926a3505,17,1744480682.0,Forward,Rice WSOC,April,Saturday,3053.71,62.29,3.77612,3053.71,6.4355,678.39935,437.29308,194.17183,261.85408,290.94406,443.08159,52.77602,15.73178,71.10486,4.29453,119.40391
Lilly Reuscher,ad2c003d-9ca2-42b1-bc85-2440ab303b84,04/12/2025,1744495090.0,12.04.25 v TAMU,201,4c1648d1-e3c0-40e7-b046-f09092d0c9e5,4,1744491406.0,Centre Back,Rice WSOC,April,Saturday,2503.82,543.18,2.06166,2503.82,3.95796,318.59641,196.19742,125.89897,109.37354,138.85453,217.71608,19.16165,14.67905,57.51339,2.25887,79.50852
Kirsten Ruf,9a8fba27-951b-4253-aac1-ae31800ac075,04/12/2025,1744492944.0,12.04.25 v TAMU,201,4c1648d1-e3c0-40e7-b046-f09092d0c9e5,22,1744491406.0,Goalkeeper,Rice WSOC,April,Saturday,1538.0,0.0,0.72751,1538.0,6.76544,100.72726,63.98172,74.68187,37.4183,43.87491,66.64157,3.96879,12.18222,76.76553,0.80366,45.67514
Allie Love,99ee597d-39b8-4fb7-9c63-0d052a15c0a8,04/12/2025,1744495090.0,12.04.25 v TAMU,201,4c1648d1-e3c0-40e7-b046-f09092d0c9e5,17,1744491406.0,Forward,Rice WSOC,April,Saturday,2301.1,745.9,2.75173,2301.1,5.27136,474.66029,305.45054,135.45911,183.47466,202.97726,310.71425,35.52468,14.73135,72.34412,3.1472,115.47047
Eileen Albers,943afa05-aaac-4426-ba0c-1ebef4e76cb7,04/12/2025,1744495090.0,12.04.25 v TAMU,201,4c1648d1-e3c0-40e7-b046-f09092d0c9e5,12,1744491406.0,Forward,Rice WSOC,April,Saturday,3047.0,0.0,2.34098,3047.0,5.55894,383.31714,209.78377,134.95398,124.24827,142.08096,284.81287,26.29224,16.44597,85.70581,2.65067,74.18653
Betty Velkova,8b0cb352-4da9-4349-b147-77a3736ea957,04/12/2025,1744495090.0,12.04.25 v TAMU,201,4c1648d1-e3c0-40e7-b046-f09092d0c9e5,19,1744491406.0,Forward,Rice WSOC,April,Saturday,1552.29,1494.71,1.72608,1552.29,5.06409,344.64928,213.07836,82.17676,130.00004,138.77137,234.29733,24.2169,14.93744,75.59876,1.96729,107.37116
Leah Chancey,85ed14d3-34f0-42fc-8477-c03064e998f4,04/12/2025,1744495090.0,12.04.25 v TAMU,201,4c1648d1-e3c0-40e7-b046-f09092d0c9e5,23,1744491406.0,Central Midfielder,Rice WSOC,April,Saturday,3047.0,0.0,2.62066,3047.0,3.82708,441.15283,261.28033,146.18466,153.82192,176.64114,307.04105,32.12541,14.11106,54.73202,2.85251,83.04967
Kirsten Ruf,9a8fba27-951b-4253-aac1-ae31800ac075,04/12/2025,1744482260.0,12.04.25 v Tech,201,36a3207d-4c80-4ed9-b72b-8aa0926a3505,22,1744480682.0,Goalkeeper,Rice WSOC,April,Saturday,1578.0,0.0,0.76673,1578.0,4.66188,93.8511,58.4736,63.78732,34.994,39.58334,63.72401,3.67384,11.5686,52.26103,0.83085,46.91738
Lilly Reuscher,ad2c003d-9ca2-42b1-bc85-2440ab303b84,04/12/2025,1744484500.0,12.04.25 v Tech,201,36a3207d-4c80-4ed9-b72b-8aa0926a3505,4,1744480682.0,Centre Back,Rice WSOC,April,Saturday,3116.0,0.0,2.67814,3116.0,3.25587,404.62082,251.60143,156.72368,140.64829,177.53574,275.41006,25.93736,14.78299,56.18088,2.92661,82.9918
Jules Johnston,931babc9-289c-47bf-970a-22d756ac9f5a,04/12/2025,1744482260.0,12.04.25 v Tech,201,36a3207d-4c80-4ed9-b72b-8aa0926a3505,25,1744480682.0,Forward,Rice WSOC,April,Saturday,394.68,1183.32,0.46563,394.68,3.87144,76.45799,45.30078,17.01485,24.7905,32.18339,53.95668,4.77846,14.20893,48.36648,0.52719,113.91836
Piper Biziorek,fb332127-6268-4995-a140-9076566dc702,04/11/2025,1744395834.0,11.04.25 MD-1,201,cab2fa02-9003-4493-a566-d183b7c2acf4,15,1744392847.0,Central Midfielder,Rice WSOC,April,Friday,2808.0,0.0,1.4303,2808.0,4.56093,258.41206,178.11331,134.86177,109.82,115.91781,159.62753,13.81448,13.56323,86.67203,1.61301,49.18485
Jules Johnston,931babc9-289c-47bf-970a-22d756ac9f5a,04/11/2025,1744395834.0,11.04.25 MD-1,201,cab2fa02-9003-4493-a566-d183b7c2acf4,25,1744392847.0,Forward,Rice WSOC,April,Friday,2808.0,0.0,1.0697,2808.0,3.60096,184.92648,117.61376,105.46421,71.51411,77.67173,123.55096,7.44348,13.03223,70.20751,1.19856,36.78464
Jordyn Mariam,f7e75558-805b-459d-b944-ec8d5a5beeac,04/11/2025,1744395834.0,11.04.25 MD-1,201,cab2fa02-9003-4493-a566-d183b7c2acf4,5,1744392847.0,Wide Midfielder,Rice WSOC,April,Friday,2808.0,0.0,1.28832,2808.0,3.84136,231.60857,146.34659,130.84944,85.73104,100.75198,152.72409,10.91211,13.89091,84.88383,1.47544,44.30229
Bailey Peek,1d2f6fbf-8215-4ae2-ae70-ed9d981fcd85,04/11/2025,1744395834.0,11.04.25 MD-1,201,cab2fa02-9003-4493-a566-d183b7c2acf4,6,1744392847.0,Centre Back,Rice WSOC,April,Friday,2808.0,0.0,1.1722,2808.0,3.91325,175.33291,110.2168,94.61623,64.0396,75.6886,117.8535,10.48955,13.74277,72.9017,1.33136,40.30921
Kallie Mckinney,41be207d-131f-472d-a349-6832380579b4,04/11/2025,1744395834.0,11.04.25 MD-1,201,cab2fa02-9003-4493-a566-d183b7c2acf4,27,1744392847.0,Central Midfielder,Rice WSOC,April,Friday,2808.0,0.0,1.30632,2808.0,3.4298,233.00181,134.58877,138.35831,77.93838,92.67353,165.2927,12.90979,12.08664,70.24854,1.44131,44.92141
Kenna Sanders,457dc155-bdf2-48cc-8a59-2f0b4ec42ae2,04/11/2025,1744395834.0,11.04.25 MD-1,201,cab2fa02-9003-4493-a566-d183b7c2acf4,18,1744392847.0,Forward,Rice WSOC,April,Friday,2808.0,0.0,1.18213,2808.0,3.90277,215.75002,130.16646,127.87876,75.48259,88.82557,151.42217,8.52643,11.1288,62.63237,1.30341,40.65058
Jessica Molina,49ee30cf-715d-49d2-bfd4-f208c806a5db,04/11/2025,1744395834.0,11.04.25 MD-1,201,cab2fa02-9003-4493-a566-d183b7c2acf4,16,1744392847.0,Forward,Rice WSOC,April,Friday,2808.0,0.0,1.22451,2808.0,4.04304,202.85347,127.57586,120.76922,81.51467,80.13572,136.87899,8.58314,13.21387,74.59693,1.3526,42.10823
Carsyn Martz,5ec6f0de-aa33-44a6-9b7e-676076c27478,04/11/2025,1744395834.0,11.04.25 MD-1,201,cab2fa02-9003-4493-a566-d183b7c2acf4,20,1744392847.0,Wide Midfielder,Rice WSOC,April,Friday,2808.0,0.0,1.18269,2808.0,3.82291,201.62509,124.5795,132.52927,74.98819,83.06836,136.85403,8.91638,13.88984,88.17023,1.32936,40.67008
Sophie Zhang,713ce913-8f9b-41cb-b395-b08e3e69186f,04/11/2025,1744395834.0,11.04.25 MD-1,201,cab2fa02-9003-4493-a566-d183b7c2acf4,9,1744392847.0,Forward,Rice WSOC,April,Friday,2808.0,0.0,1.2045,2808.0,4.39467,255.8227,162.27168,149.58436,104.14352,103.07322,169.03737,11.4854,13.13597,89.30015,1.3691,41.42005
Taylor Rish,81828efc-2855-4216-a0d1-6a7c9201d5a0,04/11/2025,1744395834.0,11.04.25 MD-1,201,cab2fa02-9003-4493-a566-d183b7c2acf4,7,1744392847.0,Full Back,Rice WSOC,April,Friday,2808.0,0.0,1.12927,2808.0,4.10522,180.24724,111.65703,108.1798,65.87887,76.1839,123.16889,10.06865,13.06267,85.52962,1.24611,38.83306
Leah Chancey,85ed14d3-34f0-42fc-8477-c03064e998f4,04/11/2025,1744395834.0,11.04.25 MD-1,201,cab2fa02-9003-4493-a566-d183b7c2acf4,23,1744392847.0,Central Midfielder,Rice WSOC,April,Friday,2808.0,0.0,1.09672,2808.0,3.38471,162.67582,100.03377,111.19367,59.49881,66.95723,111.00672,8.64634,12.43725,70.29698,1.21488,37.71355
Betty Velkova,8b0cb352-4da9-4349-b147-77a3736ea957,04/11/2025,1744395834.0,11.04.25 MD-1,201,cab2fa02-9003-4493-a566-d183b7c2acf4,19,1744392847.0,Forward,Rice WSOC,April,Friday,2808.0,0.0,1.33144,2808.0,4.80996,259.96963,164.31635,128.0034,107.93521,99.28992,175.99879,10.7829,14.11564,80.89378,1.49199,45.78505
Megan Sweeney,76ec7312-9b6e-4355-a747-4de0c8e2d8b9,04/11/2025,1744395834.0,11.04.25 MD-1,201,cab2fa02-9003-4493-a566-d183b7c2acf4,0,1744392847.0,Goalkeeper,Rice WSOC,April,Friday,2835.33,0.0,1.35323,2835.33,5.96862,240.45011,148.56027,170.34771,97.5434,91.33233,164.52971,10.67287,14.88649,73.24932,1.59172,46.08598
Eileen Albers,943afa05-aaac-4426-ba0c-1ebef4e76cb7,04/11/2025,1744395834.0,11.04.25 MD-1,201,cab2fa02-9003-4493-a566-d183b7c2acf4,12,1744392847.0,Forward,Rice WSOC,April,Friday,2808.0,0.0,1.2667,2808.0,4.24446,216.78713,124.71119,114.3627,77.49107,81.30128,155.72734,12.05572,13.77743,101.51091,1.445,43.55897
Allie Love,99ee597d-39b8-4fb7-9c63-0d052a15c0a8,04/11/2025,1744395834.0,11.04.25 MD-1,201,cab2fa02-9003-4493-a566-d183b7c2acf4,17,1744392847.0,Forward,Rice WSOC,April,Friday,2808.0,0.0,1.34711,2808.0,4.54326,244.2545,158.92968,132.5893,97.56593,104.03753,158.07794,12.12303,14.15418,70.99837,1.51087,46.3241
Kirsten Ruf,9a8fba27-951b-4253-aac1-ae31800ac075,04/11/2025,1744395834.0,11.04.25 MD-1,201,cab2fa02-9003-4493-a566-d183b7c2acf4,22,1744392847.0,Goalkeeper,Rice WSOC,April,Friday,2835.33,0.0,1.23714,2835.33,6.64877,220.51823,144.92391,155.01422,91.13855,93.36602,141.82993,9.32929,14.21524,77.86731,1.46145,42.13235
Lilly Reuscher,ad2c003d-9ca2-42b1-bc85-2440ab303b84,04/11/2025,1744395834.0,11.04.25 MD-1,201,cab2fa02-9003-4493-a566-d183b7c2acf4,4,1744392847.0,Centre Back,Rice WSOC,April,Friday,2808.0,0.0,1.09667,2808.0,3.72025,184.86685,117.63604,106.19027,66.56556,82.54787,123.25371,10.64491,13.36434,76.85362,1.2255,37.71205
Lauren Pickup,ae01c819-c49a-41ef-aa65-20df1a8a40a9,04/11/2025,1744395834.0,11.04.25 MD-1,201,cab2fa02-9003-4493-a566-d183b7c2acf4,8,1744392847.0,Full Back,Rice WSOC,April,Friday,2808.0,0.0,1.36044,2808.0,3.67588,241.52201,152.95484,139.88264,90.12354,103.08877,161.03259,9.94359,13.75336,75.3746,1.55853,46.7824
Mariana Elizondo,c3d64405-eb5d-4fc0-a8df-06af8ad627bf,04/11/2025,1744395834.0,11.04.25 MD-1,201,cab2fa02-9003-4493-a566-d183b7c2acf4,10,1744392847.0,Central Midfielder,Rice WSOC,April,Friday,2808.0,0.0,1.40635,2808.0,3.65897,256.79009,158.67049,150.53837,100.12501,102.05807,175.20319,12.61429,13.13045,73.47544,1.56443,48.36116
Dayo Tennyson,d0c5a2ec-d0d5-4ae1-bc9f-ae270bfc51e9,04/11/2025,1744395834.0,11.04.25 MD-1,201,cab2fa02-9003-4493-a566-d183b7c2acf4,3,1744392847.0,Full Back,Rice WSOC,April,Friday,2808.0,0.0,1.19396,2808.0,6.35539,249.15867,155.15537,145.05587,93.46719,103.34574,165.50161,9.31533,13.9057,108.22746,1.36287,41.05769
Camille Quarterman,e710b8f7-8542-490c-80f0-c110cb9ed839,04/11/2025,1744395834.0,11.04.25 MD-1,201,cab2fa02-9003-4493-a566-d183b7c2acf4,33,1744392847.0,Wide Midfielder,Rice WSOC,April,Friday,2808.0,0.0,1.4402,2808.0,3.44866,247.21725,151.79783,127.77972,94.5327,99.15289,169.67453,14.23768,13.96478,93.06254,1.62563,49.52504
Mia Brumlow,e9141800-8f9c-4a98-8265-2ae17f48913e,04/11/2025,1744395834.0,11.04.25 MD-1,201,cab2fa02-9003-4493-a566-d183b7c2acf4,13,1744392847.0,Wide Midfielder,Rice WSOC,April,Friday,2808.0,0.0,1.14676,2808.0,4.33598,185.6451,107.16615,104.13921,64.07207,71.61461,134.96809,11.38083,13.51112,79.13071,1.3115,39.43458
Naija Bruckner,59840313-0841-4a21-a5b5-b8b24cad01b8,04/10/2025,1744317119.0,10.4.25 Naija,201,cfe29bc6-d675-4315-a092-90372f6b52e5,28,1744315717.0,Central Midfielder,Rice WSOC,April,Thursday,1401.98,0.0,0.99632,1402.0,4.62194,148.29411,87.1838,63.31219,51.65546,58.58057,106.79612,15.20909,16.71284,78.64546,1.13011,78.38773
Lilly Reuscher,ad2c003d-9ca2-42b1-bc85-2440ab303b84,04/09/2025,1744225746.0,09.04.25 MD-4,201,9e8ec376-b91f-4345-bd50-c98b798ba7e3,4,1744220135.0,Centre Back,Rice WSOC,April,Wednesday,5070.82,0.0,2.72003,5070.82,3.87588,501.95512,315.70329,241.15601,182.02507,218.35191,338.18058,27.21215,12.27562,77.98078,3.09387,51.79585
Kenna Sanders,457dc155-bdf2-48cc-8a59-2f0b4ec42ae2,04/09/2025,1744225746.0,09.04.25 MD-4,201,9e8ec376-b91f-4345-bd50-c98b798ba7e3,18,1744220135.0,Forward,Rice WSOC,April,Wednesday,5070.82,0.0,3.29181,5070.82,5.74219,769.10081,528.50428,380.78064,330.11444,337.82327,461.00197,35.59031,12.79307,72.46596,3.73204,62.68407
Jules Johnston,931babc9-289c-47bf-970a-22d756ac9f5a,04/09/2025,1744225746.0,09.04.25 MD-4,201,9e8ec376-b91f-4345-bd50-c98b798ba7e3,25,1744220135.0,Forward,Rice WSOC,April,Wednesday,5070.82,0.0,3.11546,5070.82,5.40392,522.68115,316.24929,234.33425,183.22713,218.18867,364.62446,31.67426,15.80111,85.79868,3.54375,59.32588
Piper Biziorek,fb332127-6268-4995-a140-9076566dc702,04/09/2025,1744225746.0,09.04.25 MD-4,201,9e8ec376-b91f-4345-bd50-c98b798ba7e3,15,1744220135.0,Central Midfielder,Rice WSOC,April,Wednesday,5070.82,0.0,4.16299,5070.82,5.2371,864.69305,607.07122,286.91897,354.48723,423.39996,512.45212,60.96528,15.00293,79.85011,4.96838,79.2733
Jordyn Mariam,f7e75558-805b-459d-b944-ec8d5a5beeac,04/09/2025,1744225746.0,09.04.25 MD-4,201,9e8ec376-b91f-4345-bd50-c98b798ba7e3,5,1744220135.0,Wide Midfielder,Rice WSOC,April,Wednesday,5070.82,0.0,2.86396,5070.82,5.01411,536.28819,349.428,250.05184,210.42734,233.62015,345.90853,31.62882,13.78507,78.99666,3.33611,54.53665
Mia Brumlow,e9141800-8f9c-4a98-8265-2ae17f48913e,04/09/2025,1744225746.0,09.04.25 MD-4,201,9e8ec376-b91f-4345-bd50-c98b798ba7e3,13,1744220135.0,Wide Midfielder,Rice WSOC,April,Wednesday,5070.82,0.0,3.31292,5070.82,4.40736,565.41772,326.08885,221.27895,196.14733,217.1506,414.07905,39.28712,14.2602,91.42869,3.84918,63.08607
Camille Quarterman,e710b8f7-8542-490c-80f0-c110cb9ed839,04/09/2025,1744225746.0,09.04.25 MD-4,201,9e8ec376-b91f-4345-bd50-c98b798ba7e3,33,1744220135.0,Wide Midfielder,Rice WSOC,April,Wednesday,5070.82,0.0,3.27789,5070.82,3.83147,587.44374,381.22887,279.74178,232.40831,253.05884,379.24907,38.37895,16.43039,86.48326,3.8517,62.41899
Dayo Tennyson,d0c5a2ec-d0d5-4ae1-bc9f-ae270bfc51e9,04/09/2025,1744225746.0,09.04.25 MD-4,201,9e8ec376-b91f-4345-bd50-c98b798ba7e3,3,1744220135.0,Full Back,Rice WSOC,April,Wednesday,5070.82,0.0,2.9026,5070.82,5.76775,607.23293,372.88718,279.93583,207.21608,264.63091,406.81653,30.66229,15.90167,109.1506,3.43016,55.27253
Mariana Elizondo,c3d64405-eb5d-4fc0-a8df-06af8ad627bf,04/09/2025,1744225746.0,09.04.25 MD-4,201,9e8ec376-b91f-4345-bd50-c98b798ba7e3,10,1744220135.0,Central Midfielder,Rice WSOC,April,Wednesday,5070.82,0.0,3.33257,5070.82,3.85988,653.32688,397.57768,288.40698,243.54944,263.49034,452.08107,36.11079,13.70771,84.66264,3.7676,63.46022
Lauren Pickup,ae01c819-c49a-41ef-aa65-20df1a8a40a9,04/09/2025,1744225746.0,09.04.25 MD-4,201,9e8ec376-b91f-4345-bd50-c98b798ba7e3,8,1744220135.0,Full Back,Rice WSOC,April,Wednesday,5070.82,0.0,3.55368,5070.82,3.21027,569.14019,353.92899,238.26372,196.88902,250.86294,387.54287,42.89458,14.34437,83.10579,4.09193,67.67059
Kirsten Ruf,9a8fba27-951b-4253-aac1-ae31800ac075,04/09/2025,1744225746.0,09.04.25 MD-4,201,9e8ec376-b91f-4345-bd50-c98b798ba7e3,22,1744220135.0,Goalkeeper,Rice WSOC,April,Wednesday,5027.82,0.0,2.51256,5027.82,5.19186,414.25247,263.73233,283.53786,158.75006,176.71168,273.72196,17.9269,13.61512,94.2956,2.92947,48.25439
Allie Love,99ee597d-39b8-4fb7-9c63-0d052a15c0a8,04/09/2025,1744225746.0,09.04.25 MD-4,201,9e8ec376-b91f-4345-bd50-c98b798ba7e3,17,1744220135.0,Forward,Rice WSOC,April,Wednesday,5070.82,0.0,3.71276,5070.82,4.86881,626.79496,410.6704,244.95646,258.52022,262.14164,407.09273,45.56762,14.47997,75.88057,4.24476,70.69992
Eileen Albers,943afa05-aaac-4426-ba0c-1ebef4e76cb7,04/09/2025,1744225746.0,09.04.25 MD-4,201,9e8ec376-b91f-4345-bd50-c98b798ba7e3,12,1744220135.0,Forward,Rice WSOC,April,Wednesday,5070.82,0.0,3.14979,5070.82,5.22934,551.79273,294.7073,213.80929,185.41369,190.72964,416.74359,35.98017,16.71589,87.94247,3.59609,59.97951
Betty Velkova,8b0cb352-4da9-4349-b147-77a3736ea957,04/09/2025,1744225746.0,09.04.25 MD-4,201,9e8ec376-b91f-4345-bd50-c98b798ba7e3,19,1744220135.0,Forward,Rice WSOC,April,Wednesday,5070.82,0.0,3.75877,5070.82,4.68548,722.09505,443.12581,273.3188,270.91369,290.3003,495.89167,45.89454,13.91684,82.40506,4.30748,71.57609
Leah Chancey,85ed14d3-34f0-42fc-8477-c03064e998f4,04/09/2025,1744225746.0,09.04.25 MD-4,201,9e8ec376-b91f-4345-bd50-c98b798ba7e3,23,1744220135.0,Central Midfielder,Rice WSOC,April,Wednesday,5070.82,0.0,3.10258,5070.82,4.81943,577.14631,356.45508,250.69121,208.88829,243.50245,396.98847,33.61581,14.39294,67.40123,3.47482,59.08058
Taylor Rish,81828efc-2855-4216-a0d1-6a7c9201d5a0,04/09/2025,1744225746.0,09.04.25 MD-4,201,9e8ec376-b91f-4345-bd50-c98b798ba7e3,7,1744220135.0,Full Back,Rice WSOC,April,Wednesday,5070.82,0.0,2.81774,5070.82,4.14703,388.55716,219.80411,174.49398,131.43882,147.71028,284.81639,30.30097,14.59331,86.91465,3.27427,53.6566
Megan Sweeney,76ec7312-9b6e-4355-a747-4de0c8e2d8b9,04/09/2025,1744225746.0,09.04.25 MD-4,201,9e8ec376-b91f-4345-bd50-c98b798ba7e3,0,1744220135.0,Goalkeeper,Rice WSOC,April,Wednesday,5027.82,0.0,2.80246,5027.82,7.8869,509.22826,334.581,318.32297,220.62894,206.19994,327.54555,21.72449,14.247,79.53522,3.28558,53.82203
Sophie Zhang,713ce913-8f9b-41cb-b395-b08e3e69186f,04/09/2025,1744225746.0,09.04.25 MD-4,201,9e8ec376-b91f-4345-bd50-c98b798ba7e3,9,1744220135.0,Forward,Rice WSOC,April,Wednesday,5070.82,0.0,2.6626,5070.82,4.33521,508.04512,319.31401,220.0234,192.1899,213.42165,341.75575,30.30842,14.62863,83.69916,3.0617,50.70236
Carsyn Martz,5ec6f0de-aa33-44a6-9b7e-676076c27478,04/09/2025,1744225746.0,09.04.25 MD-4,201,9e8ec376-b91f-4345-bd50-c98b798ba7e3,20,1744220135.0,Wide Midfielder,Rice WSOC,April,Wednesday,5070.82,0.0,3.2425,5070.82,4.9687,539.38822,326.37184,247.18152,191.81511,222.88392,373.06237,35.41074,16.34027,81.66166,3.71499,61.74499
Jessica Molina,49ee30cf-715d-49d2-bfd4-f208c806a5db,04/09/2025,1744225746.0,09.04.25 MD-4,201,9e8ec376-b91f-4345-bd50-c98b798ba7e3,16,1744220135.0,Forward,Rice WSOC,April,Wednesday,5070.82,0.0,2.94028,5070.82,4.16458,447.5258,273.37295,221.76361,171.31796,174.63556,312.36787,28.73669,13.77244,79.50042,3.32262,55.99009
Kallie Mckinney,41be207d-131f-472d-a349-6832380579b4,04/09/2025,1744225746.0,09.04.25 MD-4,201,9e8ec376-b91f-4345-bd50-c98b798ba7e3,27,1744220135.0,Central Midfielder,Rice WSOC,April,Wednesday,5070.82,0.0,3.30836,5070.82,4.96433,623.95979,374.02998,254.08572,221.81701,250.99053,434.98595,40.85374,13.43896,72.18777,3.68283,62.99917
Bailey Peek,1d2f6fbf-8215-4ae2-ae70-ed9d981fcd85,04/09/2025,1744224350.18,09.04.25 MD-4,201,9e8ec376-b91f-4345-bd50-c98b798ba7e3,6,1744220135.0,Centre Back,Rice WSOC,April,Wednesday,3934.27,0.0,3.61666,3934.27,3.76193,570.12366,371.94654,130.54375,213.36566,258.05786,365.21465,68.10319,12.63139,72.37715,3.79984,88.7655
Naija Bruckner,59840313-0841-4a21-a5b5-b8b24cad01b8,04/08/2025,1744145962.91,08.04.25 MD+3,201,5b2e48a5-b6f7-4048-9f4c-08640296bf01,28,1744144361.65,Central Midfielder,Rice WSOC,April,Tuesday,1601.26,0.0,1.34411,1601.26,4.89319,184.24265,108.20529,65.62151,65.53617,72.52663,133.35436,15.77641,16.60842,70.29122,1.49927,81.05403
Bailey Peek,1d2f6fbf-8215-4ae2-ae70-ed9d981fcd85,04/08/2025,1744145450.0,08.04.25 MD+3,201,5b2e48a5-b6f7-4048-9f4c-08640296bf01,6,1744142106.0,Centre Back,Rice WSOC,April,Tuesday,2464.0,0.0,1.54087,2464.0,4.98958,269.37874,172.76803,142.0999,99.44368,119.39223,174.97527,13.24873,13.67273,83.47615,1.76514,60.38468
Kallie Mckinney,41be207d-131f-472d-a349-6832380579b4,04/08/2025,1744146013.0,08.04.25 MD+3,201,5b2e48a5-b6f7-4048-9f4c-08640296bf01,27,1744142106.0,Central Midfielder,Rice WSOC,April,Tuesday,3861.0,0.0,2.5546,3861.0,4.95366,509.49459,311.87284,215.20385,188.78745,207.53551,350.16642,28.95423,13.91035,91.03271,2.93457,63.88852
Kenna Sanders,457dc155-bdf2-48cc-8a59-2f0b4ec42ae2,04/08/2025,1744146013.0,08.04.25 MD+3,201,5b2e48a5-b6f7-4048-9f4c-08640296bf01,18,1744142106.0,Forward,Rice WSOC,April,Tuesday,3861.0,0.0,2.73315,3861.0,4.20978,518.54543,298.79668,198.31008,161.62918,214.93759,373.22469,31.81916,12.86458,75.95076,3.10255,68.35398
Lauren Pickup,ae01c819-c49a-41ef-aa65-20df1a8a40a9,04/08/2025,1744146013.0,08.04.25 MD+3,201,5b2e48a5-b6f7-4048-9f4c-08640296bf01,8,1744142106.0,Full Back,Rice WSOC,April,Tuesday,3861.0,0.0,2.68716,3861.0,3.91572,444.18694,274.31525,193.92139,159.66583,188.80553,304.68893,31.72048,15.84715,92.79597,3.11249,67.20372
Lilly Reuscher,ad2c003d-9ca2-42b1-bc85-2440ab303b84,04/08/2025,1744146013.0,08.04.25 MD+3,201,5b2e48a5-b6f7-4048-9f4c-08640296bf01,4,1744142106.0,Full Back,Rice WSOC,April,Tuesday,3861.0,0.0,2.28256,3861.0,5.30645,396.51471,241.94295,168.7539,135.32115,170.3417,274.77923,21.84581,13.93767,85.89076,2.63087,57.08516
Sophie Zhang,713ce913-8f9b-41cb-b395-b08e3e69186f,04/08/2025,1744145450.0,08.04.25 MD+3,201,5b2e48a5-b6f7-4048-9f4c-08640296bf01,9,1744142106.0,Forward,Rice WSOC,April,Tuesday,3306.0,0.0,1.77662,3306.0,4.66474,381.38296,238.70679,180.35141,146.10515,157.19844,256.61771,20.67363,13.54365,93.51011,2.08863,51.89087
Megan Sweeney,76ec7312-9b6e-4355-a747-4de0c8e2d8b9,04/08/2025,1744146013.0,08.04.25 MD+3,201,5b2e48a5-b6f7-4048-9f4c-08640296bf01,0,1744142106.0,Goalkeeper,Rice WSOC,April,Tuesday,3861.0,0.0,2.03204,3861.0,5.88585,366.10194,243.54472,244.87429,161.85598,148.39157,231.96646,14.613,14.33005,77.98164,2.38619,50.81982
Taylor Rish,81828efc-2855-4216-a0d1-6a7c9201d5a0,04/08/2025,1744146013.0,08.04.25 MD+3,201,5b2e48a5-b6f7-4048-9f4c-08640296bf01,7,1744142106.0,Full Back,Rice WSOC,April,Tuesday,3861.0,0.0,2.4125,3861.0,3.84909,329.68056,186.38294,147.80028,112.90857,123.47368,241.51691,25.15206,15.68976,88.44785,2.7521,60.33478
Leah Chancey,85ed14d3-34f0-42fc-8477-c03064e998f4,04/08/2025,1744146013.0,08.04.25 MD+3,201,5b2e48a5-b6f7-4048-9f4c-08640296bf01,23,1744142106.0,Central Midfielder,Rice WSOC,April,Tuesday,3861.0,0.0,2.30271,3861.0,3.54628,378.58968,226.9821,167.13686,131.07759,155.4255,262.56941,24.76195,13.04046,77.58976,2.60267,57.58889
Betty Velkova,8b0cb352-4da9-4349-b147-77a3736ea957,04/08/2025,1744146013.0,08.04.25 MD+3,201,5b2e48a5-b6f7-4048-9f4c-08640296bf01,19,1744142106.0,Forward,Rice WSOC,April,Tuesday,3861.0,0.0,2.58408,3861.0,5.36584,499.0385,308.79669,192.14631,194.2944,197.57507,340.52273,29.56972,14.31279,84.01978,2.96892,64.62591
Jules Johnston,931babc9-289c-47bf-970a-22d756ac9f5a,04/08/2025,1744146013.0,08.04.25 MD+3,201,5b2e48a5-b6f7-4048-9f4c-08640296bf01,25,1744142106.0,Forward,Rice WSOC,April,Tuesday,3861.0,0.0,2.37554,3861.0,4.42326,398.70965,243.80379,176.6331,144.3716,164.54896,274.10346,22.08849,15.20253,79.50159,2.72124,59.41041
Eileen Albers,943afa05-aaac-4426-ba0c-1ebef4e76cb7,04/08/2025,1744146013.0,08.04.25 MD+3,201,5b2e48a5-b6f7-4048-9f4c-08640296bf01,12,1744142106.0,Forward,Rice WSOC,April,Tuesday,3861.0,0.0,2.15936,3861.0,4.56545,355.54268,196.09392,139.68876,120.51358,129.45432,262.13927,24.10059,15.74449,104.36043,2.48297,54.00406
Allie Love,99ee597d-39b8-4fb7-9c63-0d052a15c0a8,04/08/2025,1744146013.0,08.04.25 MD+3,201,5b2e48a5-b6f7-4048-9f4c-08640296bf01,17,1744142106.0,Forward,Rice WSOC,April,Tuesday,3861.0,0.0,2.55697,3861.0,4.03563,429.16915,276.5927,176.20193,166.25476,183.94863,281.86591,29.9644,13.90212,76.4174,2.90307,63.94778
Kirsten Ruf,9a8fba27-951b-4253-aac1-ae31800ac075,04/08/2025,1744146013.0,08.04.25 MD+3,201,5b2e48a5-b6f7-4048-9f4c-08640296bf01,22,1744142106.0,Goalkeeper,Rice WSOC,April,Tuesday,3861.0,0.0,1.85389,3861.0,6.19533,293.96071,190.55614,202.81631,116.37466,125.83552,191.71472,12.27087,15.38562,86.33472,2.13886,46.36443
Carsyn Martz,5ec6f0de-aa33-44a6-9b7e-676076c27478,04/08/2025,1744146013.0,08.04.25 MD+3,201,5b2e48a5-b6f7-4048-9f4c-08640296bf01,20,1744142106.0,Wide Midfielder,Rice WSOC,April,Tuesday,3861.0,0.0,2.75947,3861.0,6.77182,436.97141,261.32946,174.21913,152.88609,179.16492,308.80342,29.21548,15.2347,90.29671,3.1657,69.01226
Mariana Elizondo,c3d64405-eb5d-4fc0-a8df-06af8ad627bf,04/08/2025,1744146013.0,08.04.25 MD+3,201,5b2e48a5-b6f7-4048-9f4c-08640296bf01,10,1744142106.0,Central Midfielder,Rice WSOC,April,Tuesday,3861.0,0.0,2.617,3861.0,4.20297,564.07166,360.75454,234.98346,215.07332,246.83388,370.49435,29.49774,13.99298,93.93669,3.05809,65.44925
Dayo Tennyson,d0c5a2ec-d0d5-4ae1-bc9f-ae270bfc51e9,04/08/2025,1744146013.0,08.04.25 MD+3,201,5b2e48a5-b6f7-4048-9f4c-08640296bf01,3,1744142106.0,Wide Midfielder,Rice WSOC,April,Tuesday,3861.0,0.0,2.24687,3861.0,4.57331,437.5302,257.97262,210.11539,142.75259,185.12156,305.53767,21.47854,16.33138,112.44749,2.63643,56.19242
Camille Quarterman,e710b8f7-8542-490c-80f0-c110cb9ed839,04/08/2025,1744146013.0,08.04.25 MD+3,201,5b2e48a5-b6f7-4048-9f4c-08640296bf01,33,1744142106.0,Wide Midfielder,Rice WSOC,April,Tuesday,3861.0,0.0,2.4058,3861.0,5.19833,406.77615,256.67483,184.57985,156.81209,170.56122,273.51844,24.80539,16.48654,101.21048,2.84203,60.16717
Mia Brumlow,e9141800-8f9c-4a98-8265-2ae17f48913e,04/08/2025,1744146013.0,08.04.25 MD+3,201,5b2e48a5-b6f7-4048-9f4c-08640296bf01,13,1744142106.0,Wide Midfielder,Rice WSOC,April,Tuesday,3861.0,0.0,2.20583,3861.0,4.40402,363.41409,216.36717,162.20603,130.26089,144.65451,259.48435,22.47488,14.93982,90.46619,2.56809,55.16609
Jordyn Mariam,f7e75558-805b-459d-b944-ec8d5a5beeac,04/08/2025,1744146013.0,08.04.25 MD+3,201,5b2e48a5-b6f7-4048-9f4c-08640296bf01,5,1744142106.0,Wide Midfielder,Rice WSOC,April,Tuesday,3861.0,0.0,2.57371,3861.0,4.77255,447.01693,290.41221,183.7086,188.28868,181.15244,294.03263,27.62448,15.84117,92.38434,3.00914,64.36644
Piper Biziorek,fb332127-6268-4995-a140-9076566dc702,04/08/2025,1744146013.0,08.04.25 MD+3,201,5b2e48a5-b6f7-4048-9f4c-08640296bf01,15,1744142106.0,Central Midfielder,Rice WSOC,April,Tuesday,3861.0,0.0,3.00276,3861.0,4.15071,641.33401,454.54332,206.59971,274.58958,308.11589,374.32098,42.39488,14.15838,87.6797,3.53246,75.09676
Megan Sweeney,76ec7312-9b6e-4355-a747-4de0c8e2d8b9,04/07/2025,1744051909.18,07.04.25 MD+2,201,f4a36491-813d-4237-b6ec-1fd4f405854b,0,1744047302.02,Goalkeeper,Rice WSOC,April,Monday,4030.82,0.0,2.35719,4030.82,6.24095,414.80667,266.32716,243.95013,187.54519,150.92219,273.73971,18.33562,14.69824,71.06615,2.6285,56.46776
Carsyn Martz,5ec6f0de-aa33-44a6-9b7e-676076c27478,04/07/2025,1744051909.18,07.04.25 MD+2,201,f4a36491-813d-4237-b6ec-1fd4f405854b,20,1744047302.02,Wide Midfielder,Rice WSOC,April,Monday,3964.82,0.0,2.5043,3964.82,5.62804,409.32404,252.26253,173.80015,148.96748,171.12661,280.29303,23.64302,15.87029,78.10513,2.82395,60.99062
Bailey Peek,1d2f6fbf-8215-4ae2-ae70-ed9d981fcd85,04/07/2025,1744050531.0,07.04.25 MD+2,201,f4a36491-813d-4237-b6ec-1fd4f405854b,6,1744047302.02,Centre Back,Rice WSOC,April,Monday,2897.64,0.0,1.25741,2897.64,3.18823,203.55542,130.49827,110.73014,77.86073,87.4229,133.52364,7.46187,15.40067,70.04884,1.38734,41.90163
Kallie Mckinney,41be207d-131f-472d-a349-6832380579b4,04/07/2025,1744051909.18,07.04.25 MD+2,201,f4a36491-813d-4237-b6ec-1fd4f405854b,27,1744047302.02,Central Midfielder,Rice WSOC,April,Monday,3964.82,0.0,2.65534,3964.82,4.13411,489.88289,273.58943,231.27196,159.08199,186.78192,357.4784,25.90789,13.94316,80.34644,2.93825,64.66902
Kenna Sanders,457dc155-bdf2-48cc-8a59-2f0b4ec42ae2,04/07/2025,1744051909.18,07.04.25 MD+2,201,f4a36491-813d-4237-b6ec-1fd4f405854b,18,1744047302.02,Forward,Rice WSOC,April,Monday,3964.82,0.0,2.69649,3964.82,5.06974,593.27136,401.9092,282.19803,254.87853,252.54948,362.29412,25.42041,13.67331,59.01889,2.96239,65.67136
Isabelle Kent,6e66b652-d707-4f6a-86d3-61696dab1831,04/07/2025,1744049542.0,07.04.25 MD+2,201,f4a36491-813d-4237-b6ec-1fd4f405854b,2,1744047302.02,Full Back,Rice WSOC,April,Monday,2137.64,0.0,1.03774,2137.64,2.43311,155.03344,95.3919,99.66711,58.12327,63.00847,105.65153,6.03351,14.18021,69.84212,1.14089,46.87651
Jessica Molina,49ee30cf-715d-49d2-bfd4-f208c806a5db,04/07/2025,1744051909.18,07.04.25 MD+2,201,f4a36491-813d-4237-b6ec-1fd4f405854b,16,1744047302.02,Forward,Rice WSOC,April,Monday,3964.82,0.0,2.51231,3964.82,3.6605,401.08781,251.76047,181.78087,166.96494,151.73637,272.55381,21.04718,14.85688,78.84161,2.7773,61.18562
Camille Quarterman,e710b8f7-8542-490c-80f0-c110cb9ed839,04/07/2025,1744051909.18,07.04.25 MD+2,201,f4a36491-813d-4237-b6ec-1fd4f405854b,33,1744047302.02,Wide Midfielder,Rice WSOC,April,Monday,3964.82,0.0,2.62693,3964.82,5.24278,430.468,246.60647,189.09976,148.68697,165.25711,311.11136,24.76624,17.61633,99.67492,3.02501,63.97709
Dayo Tennyson,d0c5a2ec-d0d5-4ae1-bc9f-ae270bfc51e9,04/07/2025,1744051909.18,07.04.25 MD+2,201,f4a36491-813d-4237-b6ec-1fd4f405854b,3,1744047302.02,Wide Midfielder,Rice WSOC,April,Monday,3964.82,0.0,2.4373,3964.82,4.10147,485.89047,297.52264,232.28999,172.54433,205.72168,330.01035,21.17322,16.53274,88.54284,2.82698,59.35893
Leah Chancey,85ed14d3-34f0-42fc-8477-c03064e998f4,04/07/2025,1744051909.18,07.04.25 MD+2,201,f4a36491-813d-4237-b6ec-1fd4f405854b,23,1744047302.02,Central Midfielder,Rice WSOC,April,Monday,3964.82,0.0,2.66197,3964.82,3.92745,411.60395,245.64239,202.12892,143.20716,167.21492,286.9846,28.01138,15.06149,69.64691,2.93033,64.8305
Betty Velkova,8b0cb352-4da9-4349-b147-77a3736ea957,04/07/2025,1744051909.18,07.04.25 MD+2,201,f4a36491-813d-4237-b6ec-1fd4f405854b,19,1744047302.02,Forward,Rice WSOC,April,Monday,3964.82,0.0,2.91965,3964.82,6.61824,549.82377,333.07145,193.16976,209.65761,212.24291,383.09907,32.67744,15.78912,74.81009,3.27077,71.1062
Jules Johnston,931babc9-289c-47bf-970a-22d756ac9f5a,04/07/2025,1744051909.18,07.04.25 MD+2,201,f4a36491-813d-4237-b6ec-1fd4f405854b,25,1744047302.02,Forward,Rice WSOC,April,Monday,3964.82,0.0,2.52468,3964.82,4.62722,381.96535,229.70253,156.40634,132.93809,158.78426,267.48125,23.85382,14.78541,72.01927,2.78431,61.48692
Eileen Albers,943afa05-aaac-4426-ba0c-1ebef4e76cb7,04/07/2025,1744051909.18,07.04.25 MD+2,201,f4a36491-813d-4237-b6ec-1fd4f405854b,12,1744047302.02,Forward,Rice WSOC,April,Monday,3964.82,0.0,2.61575,3964.82,4.04972,421.12837,234.76666,154.9739,142.94898,155.62706,310.13387,27.61717,16.31884,96.58504,2.93349,63.70497
Allie Love,99ee597d-39b8-4fb7-9c63-0d052a15c0a8,04/07/2025,1744051909.18,07.04.25 MD+2,201,f4a36491-813d-4237-b6ec-1fd4f405854b,17,1744047302.02,Forward,Rice WSOC,April,Monday,3964.82,0.0,2.86649,3964.82,4.08898,503.26128,318.46106,216.19575,199.1379,204.59602,336.67173,30.52666,14.71089,63.66436,3.18171,69.81159
Kirsten Ruf,9a8fba27-951b-4253-aac1-ae31800ac075,04/07/2025,1744051909.18,07.04.25 MD+2,201,f4a36491-813d-4237-b6ec-1fd4f405854b,22,1744047302.02,Goalkeeper,Rice WSOC,April,Monday,4030.82,0.0,1.89884,4030.82,5.11459,295.31624,181.28878,189.39822,111.00594,119.34251,201.8063,12.28035,14.57267,78.98148,2.1188,45.4877
Lilly Reuscher,ad2c003d-9ca2-42b1-bc85-2440ab303b84,04/07/2025,1744051909.18,07.04.25 MD+2,201,f4a36491-813d-4237-b6ec-1fd4f405854b,4,1744047302.02,Full Back,Rice WSOC,April,Monday,3964.82,0.0,2.26544,3964.82,3.59057,361.57368,216.7972,155.33794,118.66324,155.80077,253.1681,21.14606,15.64446,82.39907,2.50756,55.17329
Lauren Pickup,ae01c819-c49a-41ef-aa65-20df1a8a40a9,04/07/2025,1744051909.18,07.04.25 MD+2,201,f4a36491-813d-4237-b6ec-1fd4f405854b,8,1744047302.02,Full Back,Rice WSOC,April,Monday,3964.82,0.0,2.96601,3964.82,3.39079,496.14815,302.68667,207.12028,180.95577,201.86943,342.51767,32.48913,14.82162,79.24082,3.3739,72.23524
Mariana Elizondo,c3d64405-eb5d-4fc0-a8df-06af8ad627bf,04/07/2025,1744050531.0,07.04.25 MD+2,201,f4a36491-813d-4237-b6ec-1fd4f405854b,10,1744047302.02,Central Midfielder,Rice WSOC,April,Monday,2897.64,0.0,1.22626,2897.64,2.68595,233.76256,138.5131,172.53297,88.04998,88.54172,164.77842,7.12174,14.40267,69.15897,1.35438,40.8639
Taylor Rish,81828efc-2855-4216-a0d1-6a7c9201d5a0,04/07/2025,1744051909.18,07.04.25 MD+2,201,f4a36491-813d-4237-b6ec-1fd4f405854b,7,1744047302.02,Full Back,Rice WSOC,April,Monday,3964.82,0.0,2.49699,3964.82,4.99875,409.49116,246.84572,168.1082,147.77544,166.66993,284.65734,22.53572,15.60202,74.7599,2.79698,60.81269
Mia Brumlow,e9141800-8f9c-4a98-8265-2ae17f48913e,04/07/2025,1744051909.18,07.04.25 MD+2,201,f4a36491-813d-4237-b6ec-1fd4f405854b,13,1744047302.02,Wide Midfielder,Rice WSOC,April,Monday,3964.82,0.0,2.60831,3964.82,4.45503,433.00195,250.52962,177.64511,151.93534,165.69978,314.43396,26.15221,15.73348,74.21159,2.96497,63.52372
Jordyn Mariam,f7e75558-805b-459d-b944-ec8d5a5beeac,04/07/2025,1744051909.18,07.04.25 MD+2,201,f4a36491-813d-4237-b6ec-1fd4f405854b,5,1744047302.02,Wide Midfielder,Rice WSOC,April,Monday,3964.82,0.0,2.58487,3964.82,4.66191,461.0135,298.51888,189.6603,183.04153,197.00507,297.03079,23.08038,15.16749,80.34081,2.92409,62.95283
Piper Biziorek,fb332127-6268-4995-a140-9076566dc702,04/07/2025,1744051909.18,07.04.25 MD+2,201,f4a36491-813d-4237-b6ec-1fd4f405854b,15,1744047302.02,Central Midfielder,Rice WSOC,April,Monday,3964.82,0.0,3.1463,3964.82,7.70949,675.21547,454.34622,244.7958,273.95503,304.24334,423.40802,39.88394,15.86584,76.09597,3.63004,76.62617
Kirsten Ruf,9a8fba27-951b-4253-aac1-ae31800ac075,04/03/2025,1743727504.0,03.04.25 v HCU,201,b1b63291-ccfe-40ae-b572-cc8e8e69b8fe,22,1743724769.0,Goalkeeper,Rice WSOC,April,Thursday,2735.0,0.0,1.36255,2735.0,4.59385,186.35558,120.56852,132.95016,74.07037,79.50515,121.65837,6.3509,11.29137,68.86542,1.46197,48.10572
Kenna Sanders,457dc155-bdf2-48cc-8a59-2f0b4ec42ae2,04/03/2025,1743731233.0,03.04.25 v HCU,201,b1b63291-ccfe-40ae-b572-cc8e8e69b8fe,18,1743728286.0,Forward,Rice WSOC,April,Thursday,1078.9,1868.1,0.99324,1078.9,4.55195,194.51425,114.67557,56.30721,67.44178,77.99406,136.8676,14.37532,12.76508,69.52438,1.13644,88.89417
Carsyn Martz,5ec6f0de-aa33-44a6-9b7e-676076c27478,04/03/2025,1743731233.0,03.04.25 v HCU,201,b1b63291-ccfe-40ae-b572-cc8e8e69b8fe,20,1743724769.0,Wide Midfielder,Rice WSOC,April,Thursday,3855.56,1826.44,3.43057,3855.56,4.42029,536.87164,313.60316,181.86725,167.34476,230.02941,380.63538,36.81102,15.37255,84.36497,3.86256,85.91697
Megan Sweeney,76ec7312-9b6e-4355-a747-4de0c8e2d8b9,04/03/2025,1743731233.0,03.04.25 v HCU,201,b1b63291-ccfe-40ae-b572-cc8e8e69b8fe,0,1743728286.0,Goalkeeper,Rice WSOC,April,Thursday,2947.0,0.0,1.75432,2947.0,3.91199,229.22887,141.3448,140.50217,89.90685,90.26722,157.10233,12.44133,13.20878,64.10425,1.91271,57.48144
Eileen Albers,943afa05-aaac-4426-ba0c-1ebef4e76cb7,04/03/2025,1743731233.0,03.04.25 v HCU,201,b1b63291-ccfe-40ae-b572-cc8e8e69b8fe,12,1743724769.0,Forward,Rice WSOC,April,Thursday,3747.24,1934.76,3.41243,3747.24,5.87902,538.08145,295.06735,168.2531,178.9832,196.59978,400.3459,39.09486,17.02191,95.5612,3.85413,87.93316
Taylor Rish,81828efc-2855-4216-a0d1-6a7c9201d5a0,04/03/2025,1743731233.0,03.04.25 v HCU,201,b1b63291-ccfe-40ae-b572-cc8e8e69b8fe,7,1743724769.0,Full Back,Rice WSOC,April,Thursday,5478.65,203.35,5.12325,5478.65,5.86846,868.70074,522.53827,299.97015,323.48136,342.55354,603.35651,54.30315,16.12793,85.85462,5.73971,90.29674
Leah Chancey,85ed14d3-34f0-42fc-8477-c03064e998f4,04/03/2025,1743731233.0,03.04.25 v HCU,201,b1b63291-ccfe-40ae-b572-cc8e8e69b8fe,23,1743724769.0,Central Midfielder,Rice WSOC,April,Thursday,5230.11,451.89,5.52445,5230.11,4.36668,888.47943,513.44531,280.91537,299.03399,349.6237,632.49663,65.93837,14.14441,67.41143,6.04984,101.99482
Betty Velkova,8b0cb352-4da9-4349-b147-77a3736ea957,04/03/2025,1743731233.0,03.04.25 v HCU,201,b1b63291-ccfe-40ae-b572-cc8e8e69b8fe,19,1743724769.0,Forward,Rice WSOC,April,Thursday,3119.37,2562.63,3.43024,3119.37,5.7126,646.66812,377.00305,179.55595,232.41797,246.17187,462.60428,46.47327,14.50492,77.88947,3.89519,106.18354
Allie Love,99ee597d-39b8-4fb7-9c63-0d052a15c0a8,04/03/2025,1743731233.0,03.04.25 v HCU,201,b1b63291-ccfe-40ae-b572-cc8e8e69b8fe,17,1743724769.0,Forward,Rice WSOC,April,Thursday,5131.17,550.83,6.24498,5131.17,4.82609,1020.39215,631.38286,266.19365,383.43752,418.13116,697.50577,92.03901,14.92844,61.48931,7.03884,117.5208
Jules Johnston,931babc9-289c-47bf-970a-22d756ac9f5a,04/03/2025,1743731233.0,03.04.25 v HCU,201,b1b63291-ccfe-40ae-b572-cc8e8e69b8fe,25,1743728286.0,Forward,Rice WSOC,April,Thursday,852.95,2094.05,0.78673,852.95,4.22965,127.58844,77.9173,36.07007,45.71432,52.55854,88.57083,11.3525,14.93667,54.6863,0.88673,89.06429
Naija Bruckner,59840313-0841-4a21-a5b5-b8b24cad01b8,04/03/2025,1743712130.0,03.04.25 Naija,201,9964b235-d0de-4301-a6e1-d0d4880691bd,28,1743710700.0,Central Midfielder,Rice WSOC,April,Thursday,1429.98,0.0,0.72391,1430.0,4.61132,101.26579,59.27365,49.53683,36.50357,39.13342,72.85089,4.93904,15.81084,65.30381,0.79188,50.25227
Lauren Pickup,ae01c819-c49a-41ef-aa65-20df1a8a40a9,04/03/2025,1743731233.0,03.04.25 v HCU,201,b1b63291-ccfe-40ae-b572-cc8e8e69b8fe,8,1743724769.0,Full Back,Rice WSOC,April,Thursday,3521.29,2160.71,3.96476,3521.29,3.74326,623.1156,379.66817,179.14508,209.96954,270.02372,427.508,53.78373,15.23297,72.40786,4.45678,108.7215
Piper Biziorek,fb332127-6268-4995-a140-9076566dc702,04/03/2025,1743731233.0,03.04.25 v HCU,201,b1b63291-ccfe-40ae-b572-cc8e8e69b8fe,15,1743724769.0,Central Midfielder,Rice WSOC,April,Thursday,3407.19,2274.81,4.35071,3407.19,5.3475,803.40668,517.29649,209.97998,286.61424,371.60764,530.63663,71.02553,15.72466,77.17854,5.12921,123.30016
Jordyn Mariam,f7e75558-805b-459d-b944-ec8d5a5beeac,04/03/2025,1743731233.0,03.04.25 v HCU,201,b1b63291-ccfe-40ae-b572-cc8e8e69b8fe,5,1743724769.0,Wide Midfielder,Rice WSOC,April,Thursday,2657.79,3024.21,2.848,2657.79,5.68877,532.7883,324.8085,152.97206,189.30267,223.00288,359.92615,35.74083,16.08814,73.85744,3.21648,103.47135
Mia Brumlow,e9141800-8f9c-4a98-8265-2ae17f48913e,04/03/2025,1743731233.0,03.04.25 v HCU,201,b1b63291-ccfe-40ae-b572-cc8e8e69b8fe,13,1743724769.0,Wide Midfielder,Rice WSOC,April,Thursday,2471.38,3210.62,2.51086,2471.38,4.61174,419.28979,243.94196,143.20929,151.91194,159.05791,301.41829,30.4724,15.33517,71.4679,2.82018,98.10323
Camille Quarterman,e710b8f7-8542-490c-80f0-c110cb9ed839,04/03/2025,1743731233.0,03.04.25 v HCU,201,b1b63291-ccfe-40ae-b572-cc8e8e69b8fe,33,1743724769.0,Wide Midfielder,Rice WSOC,April,Thursday,3651.21,2030.79,3.43782,3651.21,6.19541,551.67029,352.79776,214.4229,214.09296,237.68384,360.53017,36.38219,17.82191,90.16685,3.95974,90.91726
Dayo Tennyson,d0c5a2ec-d0d5-4ae1-bc9f-ae270bfc51e9,04/03/2025,1743731233.0,03.04.25 v HCU,201,b1b63291-ccfe-40ae-b572-cc8e8e69b8fe,3,1743724769.0,Wide Midfielder,Rice WSOC,April,Thursday,4591.55,1090.45,4.24049,4591.55,7.86195,869.5282,530.32643,338.13756,318.09,355.98421,578.61949,46.14812,16.51443,99.62482,4.90421,89.17778
Mariana Elizondo,c3d64405-eb5d-4fc0-a8df-06af8ad627bf,04/03/2025,1743731233.0,03.04.25 v HCU,201,b1b63291-ccfe-40ae-b572-cc8e8e69b8fe,10,1743724769.0,Central Midfielder,Rice WSOC,April,Thursday,5682.0,0.0,6.07735,5682.0,4.9208,1016.08057,588.16547,304.78334,365.37312,385.0341,733.87289,74.00715,16.55102,79.79721,6.74659,103.27933
Lilly Reuscher,ad2c003d-9ca2-42b1-bc85-2440ab303b84,04/03/2025,1743731233.0,03.04.25 v HCU,201,b1b63291-ccfe-40ae-b572-cc8e8e69b8fe,4,1743724769.0,Full Back,Rice WSOC,April,Thursday,4862.94,819.06,4.05245,4862.94,4.09802,638.70224,395.88223,245.19775,223.60594,276.18671,436.45755,37.28305,16.57746,78.19718,4.46689,80.46712
Isabelle Kent,6e66b652-d707-4f6a-86d3-61696dab1831,04/01/2025,1743538924.0,01.04.25 MD+2,201,9f8ab4d0-deb4-4897-999d-e6175ea6ff53,2,1743536949.72,Full Back,Rice WSOC,April,Tuesday,1931.33,0.0,1.35474,1931.33,4.60661,223.56791,129.26971,107.23963,77.37849,86.80623,163.0347,14.11323,16.03324,77.81339,1.54133,67.73306
Lilly Reuscher,ad2c003d-9ca2-42b1-bc85-2440ab303b84,04/01/2025,1743538924.0,01.04.25 MD+2,201,9f8ab4d0-deb4-4897-999d-e6175ea6ff53,4,1743536949.72,Full Back,Rice WSOC,April,Tuesday,1931.33,0.0,1.17411,1931.33,3.84427,207.38321,129.37249,103.02538,74.68262,89.07787,141.39017,12.65734,16.15613,73.09474,1.34836,58.70201
Betty Velkova,8b0cb352-4da9-4349-b147-77a3736ea957,04/01/2025,1743541034.0,01.04.25 MD+2,201,9f8ab4d0-deb4-4897-999d-e6175ea6ff53,19,1743536949.72,Forward,Rice WSOC,April,Tuesday,3474.33,0.0,2.68914,3474.33,5.35191,542.62476,345.27208,216.11749,213.69515,224.08109,361.35407,29.01654,15.84708,67.5251,3.11347,74.73826
Jules Johnston,931babc9-289c-47bf-970a-22d756ac9f5a,04/01/2025,1743541034.0,01.04.25 MD+2,201,9f8ab4d0-deb4-4897-999d-e6175ea6ff53,25,1743536949.72,Forward,Rice WSOC,April,Tuesday,3474.33,0.0,2.45909,3474.33,3.98704,452.08431,284.6523,206.199,172.55107,188.60189,305.10409,22.4432,15.38961,74.07322,2.77666,68.34443
Eileen Albers,943afa05-aaac-4426-ba0c-1ebef4e76cb7,04/01/2025,1743541034.0,01.04.25 MD+2,201,9f8ab4d0-deb4-4897-999d-e6175ea6ff53,12,1743536949.72,Forward,Rice WSOC,April,Tuesday,3474.33,0.0,2.49275,3474.33,4.00426,427.29682,230.04559,152.29797,146.50502,146.88091,323.35067,25.40648,16.70043,84.72718,2.88139,69.27993
Allie Love,99ee597d-39b8-4fb7-9c63-0d052a15c0a8,04/01/2025,1743541034.0,01.04.25 MD+2,201,9f8ab4d0-deb4-4897-999d-e6175ea6ff53,17,1743536949.72,Forward,Rice WSOC,April,Tuesday,3474.33,0.0,2.96468,3474.33,4.97927,515.67583,331.55125,218.31775,199.11949,220.61071,338.81114,32.64644,15.13663,64.18768,3.37525,82.39622
Leah Chancey,85ed14d3-34f0-42fc-8477-c03064e998f4,04/01/2025,1743541034.0,01.04.25 MD+2,201,9f8ab4d0-deb4-4897-999d-e6175ea6ff53,23,1743536949.72,Central Midfielder,Rice WSOC,April,Tuesday,3474.33,0.0,2.61176,3474.33,4.34078,452.12937,262.91508,184.22378,149.74728,182.20419,322.02128,26.72509,15.56635,64.44339,2.9458,72.58762
Taylor Rish,81828efc-2855-4216-a0d1-6a7c9201d5a0,04/01/2025,1743541034.0,01.04.25 MD+2,201,9f8ab4d0-deb4-4897-999d-e6175ea6ff53,7,1743536949.72,Full Back,Rice WSOC,April,Tuesday,3474.33,0.0,2.40697,3474.33,5.46797,396.25361,227.77002,169.12928,133.014,156.6635,281.95684,22.72829,15.78317,75.4516,2.77134,66.89589
Megan Sweeney,76ec7312-9b6e-4355-a747-4de0c8e2d8b9,04/01/2025,1743541277.0,01.04.25 MD+2,201,9f8ab4d0-deb4-4897-999d-e6175ea6ff53,0,1743536949.72,Goalkeeper,Rice WSOC,April,Tuesday,3703.33,0.0,2.23722,3703.33,6.58369,391.25914,254.58459,244.18312,172.69642,152.73429,255.68882,15.76946,15.61513,74.46874,2.53316,58.33331
Sophie Zhang,713ce913-8f9b-41cb-b395-b08e3e69186f,04/01/2025,1743537860.05,01.04.25 MD+2,201,9f8ab4d0-deb4-4897-999d-e6175ea6ff53,9,1743536949.72,Forward,Rice WSOC,April,Tuesday,910.33,0.0,0.62949,910.33,4.17325,102.4334,61.56392,52.03652,36.65308,41.30639,71.85184,7.2506,15.92084,66.8213,0.69921,66.77108
Lauren Pickup,ae01c819-c49a-41ef-aa65-20df1a8a40a9,04/01/2025,1743541277.0,01.04.25 MD+2,201,9f8ab4d0-deb4-4897-999d-e6175ea6ff53,8,1743536949.72,Full Back,Rice WSOC,April,Tuesday,2801.33,0.0,2.25471,2801.33,3.88328,368.51699,229.75533,157.23617,127.84045,161.6273,249.6115,24.83423,15.86455,71.59252,2.58992,77.71904
Carsyn Martz,5ec6f0de-aa33-44a6-9b7e-676076c27478,04/01/2025,1743541034.0,01.04.25 MD+2,201,9f8ab4d0-deb4-4897-999d-e6175ea6ff53,20,1743536949.72,Wide Midfielder,Rice WSOC,April,Tuesday,3474.33,0.0,2.46472,3474.33,4.84801,397.78828,242.90235,171.99604,145.34055,162.4903,274.32391,24.34727,16.29917,79.83735,2.83166,68.50106
Naija Bruckner,59840313-0841-4a21-a5b5-b8b24cad01b8,04/01/2025,1743540628.0,01.04.25 MD+2,201,9f8ab4d0-deb4-4897-999d-e6175ea6ff53,28,1743540062.0,Central Midfielder,Rice WSOC,April,Tuesday,566.0,0.0,0.3637,566.0,4.63854,53.13701,30.17785,18.1879,18.54645,19.669,38.6651,4.25438,17.12481,70.58877,0.38591,62.04858
Kallie Mckinney,41be207d-131f-472d-a349-6832380579b4,04/01/2025,1743541034.0,01.04.25 MD+2,201,9f8ab4d0-deb4-4897-999d-e6175ea6ff53,27,1743536949.72,Central Midfielder,Rice WSOC,April,Tuesday,3474.33,0.0,2.52511,3474.33,4.11859,472.67505,274.82956,199.07311,162.8836,185.99912,338.34057,23.73424,14.62711,64.42429,2.82954,70.17933
Mariana Elizondo,c3d64405-eb5d-4fc0-a8df-06af8ad627bf,04/01/2025,1743541034.0,01.04.25 MD+2,201,9f8ab4d0-deb4-4897-999d-e6175ea6ff53,10,1743536949.72,Central Midfielder,Rice WSOC,April,Tuesday,3474.33,0.0,2.69441,3474.33,4.94711,507.88673,294.95824,189.76344,183.53974,191.0172,364.01601,29.67884,15.09873,76.17888,3.10885,74.88473
Piper Biziorek,fb332127-6268-4995-a140-9076566dc702,04/01/2025,1743541277.0,01.04.25 MD+2,201,9f8ab4d0-deb4-4897-999d-e6175ea6ff53,15,1743536949.72,Central Midfielder,Rice WSOC,April,Tuesday,3703.33,0.0,3.83106,3703.33,4.90634,827.63536,565.80642,253.05637,346.67105,377.1292,508.95951,52.12163,16.27069,99.8205,4.50649,99.89105
Jordyn Mariam,f7e75558-805b-459d-b944-ec8d5a5beeac,04/01/2025,1743541277.0,01.04.25 MD+2,201,9f8ab4d0-deb4-4897-999d-e6175ea6ff53,5,1743536949.72,Wide Midfielder,Rice WSOC,April,Tuesday,3703.33,0.0,2.96977,3703.33,4.7997,508.79882,318.27709,216.4736,184.2513,220.49171,338.9688,35.37576,16.40189,70.98518,3.4236,77.43371
Mia Brumlow,e9141800-8f9c-4a98-8265-2ae17f48913e,04/01/2025,1743541277.0,01.04.25 MD+2,201,9f8ab4d0-deb4-4897-999d-e6175ea6ff53,13,1743536949.72,Wide Midfielder,Rice WSOC,April,Tuesday,3703.33,0.0,2.74103,3703.33,3.01785,431.27274,250.20701,210.33227,140.68807,177.55793,305.34001,28.93963,14.88298,57.53382,2.92278,71.46962
Camille Quarterman,e710b8f7-8542-490c-80f0-c110cb9ed839,04/01/2025,1743541034.0,01.04.25 MD+2,201,9f8ab4d0-deb4-4897-999d-e6175ea6ff53,33,1743536949.72,Wide Midfielder,Rice WSOC,April,Tuesday,3474.33,0.0,2.50543,3474.33,5.14257,425.38741,270.87697,192.18363,164.25863,181.5519,281.9532,26.17099,16.94588,77.60806,2.92474,69.63253
Dayo Tennyson,d0c5a2ec-d0d5-4ae1-bc9f-ae270bfc51e9,04/01/2025,1743541034.0,01.04.25 MD+2,201,9f8ab4d0-deb4-4897-999d-e6175ea6ff53,3,1743536949.72,Wide Midfielder,Rice WSOC,April,Tuesday,3474.33,0.0,2.3791,3474.33,4.54051,482.62151,288.54251,236.25709,161.14961,202.98768,329.73328,20.97552,15.95074,105.88632,2.80497,66.12122
Kirsten Ruf,9a8fba27-951b-4253-aac1-ae31800ac075,04/01/2025,1743541277.0,01.04.25 MD+2,201,9f8ab4d0-deb4-4897-999d-e6175ea6ff53,22,1743536949.72,Goalkeeper,Rice WSOC,April,Tuesday,3703.33,0.0,2.02778,3703.33,4.91916,351.45518,220.94766,215.28296,134.61488,146.3369,236.21269,15.08471,15.73843,80.94826,2.33203,52.87229
Mariana Elizondo,c3d64405-eb5d-4fc0-a8df-06af8ad627bf,03/31/2025,1743445859.0,31.03.25 MD+1 Recovery,201,7b9911e9-f0e1-48de-b940-191aa483a7dc,10,1743442498.05,Central Midfielder,Rice WSOC,March,Monday,3157.17,0.0,1.12405,3157.17,3.18743,254.58826,173.02019,140.34504,109.51751,111.17548,152.76571,12.05576,11.54483,60.65411,1.22538,34.37851
Mia Brumlow,e9141800-8f9c-4a98-8265-2ae17f48913e,03/31/2025,1743445859.0,31.03.25 MD+1 Recovery,201,7b9911e9-f0e1-48de-b940-191aa483a7dc,13,1743442498.05,Wide Midfielder,Rice WSOC,March,Monday,3157.17,0.0,1.133,3157.17,2.85548,222.60242,202.59987,132.31236,137.06174,119.05274,66.33754,11.08835,12.26292,75.05834,1.21922,34.6524
Camille Quarterman,e710b8f7-8542-490c-80f0-c110cb9ed839,03/31/2025,1743445859.0,31.03.25 MD+1 Recovery,201,7b9911e9-f0e1-48de-b940-191aa483a7dc,33,1743442498.05,Wide Midfielder,Rice WSOC,March,Monday,3157.17,0.0,1.18207,3157.17,9.56094,233.78442,202.28309,131.49585,116.45837,140.91549,81.35309,11.85634,15.00919,108.79926,1.34174,36.15304
Jordyn Mariam,f7e75558-805b-459d-b944-ec8d5a5beeac,03/31/2025,1743445859.0,31.03.25 MD+1 Recovery,201,7b9911e9-f0e1-48de-b940-191aa483a7dc,5,1743442498.05,Wide Midfielder,Rice WSOC,March,Monday,3157.17,0.0,1.17002,3157.17,3.09853,209.49975,135.37687,105.10981,87.26999,85.86872,132.07313,14.22869,14.6259,72.23266,1.2677,35.7844
Piper Biziorek,fb332127-6268-4995-a140-9076566dc702,03/31/2025,1743445859.0,31.03.25 MD+1 Recovery,201,7b9911e9-f0e1-48de-b940-191aa483a7dc,15,1743442498.05,Central Midfielder,Rice WSOC,March,Monday,3157.17,0.0,1.22445,3157.17,3.62496,254.63002,181.43307,126.97562,108.99156,122.38651,143.91368,12.09685,14.18203,69.44555,1.37537,37.44916
Lauren Pickup,ae01c819-c49a-41ef-aa65-20df1a8a40a9,03/31/2025,1743445859.0,31.03.25 MD+1 Recovery,201,7b9911e9-f0e1-48de-b940-191aa483a7dc,8,1743442498.05,Full Back,Rice WSOC,March,Monday,3157.17,0.0,1.05661,3157.17,2.63265,191.97214,135.29885,118.99766,83.4458,88.83288,110.58197,10.48705,12.20915,78.06033,1.14157,32.3158
Lilly Reuscher,ad2c003d-9ca2-42b1-bc85-2440ab303b84,03/31/2025,1743445859.0,31.03.25 MD+1 Recovery,201,7b9911e9-f0e1-48de-b940-191aa483a7dc,4,1743442498.05,Full Back,Rice WSOC,March,Monday,3157.17,0.0,0.68338,3157.17,3.39226,133.73195,24.08457,9.77502,17.77621,12.77945,2.20757,6.58633,14.40991,78.81221,0.74202,20.90102
Kirsten Ruf,9a8fba27-951b-4253-aac1-ae31800ac075,03/31/2025,1743445859.0,31.03.25 MD+1 Recovery,201,7b9911e9-f0e1-48de-b940-191aa483a7dc,22,1743442498.05,Goalkeeper,Rice WSOC,March,Monday,3157.17,0.0,0.87953,3157.17,5.39417,159.29529,2.62942,-19.48241,5.1851,-1.54316,-26.28858,7.28926,13.91613,82.53821,1.00441,26.90005
Allie Love,99ee597d-39b8-4fb7-9c63-0d052a15c0a8,03/31/2025,1743445859.0,31.03.25 MD+1 Recovery,201,7b9911e9-f0e1-48de-b940-191aa483a7dc,17,1743442498.05,Forward,Rice WSOC,March,Monday,3157.17,0.0,1.23035,3157.17,3.19198,224.51671,153.98329,111.68688,99.91122,95.73426,133.56912,15.72322,13.51926,67.2966,1.35983,37.62978
Eileen Albers,943afa05-aaac-4426-ba0c-1ebef4e76cb7,03/31/2025,1743445859.0,31.03.25 MD+1 Recovery,201,7b9911e9-f0e1-48de-b940-191aa483a7dc,12,1743442498.05,Forward,Rice WSOC,March,Monday,3157.17,0.0,1.14084,3157.17,3.39279,205.4514,126.84748,99.37365,80.78768,81.02004,133.21036,10.66499,15.44401,86.09879,1.26024,34.89214
Jules Johnston,931babc9-289c-47bf-970a-22d756ac9f5a,03/31/2025,1743445859.0,31.03.25 MD+1 Recovery,201,7b9911e9-f0e1-48de-b940-191aa483a7dc,25,1743442498.05,Forward,Rice WSOC,March,Monday,3157.17,0.0,1.10768,3157.17,2.83061,236.78278,155.31576,132.66828,93.17598,102.75667,149.0598,11.18632,13.27513,66.49443,1.1957,33.87794
Betty Velkova,8b0cb352-4da9-4349-b147-77a3736ea957,03/31/2025,1743445859.0,31.03.25 MD+1 Recovery,201,7b9911e9-f0e1-48de-b940-191aa483a7dc,19,1743442498.05,Forward,Rice WSOC,March,Monday,3157.17,0.0,1.16734,3157.17,3.58642,224.33234,148.75419,112.74201,97.63802,90.17337,139.42087,11.43823,14.42646,72.28151,1.2769,35.70255
Leah Chancey,85ed14d3-34f0-42fc-8477-c03064e998f4,03/31/2025,1743445859.0,31.03.25 MD+1 Recovery,201,7b9911e9-f0e1-48de-b940-191aa483a7dc,23,1743442498.05,Central Midfielder,Rice WSOC,March,Monday,3157.17,0.0,1.07385,3157.17,3.24276,186.04054,124.72199,103.42906,76.78603,81.45479,111.98748,9.75993,13.32041,63.38927,1.1474,32.84307
Taylor Rish,81828efc-2855-4216-a0d1-6a7c9201d5a0,03/31/2025,1743445859.0,31.03.25 MD+1 Recovery,201,7b9911e9-f0e1-48de-b940-191aa483a7dc,26,1743442498.05,Full Back,Rice WSOC,March,Monday,3157.17,0.0,1.03202,3157.17,3.02958,181.0066,19.39288,8.71374,15.69128,8.8356,-3.84943,9.02797,13.21086,73.23799,1.11224,31.56378
Megan Sweeney,76ec7312-9b6e-4355-a747-4de0c8e2d8b9,03/31/2025,1743445859.0,31.03.25 MD+1 Recovery,201,7b9911e9-f0e1-48de-b940-191aa483a7dc,0,1743442498.05,Goalkeeper,Rice WSOC,March,Monday,3157.17,0.0,0.95813,3157.17,5.12542,179.58298,131.14242,122.56746,88.8705,78.19264,97.1054,7.97014,14.15251,74.07365,1.07295,29.30383
Sophie Zhang,713ce913-8f9b-41cb-b395-b08e3e69186f,03/31/2025,1743445859.0,31.03.25 MD+1 Recovery,201,7b9911e9-f0e1-48de-b940-191aa483a7dc,9,1743444059.0,Forward,Rice WSOC,March,Monday,1799.98,0.0,0.22798,1800.0,1.79719,38.22644,35.0577,24.39891,25.29727,19.4817,10.58271,3.75465,9.57647,22.68917,0.23167,12.34436
Isabelle Kent,6e66b652-d707-4f6a-86d3-61696dab1831,03/31/2025,1743445859.0,31.03.25 MD+1 Recovery,201,7b9911e9-f0e1-48de-b940-191aa483a7dc,2,1743442498.05,Full Back,Rice WSOC,March,Monday,3157.17,0.0,1.13522,3157.17,3.40031,202.5155,127.85834,100.94873,83.5966,79.24622,131.37759,13.03427,13.40713,77.66438,1.24122,34.72008
Carsyn Martz,5ec6f0de-aa33-44a6-9b7e-676076c27478,03/31/2025,1743445859.0,31.03.25 MD+1 Recovery,201,7b9911e9-f0e1-48de-b940-191aa483a7dc,20,1743442498.05,Wide Midfielder,Rice WSOC,March,Monday,3157.17,0.0,1.01993,3157.17,2.72785,195.9214,158.5497,127.34598,71.88926,124.67476,88.91219,9.29911,12.96293,63.01616,1.11413,31.19399
Naija Bruckner,59840313-0841-4a21-a5b5-b8b24cad01b8,03/31/2025,1743445859.0,31.03.25 MD+1 Recovery,201,7b9911e9-f0e1-48de-b940-191aa483a7dc,28,1743444059.0,Central Midfielder,Rice WSOC,March,Monday,1799.98,0.0,0.22806,1800.0,2.11662,39.7365,36.2191,25.61577,25.10299,21.30773,11.12237,3.7664,9.42751,23.1302,0.2318,12.34999
Jessica Molina,49ee30cf-715d-49d2-bfd4-f208c806a5db,03/31/2025,1743445859.0,31.03.25 MD+1 Recovery,201,7b9911e9-f0e1-48de-b940-191aa483a7dc,16,1743442498.05,Forward,Rice WSOC,March,Monday,3157.17,0.0,1.08607,3157.17,2.61166,184.00306,121.14012,98.77746,77.67617,76.18197,114.70128,10.45246,13.38557,70.47364,1.17359,33.21691
Kenna Sanders,457dc155-bdf2-48cc-8a59-2f0b4ec42ae2,03/31/2025,1743445859.0,31.03.25 MD+1 Recovery,201,7b9911e9-f0e1-48de-b940-191aa483a7dc,18,1743442498.05,Forward,Rice WSOC,March,Monday,3157.17,0.0,1.07487,3157.17,3.33001,260.91265,180.06227,165.88602,118.58749,108.26924,149.58389,9.52208,12.36878,49.18048,1.14652,32.87441
Kallie Mckinney,41be207d-131f-472d-a349-6832380579b4,03/31/2025,1743445859.0,31.03.25 MD+1 Recovery,201,7b9911e9-f0e1-48de-b940-191aa483a7dc,27,1743442498.05,Central Midfielder,Rice WSOC,March,Monday,3157.17,0.0,0.62427,3157.17,2.20471,110.1081,31.06949,17.81095,23.12854,16.20447,7.96532,6.1637,10.33517,42.32397,0.65341,19.09298
Dayo Tennyson,d0c5a2ec-d0d5-4ae1-bc9f-ae270bfc51e9,03/31/2025,1743445859.0,31.03.25 MD+1 Recovery,201,7b9911e9-f0e1-48de-b940-191aa483a7dc,3,1743442498.05,Wide Midfielder,Rice WSOC,March,Monday,3157.17,0.0,1.11519,3157.17,3.15805,238.28258,154.3575,138.9869,91.55001,104.25645,145.63597,10.49432,14.38316,79.67677,1.20538,34.10759
Kallie Mckinney,41be207d-131f-472d-a349-6832380579b4,03/30/2025,1743363981.0,30.03.25 v. UH,201,5b106162-dd68-412e-8352-4e76cdef072f,27,1743357546.0,Central Midfielder,Rice WSOC,March,Sunday,3420.31,2021.69,3.90623,3420.31,4.88734,735.12793,423.35385,190.49416,242.92532,292.73769,528.57664,57.87041,13.87605,63.82605,4.33094,110.27897
Kenna Sanders,457dc155-bdf2-48cc-8a59-2f0b4ec42ae2,03/30/2025,1743363981.0,30.03.25 v. UH,201,5b106162-dd68-412e-8352-4e76cdef072f,18,1743357546.0,Forward,Rice WSOC,March,Sunday,3634.35,1807.65,1.02408,3634.35,3.89076,220.80087,129.76193,63.91925,74.70558,89.77588,155.16896,14.90659,13.60509,52.82265,1.15735,27.20854
Allie Love,99ee597d-39b8-4fb7-9c63-0d052a15c0a8,03/30/2025,1743363981.0,30.03.25 v. UH,201,5b106162-dd68-412e-8352-4e76cdef072f,17,1743357546.0,Forward,Rice WSOC,March,Sunday,3689.98,1752.02,4.29281,3689.98,7.13788,701.80161,443.19934,191.46062,272.34155,289.27342,470.43423,62.04251,15.68844,65.18493,4.7856,112.33559
Carsyn Martz,5ec6f0de-aa33-44a6-9b7e-676076c27478,03/30/2025,1743363981.0,30.03.25 v. UH,201,5b106162-dd68-412e-8352-4e76cdef072f,20,1743357546.0,Wide Midfielder,Rice WSOC,March,Sunday,3644.21,1797.79,3.8383,3644.21,4.81871,612.51263,357.45811,176.86017,201.17407,255.07758,432.65886,55.16252,15.7274,86.51633,4.28446,101.70346
Sophie Zhang,713ce913-8f9b-41cb-b395-b08e3e69186f,03/30/2025,1743363981.0,30.03.25 v. UH,201,5b106162-dd68-412e-8352-4e76cdef072f,9,1743357546.0,Forward,Rice WSOC,March,Sunday,3439.59,2002.41,0.62741,3439.59,6.81332,138.81937,83.43073,53.08566,43.43178,61.57866,95.67192,12.51968,13.37564,64.56758,0.70423,17.61358
Megan Sweeney,76ec7312-9b6e-4355-a747-4de0c8e2d8b9,03/30/2025,1743363981.0,30.03.25 v. UH,201,5b106162-dd68-412e-8352-4e76cdef072f,0,1743357546.0,Goalkeeper,Rice WSOC,March,Sunday,5442.0,0.0,1.9799,5442.0,7.61215,302.12592,195.73375,196.21992,125.50443,123.05174,196.02206,15.104,12.83346,73.57111,2.1839,35.13053
Bailey Peek,1d2f6fbf-8215-4ae2-ae70-ed9d981fcd85,03/30/2025,1743360290.0,30.03.25 v. UH,201,5b106162-dd68-412e-8352-4e76cdef072f,6,1743357546.0,Centre Back,Rice WSOC,March,Sunday,1042.88,1701.12,0.81461,1042.88,4.38932,137.23048,87.82849,43.87456,50.26326,61.18023,90.91335,9.72728,15.39919,71.38406,0.9305,75.42483
Leah Chancey,85ed14d3-34f0-42fc-8477-c03064e998f4,03/30/2025,1743363981.0,30.03.25 v. UH,201,5b106162-dd68-412e-8352-4e76cdef072f,23,1743357546.0,Central Midfielder,Rice WSOC,March,Sunday,3172.81,2269.19,3.62998,3172.81,4.49085,602.80405,353.95969,178.75616,205.95573,241.5708,422.84702,49.59685,15.03008,58.02505,3.94599,110.47415
Betty Velkova,8b0cb352-4da9-4349-b147-77a3736ea957,03/30/2025,1743363981.0,30.03.25 v. UH,201,5b106162-dd68-412e-8352-4e76cdef072f,19,1743357546.0,Forward,Rice WSOC,March,Sunday,3100.67,2341.33,2.82274,3100.67,6.45714,522.0455,329.99118,174.23116,202.55499,214.82234,349.82622,36.57374,15.6166,72.2328,3.19185,87.90542
Eileen Albers,943afa05-aaac-4426-ba0c-1ebef4e76cb7,03/30/2025,1743363981.0,30.03.25 v. UH,201,5b106162-dd68-412e-8352-4e76cdef072f,12,1743357546.0,Forward,Rice WSOC,March,Sunday,3697.16,1744.84,3.26763,3697.16,4.67827,492.91498,270.78648,169.1945,162.7775,181.81116,366.89108,38.68933,16.16448,82.94166,3.69207,85.34241
Kirsten Ruf,9a8fba27-951b-4253-aac1-ae31800ac075,03/30/2025,1743363981.0,30.03.25 v. UH,201,5b106162-dd68-412e-8352-4e76cdef072f,22,1743357546.0,Goalkeeper,Rice WSOC,March,Sunday,5442.0,0.0,1.60527,5442.0,7.41275,244.85098,159.99847,186.32768,94.46623,108.58762,157.41559,11.18782,13.34029,88.5968,1.74521,28.48319
Piper Biziorek,fb332127-6268-4995-a140-9076566dc702,03/30/2025,1743363981.0,30.03.25 v. UH,201,5b106162-dd68-412e-8352-4e76cdef072f,15,1743357546.0,Central Midfielder,Rice WSOC,March,Sunday,3352.59,2089.41,4.32493,3352.59,6.58143,847.82596,544.79234,189.05077,293.93396,398.22914,558.3092,76.11441,15.65234,87.46909,5.01975,124.56572
Lilly Reuscher,ad2c003d-9ca2-42b1-bc85-2440ab303b84,03/30/2025,1743363981.0,30.03.25 v. UH,201,5b106162-dd68-412e-8352-4e76cdef072f,4,1743357546.0,Full Back,Rice WSOC,March,Sunday,5097.94,344.06,4.29692,5097.94,5.68736,654.60968,411.76067,252.92151,234.25942,286.82601,440.29755,49.64828,16.41388,69.81551,4.70581,81.38838
Lauren Pickup,ae01c819-c49a-41ef-aa65-20df1a8a40a9,03/30/2025,1743363981.0,30.03.25 v. UH,201,5b106162-dd68-412e-8352-4e76cdef072f,8,1743357546.0,Full Back,Rice WSOC,March,Sunday,3943.83,1498.17,4.45452,3943.83,3.84659,715.74142,446.01915,196.8721,246.90592,316.36192,478.06471,66.71618,15.30388,64.8257,5.04097,109.06447
Mariana Elizondo,c3d64405-eb5d-4fc0-a8df-06af8ad627bf,03/30/2025,1743363981.0,30.03.25 v. UH,201,5b106162-dd68-412e-8352-4e76cdef072f,10,1743357546.0,Central Midfielder,Rice WSOC,March,Sunday,4483.19,958.81,4.74647,4483.19,5.29006,794.78583,470.11165,242.77937,292.91729,306.92372,564.88693,68.64751,14.47453,71.0938,5.22791,102.23122
Dayo Tennyson,d0c5a2ec-d0d5-4ae1-bc9f-ae270bfc51e9,03/30/2025,1743363981.0,30.03.25 v. UH,201,5b106162-dd68-412e-8352-4e76cdef072f,3,1743357546.0,Wide Midfielder,Rice WSOC,March,Sunday,5157.35,284.65,4.39228,5157.35,5.16456,832.78754,533.68715,367.95529,328.80957,348.47751,533.80341,55.46977,18.06248,105.23116,4.97608,82.23638
Camille Quarterman,e710b8f7-8542-490c-80f0-c110cb9ed839,03/30/2025,1743363981.0,30.03.25 v. UH,201,5b106162-dd68-412e-8352-4e76cdef072f,33,1743357546.0,Wide Midfielder,Rice WSOC,March,Sunday,3869.46,1572.54,3.666,3869.46,4.63932,604.07422,387.19824,243.80212,226.82299,268.05943,390.93002,45.4761,16.36167,91.1511,4.17518,91.48341
Mia Brumlow,e9141800-8f9c-4a98-8265-2ae17f48913e,03/30/2025,1743363981.0,30.03.25 v. UH,201,5b106162-dd68-412e-8352-4e76cdef072f,13,1743357546.0,Wide Midfielder,Rice WSOC,March,Sunday,5442.0,0.0,2.55996,5442.0,4.1871,441.89006,265.27977,171.80849,161.45655,175.59721,309.35661,34.75827,15.06987,59.66843,2.83416,45.42293
Jordyn Mariam,f7e75558-805b-459d-b944-ec8d5a5beeac,03/30/2025,1743363981.0,30.03.25 v. UH,201,5b106162-dd68-412e-8352-4e76cdef072f,5,1743357546.0,Wide Midfielder,Rice WSOC,March,Sunday,2292.18,3149.82,2.21107,2292.18,4.71795,362.82788,228.87689,103.8567,127.82394,162.31353,242.41264,33.96617,15.49843,90.51518,2.51611,93.14395
Taylor Rish,81828efc-2855-4216-a0d1-6a7c9201d5a0,03/30/2025,1743363981.0,30.03.25 v. UH,201,5b106162-dd68-412e-8352-4e76cdef072f,7,1743357546.0,Full Back,Rice WSOC,March,Sunday,4043.69,1398.31,3.91866,4043.69,6.24224,480.10828,270.01548,174.84608,170.15416,172.93529,354.17585,53.98086,15.94214,84.79495,4.37097,93.57495
Piper Biziorek,fb332127-6268-4995-a140-9076566dc702,03/27/2025,1743079672.0,27.03.25 Prep,201,ac02e294-b4db-4985-b8b3-c6ec32fe4b57,15,1743076834.16,Central Midfielder,Rice WSOC,March,Thursday,2718.99,0.0,1.54666,2718.99,3.9491,240.72664,146.08093,118.40697,85.28684,99.40366,168.51033,13.50648,13.88573,80.39937,1.75303,54.92703
Allie Love,99ee597d-39b8-4fb7-9c63-0d052a15c0a8,03/27/2025,1743079672.0,27.03.25 Prep,201,ac02e294-b4db-4985-b8b3-c6ec32fe4b57,32,1743076834.16,Forward,Rice WSOC,March,Thursday,2718.99,0.0,1.53505,2718.99,4.11926,242.33678,148.22967,117.63963,84.67827,103.50638,166.93221,12.70557,13.54489,60.1836,1.6962,54.51496
Leah Chancey,85ed14d3-34f0-42fc-8477-c03064e998f4,03/27/2025,1743079672.0,27.03.25 Prep,201,ac02e294-b4db-4985-b8b3-c6ec32fe4b57,23,1743076834.16,Central Midfielder,Rice WSOC,March,Thursday,2718.99,0.0,1.39343,2718.99,4.08968,271.43485,168.48898,147.40319,99.12381,114.24134,186.17563,13.12438,13.9075,60.59925,1.57046,49.48562
Camille Quarterman,e710b8f7-8542-490c-80f0-c110cb9ed839,03/27/2025,1743079672.0,27.03.25 Prep,201,ac02e294-b4db-4985-b8b3-c6ec32fe4b57,33,1743076834.16,Wide Midfielder,Rice WSOC,March,Thursday,2718.99,0.0,1.54758,2718.99,4.10172,261.12621,156.53992,140.55235,92.47243,106.92365,183.28705,12.57281,16.13637,80.0385,1.76447,54.95972
Dayo Tennyson,d0c5a2ec-d0d5-4ae1-bc9f-ae270bfc51e9,03/27/2025,1743079672.0,27.03.25 Prep,201,ac02e294-b4db-4985-b8b3-c6ec32fe4b57,35,1743076834.16,Wide Midfielder,Rice WSOC,March,Thursday,2718.99,0.0,1.36437,2718.99,3.72075,259.00446,160.99786,142.62822,91.97428,112.28017,172.89894,8.87574,12.74686,81.68324,1.55155,48.45352
Mariana Elizondo,c3d64405-eb5d-4fc0-a8df-06af8ad627bf,03/27/2025,1743079672.0,27.03.25 Prep,201,ac02e294-b4db-4985-b8b3-c6ec32fe4b57,10,1743076834.16,Central Midfielder,Rice WSOC,March,Thursday,2718.99,0.0,1.52219,2718.99,5.62708,304.24734,196.62549,153.46795,119.5848,131.80167,198.68944,14.44677,13.31397,75.5816,1.71753,54.05801
Lauren Pickup,ae01c819-c49a-41ef-aa65-20df1a8a40a9,03/27/2025,1743079672.0,27.03.25 Prep,201,ac02e294-b4db-4985-b8b3-c6ec32fe4b57,8,1743076834.16,Full Back,Rice WSOC,March,Thursday,2718.99,0.0,1.03968,2718.99,3.49853,192.42193,117.67746,123.24258,66.67817,81.9981,132.36176,8.49548,14.35665,67.91369,1.19428,36.92256
Lilly Reuscher,ad2c003d-9ca2-42b1-bc85-2440ab303b84,03/27/2025,1743079672.0,27.03.25 Prep,201,ac02e294-b4db-4985-b8b3-c6ec32fe4b57,29,1743076834.16,Full Back,Rice WSOC,March,Thursday,2718.99,0.0,1.46465,2718.99,3.6678,249.66759,153.71327,131.23523,86.13582,107.97955,172.54319,10.89351,14.06634,72.26799,1.65531,52.0147
Kirsten Ruf,9a8fba27-951b-4253-aac1-ae31800ac075,03/27/2025,1743079672.0,27.03.25 Prep,201,ac02e294-b4db-4985-b8b3-c6ec32fe4b57,22,1743076834.16,Goalkeeper,Rice WSOC,March,Thursday,2718.99,0.0,1.43549,2718.99,4.94652,257.78893,163.69682,159.85372,99.92144,108.52543,170.24909,13.98032,13.02592,79.98537,1.67396,50.97934
Eileen Albers,943afa05-aaac-4426-ba0c-1ebef4e76cb7,03/27/2025,1743079672.0,27.03.25 Prep,201,ac02e294-b4db-4985-b8b3-c6ec32fe4b57,12,1743076834.16,Forward,Rice WSOC,March,Thursday,2718.99,0.0,1.0836,2718.99,5.60645,185.50299,147.39533,107.51545,72.24345,112.62722,89.1568,7.06585,14.73985,116.26013,1.2822,38.48221
Jules Johnston,931babc9-289c-47bf-970a-22d756ac9f5a,03/27/2025,1743079672.0,27.03.25 Prep,201,ac02e294-b4db-4985-b8b3-c6ec32fe4b57,25,1743076834.16,Forward,Rice WSOC,March,Thursday,2718.99,0.0,1.36386,2718.99,3.69255,230.3013,142.8272,118.93585,83.39823,98.12632,158.59084,8.57149,13.20761,56.67524,1.51782,48.43547
Megan Sweeney,76ec7312-9b6e-4355-a747-4de0c8e2d8b9,03/27/2025,1743079672.0,27.03.25 Prep,201,ac02e294-b4db-4985-b8b3-c6ec32fe4b57,30,1743076834.16,Goalkeeper,Rice WSOC,March,Thursday,2718.99,0.0,1.72994,2718.99,5.75627,328.59784,217.90584,209.68341,143.31884,134.72055,209.78141,13.60601,13.37729,96.69527,2.06234,61.43626
Sophie Zhang,713ce913-8f9b-41cb-b395-b08e3e69186f,03/27/2025,1743079672.0,27.03.25 Prep,201,ac02e294-b4db-4985-b8b3-c6ec32fe4b57,9,1743076834.16,Forward,Rice WSOC,March,Thursday,2718.99,0.0,1.42292,2718.99,4.68329,291.89462,186.0667,150.17712,115.12839,122.02988,192.97218,13.09396,13.28498,71.45096,1.60906,50.53281
Carsyn Martz,5ec6f0de-aa33-44a6-9b7e-676076c27478,03/27/2025,1743079672.0,27.03.25 Prep,201,ac02e294-b4db-4985-b8b3-c6ec32fe4b57,20,1743076834.16,Wide Midfielder,Rice WSOC,March,Thursday,2718.99,0.0,1.38653,2718.99,4.67647,223.38888,137.2674,118.18334,77.91913,96.05679,153.92088,9.02181,13.50125,65.80931,1.56957,49.24043
Jessica Molina,49ee30cf-715d-49d2-bfd4-f208c806a5db,03/27/2025,1743079672.0,27.03.25 Prep,201,ac02e294-b4db-4985-b8b3-c6ec32fe4b57,16,1743076834.16,Forward,Rice WSOC,March,Thursday,2718.99,0.0,1.06795,2718.99,4.29935,167.85828,106.10514,95.42143,67.34122,67.30032,113.0251,7.33912,12.6454,63.58406,1.19797,37.92652
Kallie Mckinney,41be207d-131f-472d-a349-6832380579b4,03/27/2025,1743079672.0,27.03.25 Prep,201,ac02e294-b4db-4985-b8b3-c6ec32fe4b57,27,1743076834.16,Central Midfielder,Rice WSOC,March,Thursday,2718.99,0.0,1.45297,2718.99,4.54304,307.17128,192.13204,154.44758,114.63517,129.18751,207.59109,12.68068,13.82897,68.46,1.63584,51.60006
Bailey Peek,1d2f6fbf-8215-4ae2-ae70-ed9d981fcd85,03/27/2025,1743079672.0,27.03.25 Prep,201,ac02e294-b4db-4985-b8b3-c6ec32fe4b57,6,1743076834.16,Centre Back,Rice WSOC,March,Thursday,2718.99,0.0,1.39444,2718.99,4.62513,265.88222,177.45835,135.33494,105.00047,120.32103,164.74975,11.86061,13.78676,67.69801,1.59282,49.52141
Naija Bruckner,59840313-0841-4a21-a5b5-b8b24cad01b8,03/27/2025,1743106885.0,3.27.25 Naija,201,11a3c753-40a5-4a49-a980-d7b2777d6e4d,28,1743105637.0,Central Midfielder,Rice WSOC,March,Thursday,1247.98,0.0,0.35747,1248.0,3.12088,97.82348,62.58836,89.29256,39.51749,40.07495,65.71991,1.14857,6.305,19.94845,0.37953,32.85551
Jordyn Mariam,f7e75558-805b-459d-b944-ec8d5a5beeac,03/27/2025,1743079672.0,27.03.25 Prep,201,ac02e294-b4db-4985-b8b3-c6ec32fe4b57,5,1743076834.16,Wide Midfielder,Rice WSOC,March,Thursday,2718.99,0.0,1.06127,2718.99,4.34145,207.47971,133.49253,117.14534,86.24357,83.7865,137.30665,7.42364,13.79285,69.84972,1.21427,37.68919
Kallie Mckinney,41be207d-131f-472d-a349-6832380579b4,03/26/2025,1743013257.0,26.03.25 Fitness,201,94354f03-8a5a-457f-a457-07ccde532492,27,1743010327.0,Central Midfielder,Rice WSOC,March,Wednesday,2870.0,0.0,2.18337,2870.0,4.71473,397.42276,217.4552,162.91398,121.04247,153.84169,293.69625,22.86762,13.47221,81.88582,2.46577,73.45905
Kenna Sanders,457dc155-bdf2-48cc-8a59-2f0b4ec42ae2,03/26/2025,1743014478.0,26.03.25 Fitness,201,94354f03-8a5a-457f-a457-07ccde532492,18,1743010327.0,Forward,Rice WSOC,March,Wednesday,4085.0,0.0,3.55156,4085.0,4.29512,687.16865,420.03169,229.28511,240.2547,294.39046,468.08141,39.95094,12.87971,61.82536,3.89763,83.95119
Carsyn Martz,5ec6f0de-aa33-44a6-9b7e-676076c27478,03/26/2025,1743014616.0,26.03.25 Fitness,201,94354f03-8a5a-457f-a457-07ccde532492,20,1743010178.0,Wide Midfielder,Rice WSOC,March,Wednesday,4510.98,-73.0,3.47028,4511.0,5.01759,517.24689,306.88465,206.49911,182.70331,206.56701,366.20247,37.37389,16.61642,76.7586,3.91537,74.45833
Bailey Peek,1d2f6fbf-8215-4ae2-ae70-ed9d981fcd85,03/26/2025,1743014478.0,26.03.25 Fitness,201,94354f03-8a5a-457f-a457-07ccde532492,6,1743010327.0,Centre Back,Rice WSOC,March,Wednesday,4085.0,0.0,3.37621,4085.0,4.42852,508.68775,315.70644,190.81768,171.58791,227.58893,347.71634,39.84023,14.75197,65.22518,3.73272,79.80625
Isabelle Kent,6e66b652-d707-4f6a-86d3-61696dab1831,03/26/2025,1743012213.0,26.03.25 Fitness,201,94354f03-8a5a-457f-a457-07ccde532492,2,1743010327.0,Full Back,Rice WSOC,March,Wednesday,1858.0,0.0,0.98093,1858.0,3.16593,129.18562,79.63734,90.4097,47.45516,54.0494,87.92365,5.56899,12.0021,67.93254,1.06572,50.97924
Jessica Molina,49ee30cf-715d-49d2-bfd4-f208c806a5db,03/26/2025,1743014478.0,26.03.25 Fitness,201,94354f03-8a5a-457f-a457-07ccde532492,16,1743010327.0,Forward,Rice WSOC,March,Wednesday,3073.0,0.0,2.19538,3073.0,3.84971,328.88267,199.37724,126.28666,129.89766,123.65709,232.11428,22.48337,13.90981,73.53732,2.46862,68.98386
Betty Velkova,8b0cb352-4da9-4349-b147-77a3736ea957,03/26/2025,1743014478.0,26.03.25 Fitness,201,94354f03-8a5a-457f-a457-07ccde532492,19,1743010327.0,Forward,Rice WSOC,March,Wednesday,4085.0,0.0,3.69962,4085.0,4.71045,691.21484,414.5941,214.00108,253.07773,270.17996,483.71753,43.23226,15.25283,78.00816,4.14654,87.45116
Leah Chancey,85ed14d3-34f0-42fc-8477-c03064e998f4,03/26/2025,1743014478.0,26.03.25 Fitness,201,94354f03-8a5a-457f-a457-07ccde532492,23,1743010327.0,Central Midfielder,Rice WSOC,March,Wednesday,4085.0,0.0,3.45597,4085.0,5.0251,558.92248,329.13918,188.79125,191.13419,224.38861,393.84169,41.82476,13.59102,68.36706,3.81657,81.69182
Jules Johnston,931babc9-289c-47bf-970a-22d756ac9f5a,03/26/2025,1743014478.0,26.03.25 Fitness,201,94354f03-8a5a-457f-a457-07ccde532492,25,1743010327.0,Forward,Rice WSOC,March,Wednesday,3073.0,0.0,2.20152,3073.0,4.12759,362.55804,230.48395,172.80103,139.55442,153.61409,242.6999,17.6787,15.10987,69.99275,2.42649,69.17661
Eileen Albers,943afa05-aaac-4426-ba0c-1ebef4e76cb7,03/26/2025,1743014478.0,26.03.25 Fitness,201,94354f03-8a5a-457f-a457-07ccde532492,12,1743010327.0,Forward,Rice WSOC,March,Wednesday,4085.0,0.0,3.19683,4085.0,4.99618,512.72079,290.31347,181.91126,175.64116,194.95623,372.97582,29.79173,16.63471,100.24648,3.62265,75.56627
Taylor Rish,81828efc-2855-4216-a0d1-6a7c9201d5a0,03/26/2025,1743014478.0,26.03.25 Fitness,201,94354f03-8a5a-457f-a457-07ccde532492,26,1743010327.0,Full Back,Rice WSOC,March,Wednesday,4085.0,0.0,2.98889,4085.0,5.06251,432.64077,252.51114,178.69993,149.65871,171.6118,304.34387,28.65463,14.02042,97.439,3.37307,70.65096
Megan Sweeney,76ec7312-9b6e-4355-a747-4de0c8e2d8b9,03/26/2025,1743014478.0,26.03.25 Fitness,201,94354f03-8a5a-457f-a457-07ccde532492,0,1743010327.0,Goalkeeper,Rice WSOC,March,Wednesday,4085.0,0.0,2.59672,4085.0,4.24003,413.34057,263.24728,250.08168,179.21297,156.31532,274.78811,18.21041,13.85511,69.20209,2.85859,61.38083
Sophie Zhang,713ce913-8f9b-41cb-b395-b08e3e69186f,03/26/2025,1743014478.0,26.03.25 Fitness,201,94354f03-8a5a-457f-a457-07ccde532492,9,1743010327.0,Forward,Rice WSOC,March,Wednesday,4085.0,0.0,3.30682,4085.0,5.36408,601.84424,371.93276,222.80915,228.03232,244.13002,413.37848,35.8428,13.90153,85.3722,3.72186,78.16624
Allie Love,99ee597d-39b8-4fb7-9c63-0d052a15c0a8,03/26/2025,1743014478.0,26.03.25 Fitness,201,94354f03-8a5a-457f-a457-07ccde532492,17,1743010327.0,Forward,Rice WSOC,March,Wednesday,4085.0,0.0,3.49986,4085.0,5.46436,500.42257,322.28224,186.14707,198.88252,210.2128,329.45321,38.24106,15.40964,64.89465,3.83627,82.72918
Kirsten Ruf,9a8fba27-951b-4253-aac1-ae31800ac075,03/26/2025,1743014478.0,26.03.25 Fitness,201,94354f03-8a5a-457f-a457-07ccde532492,22,1743010327.0,Goalkeeper,Rice WSOC,March,Wednesday,4085.0,0.0,2.30549,4085.0,4.43457,333.46963,207.94091,234.53924,130.71114,133.98139,225.92666,15.8254,14.51437,76.38995,2.52864,54.49691
Lilly Reuscher,ad2c003d-9ca2-42b1-bc85-2440ab303b84,03/26/2025,1743014478.0,26.03.25 Fitness,201,94354f03-8a5a-457f-a457-07ccde532492,4,1743010327.0,Full Back,Rice WSOC,March,Wednesday,4085.0,0.0,2.99054,4085.0,4.07328,480.62614,302.90163,191.24974,174.99252,209.05345,323.55619,30.56567,15.70703,77.1048,3.34752,70.69007
Lauren Pickup,ae01c819-c49a-41ef-aa65-20df1a8a40a9,03/26/2025,1743014478.0,26.03.25 Fitness,201,94354f03-8a5a-457f-a457-07ccde532492,8,1743010327.0,Full Back,Rice WSOC,March,Wednesday,4085.0,0.0,3.40453,4085.0,3.59566,526.74577,321.81707,203.45289,181.33301,225.33507,364.77978,42.14311,14.73317,75.91811,3.83372,80.47578
Mariana Elizondo,c3d64405-eb5d-4fc0-a8df-06af8ad627bf,03/26/2025,1743014478.0,26.03.25 Fitness,201,94354f03-8a5a-457f-a457-07ccde532492,10,1743010327.0,Central Midfielder,Rice WSOC,March,Wednesday,4085.0,0.0,3.52506,4085.0,5.45285,608.60367,358.60679,204.23511,224.42209,230.91205,430.71052,41.61497,14.91186,87.12978,3.96733,83.32484
Dayo Tennyson,d0c5a2ec-d0d5-4ae1-bc9f-ae270bfc51e9,03/26/2025,1743014616.0,26.03.25 Fitness,201,94354f03-8a5a-457f-a457-07ccde532492,3,1743010178.0,Wide Midfielder,Rice WSOC,March,Wednesday,4437.98,0.0,3.10008,4438.0,6.39241,517.10956,299.66789,220.44509,172.60307,208.75584,368.46441,29.16437,15.85838,93.65265,3.56504,67.66105
Camille Quarterman,e710b8f7-8542-490c-80f0-c110cb9ed839,03/26/2025,1743014478.0,26.03.25 Fitness,201,94354f03-8a5a-457f-a457-07ccde532492,33,1743010327.0,Wide Midfielder,Rice WSOC,March,Wednesday,4085.0,0.0,3.32886,4085.0,5.9004,503.96337,310.06051,195.67699,188.27107,206.84931,345.55191,34.06572,17.40788,90.39465,3.78515,78.68713
Mia Brumlow,e9141800-8f9c-4a98-8265-2ae17f48913e,03/26/2025,1743014478.0,26.03.25 Fitness,201,94354f03-8a5a-457f-a457-07ccde532492,13,1743010327.0,Wide Midfielder,Rice WSOC,March,Wednesday,4085.0,0.0,3.2413,4085.0,5.12163,521.83133,312.40143,200.84771,189.31423,208.68339,369.18527,37.96348,15.15065,87.75774,3.66126,76.6174
Jordyn Mariam,f7e75558-805b-459d-b944-ec8d5a5beeac,03/26/2025,1743014478.0,26.03.25 Fitness,201,94354f03-8a5a-457f-a457-07ccde532492,5,1743010327.0,Wide Midfielder,Rice WSOC,March,Wednesday,4085.0,0.0,3.1744,4085.0,4.32296,475.16747,292.78223,178.57721,174.37411,197.28762,322.09668,32.31968,16.21265,83.04218,3.59188,75.03596
Piper Biziorek,fb332127-6268-4995-a140-9076566dc702,03/26/2025,1743014478.0,26.03.25 Fitness,201,94354f03-8a5a-457f-a457-07ccde532492,15,1743010327.0,Central Midfielder,Rice WSOC,March,Wednesday,4085.0,0.0,3.87104,4085.0,4.66861,781.69262,543.49904,226.37958,328.17617,368.64907,467.45254,49.31287,15.36256,77.24255,4.4617,91.50319
Naija Bruckner,59840313-0841-4a21-a5b5-b8b24cad01b8,03/26/2025,1743014616.0,26.03.25 Fitness,201,94354f03-8a5a-457f-a457-07ccde532492,28,1743010178.0,Central Midfielder,Rice WSOC,March,Wednesday,589.98,3848.0,0.24624,590.0,2.08514,22.88428,15.5876,11.69115,10.02342,9.81151,14.06872,3.07469,11.44619,26.58572,0.25217,40.70069
Isabelle Kent,6e66b652-d707-4f6a-86d3-61696dab1831,03/25/2025,1742933745.0,25.03.25 Maintenance,201,5f65f42d-a69b-4ca6-b804-e2a4d4ec2742,2,1742931813.0,Full Back,Rice WSOC,March,Tuesday,1584.0,0.0,1.01644,1584.0,3.5175,159.54253,97.78042,87.35202,58.26179,65.99232,108.48595,7.63874,14.9969,75.69076,1.1327,61.96235
Bailey Peek,1d2f6fbf-8215-4ae2-ae70-ed9d981fcd85,03/25/2025,1742935760.0,25.03.25 Maintenance,201,5f65f42d-a69b-4ca6-b804-e2a4d4ec2742,6,1742931813.0,Centre Back,Rice WSOC,March,Tuesday,3196.0,0.0,2.29839,3196.0,3.83551,362.92591,225.0911,144.83009,126.3734,157.40757,247.72506,26.50126,15.54264,87.79083,2.61502,69.44131
Kallie Mckinney,41be207d-131f-472d-a349-6832380579b4,03/25/2025,1742934679.0,25.03.25 Maintenance,201,5f65f42d-a69b-4ca6-b804-e2a4d4ec2742,27,1742931813.0,Central Midfielder,Rice WSOC,March,Tuesday,2459.0,0.0,1.33891,2459.0,4.44755,254.52638,157.845,120.30071,95.34228,104.9487,173.54608,10.24946,14.76734,81.74924,1.53352,52.57672
Kenna Sanders,457dc155-bdf2-48cc-8a59-2f0b4ec42ae2,03/25/2025,1742935760.0,25.03.25 Maintenance,201,5f65f42d-a69b-4ca6-b804-e2a4d4ec2742,18,1742931813.0,Forward,Rice WSOC,March,Tuesday,3195.99,0.0,2.33353,3196.0,4.39909,458.90044,261.32704,179.84261,143.18104,186.43611,332.48139,25.73468,13.64926,57.71704,2.60958,73.23216
Naija Bruckner,59840313-0841-4a21-a5b5-b8b24cad01b8,03/25/2025,1742934423.83,25.03.25 Maintenance,201,5f65f42d-a69b-4ca6-b804-e2a4d4ec2742,28,1742933445.27,Central Midfielder,Rice WSOC,March,Tuesday,978.55,0.0,0.68388,978.56,2.46774,78.8762,47.01904,40.26524,30.17717,29.71165,55.84277,7.48523,12.86312,50.01944,0.73223,67.81827
Sophie Zhang,713ce913-8f9b-41cb-b395-b08e3e69186f,03/25/2025,1742935760.0,25.03.25 Maintenance,201,5f65f42d-a69b-4ca6-b804-e2a4d4ec2742,9,1742931813.0,Forward,Rice WSOC,March,Tuesday,3196.0,0.0,2.31701,3196.0,4.80116,466.71717,296.62458,184.25582,188.56769,189.00079,309.63803,23.10592,15.61608,80.3959,2.66841,70.00376
Megan Sweeney,76ec7312-9b6e-4355-a747-4de0c8e2d8b9,03/25/2025,1742935760.0,25.03.25 Maintenance,201,5f65f42d-a69b-4ca6-b804-e2a4d4ec2742,30,1742931813.0,Goalkeeper,Rice WSOC,March,Tuesday,3196.0,0.0,2.0694,3196.0,6.65816,371.73612,241.93531,233.35,161.22563,146.70078,241.89402,14.51664,15.2025,79.68815,2.3868,62.52267
Kirsten Ruf,9a8fba27-951b-4253-aac1-ae31800ac075,03/25/2025,1742935760.0,25.03.25 Maintenance,201,5f65f42d-a69b-4ca6-b804-e2a4d4ec2742,22,1742931813.0,Goalkeeper,Rice WSOC,March,Tuesday,3196.0,0.0,1.80872,3196.0,6.53281,290.99543,183.24471,197.15216,111.97738,121.49607,194.29001,11.6512,15.36095,91.85464,2.07018,54.64694
Taylor Rish,81828efc-2855-4216-a0d1-6a7c9201d5a0,03/25/2025,1742935760.0,25.03.25 Maintenance,201,5f65f42d-a69b-4ca6-b804-e2a4d4ec2742,26,1742931813.0,Full Back,Rice WSOC,March,Tuesday,3195.99,0.0,2.1046,3196.0,5.45147,346.34896,217.44381,155.10671,129.41426,147.58482,235.24629,17.52856,16.60216,82.08875,2.43062,64.6621
Leah Chancey,85ed14d3-34f0-42fc-8477-c03064e998f4,03/25/2025,1742935760.0,25.03.25 Maintenance,201,5f65f42d-a69b-4ca6-b804-e2a4d4ec2742,23,1742931813.0,Central Midfielder,Rice WSOC,March,Tuesday,3196.0,0.0,2.30524,3196.0,4.14146,374.40041,222.84363,157.26834,129.26153,152.30952,261.44974,22.53431,15.4407,70.72832,2.56306,69.64801
Betty Velkova,8b0cb352-4da9-4349-b147-77a3736ea957,03/25/2025,1742935760.0,25.03.25 Maintenance,201,5f65f42d-a69b-4ca6-b804-e2a4d4ec2742,19,1742931813.0,Forward,Rice WSOC,March,Tuesday,3196.0,0.0,2.29521,3196.0,5.61829,429.503,259.57377,163.69932,160.08167,167.91283,297.92694,25.92413,16.20115,87.68502,2.63421,69.34499
Jules Johnston,931babc9-289c-47bf-970a-22d756ac9f5a,03/25/2025,1742935760.0,25.03.25 Maintenance,201,5f65f42d-a69b-4ca6-b804-e2a4d4ec2742,25,1742931813.0,Forward,Rice WSOC,March,Tuesday,3196.0,0.0,2.06521,3196.0,4.43734,363.47528,230.95703,150.10948,136.2727,156.40517,244.22761,19.71686,15.06584,71.96204,2.35737,62.39617
Eileen Albers,943afa05-aaac-4426-ba0c-1ebef4e76cb7,03/25/2025,1742935760.0,25.03.25 Maintenance,201,5f65f42d-a69b-4ca6-b804-e2a4d4ec2742,12,1742931813.0,Forward,Rice WSOC,March,Tuesday,3196.0,0.0,2.14588,3196.0,4.45239,348.85374,198.9033,138.10495,125.80198,128.08383,252.28843,23.44736,16.90616,106.23015,2.49284,64.83353
Allie Love,99ee597d-39b8-4fb7-9c63-0d052a15c0a8,03/25/2025,1742935760.0,25.03.25 Maintenance,201,5f65f42d-a69b-4ca6-b804-e2a4d4ec2742,32,1742931813.0,Forward,Rice WSOC,March,Tuesday,3196.0,0.0,2.69581,3196.0,4.77057,477.25404,311.36396,178.22613,197.43897,198.03942,308.13386,36.78593,15.37436,72.34698,3.08868,81.44851
Lilly Reuscher,ad2c003d-9ca2-42b1-bc85-2440ab303b84,03/25/2025,1742935760.0,25.03.25 Maintenance,201,5f65f42d-a69b-4ca6-b804-e2a4d4ec2742,29,1742931813.0,Full Back,Rice WSOC,March,Tuesday,3196.0,0.0,2.12121,3196.0,3.93786,362.34959,216.27225,165.48404,116.20446,156.3682,255.49522,19.41072,15.82127,82.70076,2.42054,64.08808
Piper Biziorek,fb332127-6268-4995-a140-9076566dc702,03/25/2025,1742935760.0,25.03.25 Maintenance,201,5f65f42d-a69b-4ca6-b804-e2a4d4ec2742,15,1742931813.0,Central Midfielder,Rice WSOC,March,Tuesday,3196.0,0.0,2.68637,3196.0,5.03527,463.33514,302.68424,141.90911,172.42046,210.81021,302.61184,36.16911,16.34485,82.04972,3.14811,81.16309
Lauren Pickup,ae01c819-c49a-41ef-aa65-20df1a8a40a9,03/25/2025,1742935760.0,25.03.25 Maintenance,201,5f65f42d-a69b-4ca6-b804-e2a4d4ec2742,8,1742931813.0,Full Back,Rice WSOC,March,Tuesday,3196.0,0.0,2.3351,3196.0,4.10479,396.67722,245.71246,167.93298,144.23692,167.71382,271.63788,24.15146,15.69729,83.20004,2.66892,70.55043
Mariana Elizondo,c3d64405-eb5d-4fc0-a8df-06af8ad627bf,03/25/2025,1742935760.0,25.03.25 Maintenance,201,5f65f42d-a69b-4ca6-b804-e2a4d4ec2742,10,1742931813.0,Central Midfielder,Rice WSOC,March,Tuesday,3196.0,0.0,2.43406,3196.0,3.99986,480.46374,308.33199,197.79338,188.64102,204.74627,314.34794,27.71332,14.65389,87.16429,2.7659,73.5401
Dayo Tennyson,d0c5a2ec-d0d5-4ae1-bc9f-ae270bfc51e9,03/25/2025,1742935760.0,25.03.25 Maintenance,201,5f65f42d-a69b-4ca6-b804-e2a4d4ec2742,35,1742931813.0,Wide Midfielder,Rice WSOC,March,Tuesday,3196.0,0.0,2.05881,3196.0,6.36659,391.15266,243.19904,186.12899,141.60382,167.39031,261.33292,16.25798,17.7067,104.98577,2.42026,62.20277
Camille Quarterman,e710b8f7-8542-490c-80f0-c110cb9ed839,03/25/2025,1742935760.0,25.03.25 Maintenance,201,5f65f42d-a69b-4ca6-b804-e2a4d4ec2742,33,1742931813.0,Wide Midfielder,Rice WSOC,March,Tuesday,3196.0,0.0,2.32583,3196.0,4.67932,388.17285,236.56109,179.33543,137.9228,162.60769,266.62098,21.68419,18.0187,95.36671,2.70642,70.27017
Mia Brumlow,e9141800-8f9c-4a98-8265-2ae17f48913e,03/25/2025,1742935760.0,25.03.25 Maintenance,201,5f65f42d-a69b-4ca6-b804-e2a4d4ec2742,13,1742931813.0,Wide Midfielder,Rice WSOC,March,Tuesday,3196.0,0.0,2.17949,3196.0,4.44411,348.34621,208.5671,144.65573,127.8272,137.04178,246.90257,21.64301,16.09127,89.54542,2.51599,65.84899
Jordyn Mariam,f7e75558-805b-459d-b944-ec8d5a5beeac,03/25/2025,1742935760.0,25.03.25 Maintenance,201,5f65f42d-a69b-4ca6-b804-e2a4d4ec2742,5,1742931813.0,Wide Midfielder,Rice WSOC,March,Tuesday,3196.0,0.0,2.3448,3196.0,4.22471,392.17941,255.8221,174.30881,157.5698,167.84691,252.74273,22.95094,15.97809,87.65373,2.68259,70.84335
Carsyn Martz,5ec6f0de-aa33-44a6-9b7e-676076c27478,03/25/2025,1742935760.0,25.03.25 Maintenance,201,5f65f42d-a69b-4ca6-b804-e2a4d4ec2742,20,1742931813.0,Wide Midfielder,Rice WSOC,March,Tuesday,3195.99,0.0,2.42572,3196.0,4.44506,381.41027,226.92084,158.05382,135.78397,150.88753,269.3959,27.24235,16.84865,82.98266,2.78133,74.67053
Kirsten Ruf,9a8fba27-951b-4253-aac1-ae31800ac075,03/13/2025,1741899114.0,13.03.25 Organizational,201,c4eff084-a114-4430-9859-52be056001fb,22,1741895025.0,Goalkeeper,Rice WSOC,March,Thursday,3836.0,0.0,2.09108,3836.0,5.90803,332.04088,208.10474,205.8067,129.36675,135.58322,223.80288,16.4718,14.38595,88.50763,2.37002,52.63702
Piper Biziorek,fb332127-6268-4995-a140-9076566dc702,03/13/2025,1741899114.0,13.03.25 Organizational,201,c4eff084-a114-4430-9859-52be056001fb,15,1741895025.0,Central Midfielder,Rice WSOC,March,Thursday,3836.0,0.0,3.65404,3836.0,4.77506,665.64535,441.908,224.73928,272.06052,291.22991,422.02614,55.87044,15.73011,80.07487,4.24445,91.98027
Betty Velkova,8b0cb352-4da9-4349-b147-77a3736ea957,03/13/2025,1741899114.0,13.03.25 Organizational,201,c4eff084-a114-4430-9859-52be056001fb,19,1741895025.0,Forward,Rice WSOC,March,Thursday,3836.0,0.0,2.80905,3836.0,5.28644,483.7524,278.05799,172.36402,171.26597,181.00763,350.65677,37.34663,15.11921,83.25549,3.16781,70.71015
Mia Brumlow,e9141800-8f9c-4a98-8265-2ae17f48913e,03/13/2025,1741899114.0,13.03.25 Organizational,201,c4eff084-a114-4430-9859-52be056001fb,13,1741895025.0,Wide Midfielder,Rice WSOC,March,Thursday,3836.0,0.0,2.3769,3836.0,5.84248,360.61952,213.22406,166.31816,129.7504,141.19474,258.22672,23.92704,15.76055,89.56313,2.67663,59.83181
Camille Quarterman,e710b8f7-8542-490c-80f0-c110cb9ed839,03/13/2025,1741899114.0,13.03.25 Organizational,201,c4eff084-a114-4430-9859-52be056001fb,33,1741895025.0,Wide Midfielder,Rice WSOC,March,Thursday,3836.0,0.0,3.10417,3836.0,4.14976,505.55737,312.95856,211.54935,190.19779,209.83009,344.33315,38.23552,14.90177,103.15828,3.52032,78.13879
Dayo Tennyson,d0c5a2ec-d0d5-4ae1-bc9f-ae270bfc51e9,03/13/2025,1741899187.0,13.03.25 Organizational,201,c4eff084-a114-4430-9859-52be056001fb,3,1741894892.0,Wide Midfielder,Rice WSOC,March,Thursday,4292.98,2.0,2.60466,4293.0,4.86711,432.56628,248.54747,203.40713,143.44327,173.22518,309.88804,28.98075,14.98054,106.54146,2.99111,60.20957
Mariana Elizondo,c3d64405-eb5d-4fc0-a8df-06af8ad627bf,03/13/2025,1741899114.0,13.03.25 Organizational,201,c4eff084-a114-4430-9859-52be056001fb,10,1741895025.0,Central Midfielder,Rice WSOC,March,Thursday,3836.0,0.0,3.07882,3836.0,4.1724,623.99135,408.76451,249.96372,245.64787,279.97358,401.20426,38.85547,13.49425,88.62662,3.44654,77.50079
Lauren Pickup,ae01c819-c49a-41ef-aa65-20df1a8a40a9,03/13/2025,1741899114.0,13.03.25 Organizational,201,c4eff084-a114-4430-9859-52be056001fb,8,1741895025.0,Full Back,Rice WSOC,March,Thursday,3836.0,0.0,2.8731,3836.0,5.41968,462.93929,280.03831,205.12698,163.47203,192.31232,322.49189,31.34072,15.53337,90.36012,3.22444,72.3222
Lilly Reuscher,ad2c003d-9ca2-42b1-bc85-2440ab303b84,03/13/2025,1741899187.0,13.03.25 Organizational,201,c4eff084-a114-4430-9859-52be056001fb,4,1741894892.0,Full Back,Rice WSOC,March,Thursday,4373.98,-79.0,2.9151,4374.0,4.42745,459.44983,281.42302,203.91737,159.35248,196.84667,317.82354,32.68272,15.1214,89.81947,3.25201,64.77301
Allie Love,99ee597d-39b8-4fb7-9c63-0d052a15c0a8,03/13/2025,1741899114.0,13.03.25 Organizational,201,c4eff084-a114-4430-9859-52be056001fb,17,1741895025.0,Forward,Rice WSOC,March,Thursday,3836.0,0.0,3.07336,3836.0,4.35374,488.87192,313.96343,185.32457,194.20623,204.21922,322.42757,41.45754,14.39301,74.65891,3.43984,77.36321
Eileen Albers,943afa05-aaac-4426-ba0c-1ebef4e76cb7,03/13/2025,1741899114.0,13.03.25 Organizational,201,c4eff084-a114-4430-9859-52be056001fb,12,1741895025.0,Forward,Rice WSOC,March,Thursday,3836.0,0.0,2.78163,3836.0,4.52488,442.86845,250.42685,162.62888,155.91542,164.17148,323.00159,31.61286,14.80905,103.54259,3.18126,70.01968
Jules Johnston,931babc9-289c-47bf-970a-22d756ac9f5a,03/13/2025,1741899114.0,13.03.25 Organizational,201,c4eff084-a114-4430-9859-52be056001fb,25,1741895025.0,Forward,Rice WSOC,March,Thursday,3836.0,0.0,2.44445,3836.0,4.12523,395.12549,257.20344,173.52256,157.17614,169.3775,259.80114,24.29362,14.30762,78.75182,2.70712,61.53218
Leah Chancey,85ed14d3-34f0-42fc-8477-c03064e998f4,03/13/2025,1741899114.0,13.03.25 Organizational,201,c4eff084-a114-4430-9859-52be056001fb,23,1741895025.0,Central Midfielder,Rice WSOC,March,Thursday,3836.0,0.0,2.84172,3836.0,5.14241,478.91166,293.2114,208.89099,173.38869,198.3921,333.53311,31.47721,14.7433,75.62408,3.1376,71.53249
Taylor Rish,81828efc-2855-4216-a0d1-6a7c9201d5a0,03/13/2025,1741899114.0,13.03.25 Organizational,201,c4eff084-a114-4430-9859-52be056001fb,26,1741895025.0,Full Back,Rice WSOC,March,Thursday,3836.0,0.0,2.65938,3836.0,5.67888,414.4928,243.29691,184.67224,146.60134,162.65879,292.63689,30.5661,16.28817,97.53386,3.00325,66.94261
Megan Sweeney,76ec7312-9b6e-4355-a747-4de0c8e2d8b9,03/13/2025,1741899114.0,13.03.25 Organizational,201,c4eff084-a114-4430-9859-52be056001fb,0,1741895025.0,Goalkeeper,Rice WSOC,March,Thursday,3836.0,0.0,2.38204,3836.0,7.92783,418.76151,266.46127,262.77716,182.96411,156.87028,279.72041,17.76378,14.89552,77.96626,2.68149,59.96115
Isabelle Kent,6e66b652-d707-4f6a-86d3-61696dab1831,03/13/2025,1741898465.0,13.03.25 Organizational,201,c4eff084-a114-4430-9859-52be056001fb,2,1741895025.0,Full Back,Rice WSOC,March,Thursday,3402.0,0.0,2.38393,3402.0,2.57217,358.45536,216.11848,134.33937,125.80359,148.03436,246.50367,30.68072,11.94571,73.65339,2.50696,67.66438
Carsyn Martz,5ec6f0de-aa33-44a6-9b7e-676076c27478,03/13/2025,1741899187.0,13.03.25 Organizational,201,c4eff084-a114-4430-9859-52be056001fb,20,1741894892.0,Wide Midfielder,Rice WSOC,March,Thursday,4294.98,0.0,2.82789,4295.0,4.01002,417.61862,251.0619,176.8278,147.12737,170.41223,292.50686,31.23771,15.07933,88.55254,3.20685,64.43497
Naija Bruckner,59840313-0841-4a21-a5b5-b8b24cad01b8,03/13/2025,1741899187.0,13.03.25 Organizational,201,c4eff084-a114-4430-9859-52be056001fb,28,1741894892.0,Central Midfielder,Rice WSOC,March,Thursday,827.98,3467.0,0.23199,828.0,1.6955,25.50244,20.04474,16.43664,15.73703,9.45882,12.04092,1.33617,10.78593,24.85538,0.23643,28.30234
Jessica Molina,49ee30cf-715d-49d2-bfd4-f208c806a5db,03/13/2025,1741899187.0,13.03.25 Organizational,201,c4eff084-a114-4430-9859-52be056001fb,16,1741894892.0,Forward,Rice WSOC,March,Thursday,827.98,3467.0,0.23448,828.0,1.3433,29.19562,22.0111,18.40958,16.49943,11.56238,15.07515,1.34547,10.81412,24.7403,0.2388,28.60533
Kenna Sanders,457dc155-bdf2-48cc-8a59-2f0b4ec42ae2,03/13/2025,1741899114.0,13.03.25 Organizational,201,c4eff084-a114-4430-9859-52be056001fb,18,1741895025.0,Forward,Rice WSOC,March,Thursday,3836.0,0.0,2.56193,3836.0,5.60786,511.71094,334.67536,240.94231,191.45721,231.7527,326.99829,27.22149,14.7067,61.72758,2.8302,64.48938
Kallie Mckinney,41be207d-131f-472d-a349-6832380579b4,03/13/2025,1741899114.0,13.03.25 Organizational,201,c4eff084-a114-4430-9859-52be056001fb,27,1741895025.0,Central Midfielder,Rice WSOC,March,Thursday,3964.0,0.0,3.31221,3964.0,4.94823,602.74314,354.77971,172.07687,224.14615,224.50711,425.43067,52.51571,15.73621,89.25521,3.56138,80.6834
Bailey Peek,1d2f6fbf-8215-4ae2-ae70-ed9d981fcd85,03/13/2025,1741898307.0,13.03.25 Organizational,201,c4eff084-a114-4430-9859-52be056001fb,6,1741895025.0,Centre Back,Rice WSOC,March,Thursday,3274.0,0.0,2.58242,3274.0,4.24027,403.0627,251.19922,173.88383,142.89037,175.06873,272.34149,32.56911,15.64414,87.81038,2.89479,76.16366
Jordyn Mariam,f7e75558-805b-459d-b944-ec8d5a5beeac,03/13/2025,1741899114.0,13.03.25 Organizational,201,c4eff084-a114-4430-9859-52be056001fb,5,1741895025.0,Wide Midfielder,Rice WSOC,March,Thursday,3836.0,0.0,2.66373,3836.0,4.28095,424.97718,271.6722,191.40277,168.9336,177.4421,281.237,27.34013,15.30652,90.38673,3.05229,67.05199
Kenna Sanders,457dc155-bdf2-48cc-8a59-2f0b4ec42ae2,03/11/2025,1741726177.0,11.03.25 Maintenance,201,e3ac37ad-d870-4218-9fba-9c4d02fbfdd1,18,1741722381.0,Forward,Rice WSOC,March,Tuesday,3703.0,0.0,2.33136,3703.0,5.43951,491.46445,331.75698,228.02499,206.16143,211.87344,301.29222,23.17188,13.25171,56.58747,2.56487,60.79324
Kallie Mckinney,41be207d-131f-472d-a349-6832380579b4,03/11/2025,1741726177.0,11.03.25 Maintenance,201,e3ac37ad-d870-4218-9fba-9c4d02fbfdd1,27,1741722381.0,Central Midfielder,Rice WSOC,March,Tuesday,3703.0,0.0,2.15857,3703.0,4.45058,388.86803,215.39091,176.9791,123.62594,149.41864,286.29189,23.84996,13.24658,64.0004,2.39868,56.28757
Piper Biziorek,fb332127-6268-4995-a140-9076566dc702,03/11/2025,1741726177.0,11.03.25 Maintenance,201,e3ac37ad-d870-4218-9fba-9c4d02fbfdd1,15,1741722381.0,Central Midfielder,Rice WSOC,March,Tuesday,3703.0,0.0,3.12211,3703.0,4.20074,523.56077,339.74886,150.20307,195.72046,233.97094,344.2733,41.98711,14.06366,81.62263,3.62871,81.41304
Jordyn Mariam,f7e75558-805b-459d-b944-ec8d5a5beeac,03/11/2025,1741726177.0,11.03.25 Maintenance,201,e3ac37ad-d870-4218-9fba-9c4d02fbfdd1,5,1741723595.0,Central Midfielder,Rice WSOC,March,Tuesday,2502.98,0.0,1.79936,2503.0,4.49288,278.46304,164.10864,88.96495,99.85916,108.51606,197.2511,20.76267,15.01233,90.94878,2.09132,69.94109
Bailey Peek,1d2f6fbf-8215-4ae2-ae70-ed9d981fcd85,03/11/2025,1741726177.0,11.03.25 Maintenance,201,e3ac37ad-d870-4218-9fba-9c4d02fbfdd1,6,1741722381.0,Centre Back,Rice WSOC,March,Tuesday,3703.0,0.0,1.84048,3703.0,3.72853,318.83089,204.13989,144.22036,114.16163,144.15772,208.19877,17.90785,14.27563,69.7779,2.07057,47.99292
Naija Bruckner,59840313-0841-4a21-a5b5-b8b24cad01b8,03/11/2025,1741727226.0,11.03.25 Maintenance,201,e3ac37ad-d870-4218-9fba-9c4d02fbfdd1,28,1741726333.0,Central Midfielder,Rice WSOC,March,Tuesday,892.98,0.0,0.25874,893.0,1.58028,38.60517,33.27667,25.86428,26.741,14.61605,14.41574,4.56524,9.999,25.60534,0.26313,29.36185
Carsyn Martz,5ec6f0de-aa33-44a6-9b7e-676076c27478,03/11/2025,1741726177.0,11.03.25 Maintenance,201,e3ac37ad-d870-4218-9fba-9c4d02fbfdd1,20,1741722381.0,Full Back,Rice WSOC,March,Tuesday,3703.0,0.0,2.46687,3703.0,4.07993,387.8213,228.91828,145.97802,127.10513,160.80108,275.07124,25.351,15.0812,70.53439,2.75312,64.32686
Isabelle Kent,6e66b652-d707-4f6a-86d3-61696dab1831,03/11/2025,1741725105.0,11.03.25 Maintenance,201,e3ac37ad-d870-4218-9fba-9c4d02fbfdd1,2,1741722381.0,Full Back,Rice WSOC,March,Tuesday,2645.0,0.0,1.32588,2645.0,2.72802,190.672,114.11353,106.82528,68.84434,76.26913,133.00063,8.25265,12.49355,65.75304,1.43773,48.40369
Sophie Zhang,713ce913-8f9b-41cb-b395-b08e3e69186f,03/11/2025,1741726177.0,11.03.25 Maintenance,201,e3ac37ad-d870-4218-9fba-9c4d02fbfdd1,9,1741722381.0,Forward,Rice WSOC,March,Tuesday,3703.0,0.0,1.98545,3703.0,3.92513,399.43159,275.56384,180.85618,162.25216,186.60669,241.70322,14.34724,15.81259,84.20503,2.26607,51.77323
Megan Sweeney,76ec7312-9b6e-4355-a747-4de0c8e2d8b9,03/11/2025,1741726177.0,11.03.25 Maintenance,201,e3ac37ad-d870-4218-9fba-9c4d02fbfdd1,0,1741722381.0,Goalkeeper,Rice WSOC,March,Tuesday,3703.0,0.0,2.11614,3703.0,5.37572,354.21544,231.07138,214.43146,155.54338,138.76774,230.24581,14.96751,14.16786,71.05209,2.34187,55.18116
Taylor Rish,81828efc-2855-4216-a0d1-6a7c9201d5a0,03/11/2025,1741726177.0,11.03.25 Maintenance,201,e3ac37ad-d870-4218-9fba-9c4d02fbfdd1,26,1741722381.0,Central Midfielder,Rice WSOC,March,Tuesday,3703.0,0.0,2.42102,3703.0,5.0117,379.507,217.48578,148.86539,124.05814,152.24762,271.13162,25.40366,14.8293,82.40866,2.7457,63.1312
Leah Chancey,85ed14d3-34f0-42fc-8477-c03064e998f4,03/11/2025,1741726177.0,11.03.25 Maintenance,201,e3ac37ad-d870-4218-9fba-9c4d02fbfdd1,23,1741722381.0,Central Midfielder,Rice WSOC,March,Tuesday,3703.0,0.0,2.43041,3703.0,3.62188,382.02013,224.8358,165.18662,129.02472,154.33791,268.42723,25.759,13.41046,70.59039,2.66972,63.37621
Betty Velkova,8b0cb352-4da9-4349-b147-77a3736ea957,03/11/2025,1741726177.0,11.03.25 Maintenance,201,e3ac37ad-d870-4218-9fba-9c4d02fbfdd1,19,1741722381.0,Central Midfielder,Rice WSOC,March,Tuesday,3703.0,0.0,2.84282,3703.0,5.02501,532.69742,327.40028,177.22048,199.98915,213.62039,366.27609,31.1408,15.83761,73.63215,3.22041,74.13019
Jules Johnston,931babc9-289c-47bf-970a-22d756ac9f5a,03/11/2025,1741726177.0,11.03.25 Maintenance,201,e3ac37ad-d870-4218-9fba-9c4d02fbfdd1,25,1741722381.0,Forward,Rice WSOC,March,Tuesday,3703.0,0.0,2.41093,3703.0,4.91251,401.74529,253.01863,153.31047,153.1786,168.29013,273.72868,23.19372,14.79446,77.38165,2.69596,62.86808
Eileen Albers,943afa05-aaac-4426-ba0c-1ebef4e76cb7,03/11/2025,1741726177.0,11.03.25 Maintenance,201,e3ac37ad-d870-4218-9fba-9c4d02fbfdd1,12,1741722381.0,Forward,Rice WSOC,March,Tuesday,3703.0,0.0,2.60418,3703.0,4.90631,452.57335,243.68267,145.17813,150.21959,161.03623,339.80902,27.16835,16.0287,99.28919,2.98186,67.90753
Allie Love,99ee597d-39b8-4fb7-9c63-0d052a15c0a8,03/11/2025,1741725105.0,11.03.25 Maintenance,201,e3ac37ad-d870-4218-9fba-9c4d02fbfdd1,17,1741722381.0,Forward,Rice WSOC,March,Tuesday,2645.0,0.0,1.60788,2645.0,5.81449,273.31133,182.92506,138.10035,115.6092,116.49976,172.35511,13.57681,14.63366,73.3988,1.79789,58.69881
Kirsten Ruf,9a8fba27-951b-4253-aac1-ae31800ac075,03/11/2025,1741726177.0,11.03.25 Maintenance,201,e3ac37ad-d870-4218-9fba-9c4d02fbfdd1,22,1741722381.0,Goalkeeper,Rice WSOC,March,Tuesday,3703.0,0.0,1.88412,3703.0,5.86819,312.15838,199.55308,195.18083,123.90172,130.08314,207.49698,11.96105,13.78903,79.89407,2.12701,49.131
Lilly Reuscher,ad2c003d-9ca2-42b1-bc85-2440ab303b84,03/11/2025,1741726177.0,11.03.25 Maintenance,201,e3ac37ad-d870-4218-9fba-9c4d02fbfdd1,4,1741722381.0,Centre Back,Rice WSOC,March,Tuesday,3703.0,0.0,2.23795,3703.0,5.13197,385.29053,233.04297,138.96922,128.10214,165.41131,267.72536,20.60293,15.04902,79.08401,2.52764,58.35756
Lauren Pickup,ae01c819-c49a-41ef-aa65-20df1a8a40a9,03/11/2025,1741726177.0,11.03.25 Maintenance,201,e3ac37ad-d870-4218-9fba-9c4d02fbfdd1,8,1741722381.0,Full Back,Rice WSOC,March,Tuesday,3703.0,0.0,2.78488,3703.0,3.66737,463.99987,278.44716,196.36724,158.66944,193.17764,325.66737,32.8135,13.27279,73.44603,3.15264,72.61932
Mariana Elizondo,c3d64405-eb5d-4fc0-a8df-06af8ad627bf,03/11/2025,1741726177.0,11.03.25 Maintenance,201,e3ac37ad-d870-4218-9fba-9c4d02fbfdd1,10,1741722381.0,Central Midfielder,Rice WSOC,March,Tuesday,3703.0,0.0,2.57916,3703.0,4.8436,526.66026,343.49072,183.9784,211.78071,226.54965,340.48296,27.41302,14.87477,96.65083,2.92734,67.25513
Dayo Tennyson,d0c5a2ec-d0d5-4ae1-bc9f-ae270bfc51e9,03/11/2025,1741726177.0,11.03.25 Maintenance,201,e3ac37ad-d870-4218-9fba-9c4d02fbfdd1,3,1741722381.0,Wide Midfielder,Rice WSOC,March,Tuesday,3703.0,0.0,2.47236,3703.0,7.01025,453.49632,278.8145,177.23417,158.05626,195.43652,306.07254,26.72058,17.50521,91.51071,2.84441,64.4701
Camille Quarterman,e710b8f7-8542-490c-80f0-c110cb9ed839,03/11/2025,1741726177.0,11.03.25 Maintenance,201,e3ac37ad-d870-4218-9fba-9c4d02fbfdd1,33,1741722381.0,Wide Midfielder,Rice WSOC,March,Tuesday,3703.0,0.0,2.70315,3703.0,4.62965,449.88937,285.12811,186.68102,175.64899,187.51632,300.62012,29.9607,15.53155,113.17706,3.09402,70.48824
Mia Brumlow,e9141800-8f9c-4a98-8265-2ae17f48913e,03/11/2025,1741726177.0,11.03.25 Maintenance,201,e3ac37ad-d870-4218-9fba-9c4d02fbfdd1,13,1741722381.0,Central Midfielder,Rice WSOC,March,Tuesday,3703.0,0.0,2.6466,3703.0,4.60304,417.09399,244.54194,155.74735,147.79016,162.66676,301.02546,28.63305,15.6194,83.21198,2.97425,69.01373
Jessica Molina,49ee30cf-715d-49d2-bfd4-f208c806a5db,03/11/2025,1741727226.0,11.03.25 Maintenance,201,e3ac37ad-d870-4218-9fba-9c4d02fbfdd1,16,1741726333.0,Forward,Rice WSOC,March,Tuesday,892.98,0.0,0.26759,893.0,1.34688,39.63886,32.80349,26.49311,24.20343,17.16045,16.91244,4.94745,10.14399,24.17992,0.27613,29.87817
Mariana Elizondo,c3d64405-eb5d-4fc0-a8df-06af8ad627bf,03/10/2025,1741632217.0,03.10.25 Organizational,201,eec46b5d-98c0-411f-a992-cd8ea8b23646,10,1741628147.0,Central Midfielder,Rice WSOC,March,Monday,3955.0,0.0,3.20293,3955.0,4.22425,661.71414,423.74609,277.67039,253.1775,288.58434,434.69255,36.70393,16.31396,78.29872,3.63546,78.19907
Jules Johnston,931babc9-289c-47bf-970a-22d756ac9f5a,03/10/2025,1741631016.0,03.10.25 Organizational,201,eec46b5d-98c0-411f-a992-cd8ea8b23646,25,1741628147.0,Forward,Rice WSOC,March,Monday,2780.0,0.0,1.47115,2780.0,4.49258,257.85546,163.06461,146.36865,101.01131,106.24299,174.24274,10.44773,16.29325,70.19701,1.63996,51.09892
Betty Velkova,8b0cb352-4da9-4349-b147-77a3736ea957,03/10/2025,1741632217.0,03.10.25 Organizational,201,eec46b5d-98c0-411f-a992-cd8ea8b23646,19,1741628147.0,Central Midfielder,Rice WSOC,March,Monday,3955.0,0.0,3.06389,3955.0,5.84294,584.10858,371.78782,255.15905,236.14484,235.31958,390.27552,34.83205,16.71873,82.03627,3.5577,74.80432
Camille Quarterman,e710b8f7-8542-490c-80f0-c110cb9ed839,03/10/2025,1741632217.0,03.10.25 Organizational,201,eec46b5d-98c0-411f-a992-cd8ea8b23646,33,1741628147.0,Wide Midfielder,Rice WSOC,March,Monday,3955.0,0.0,3.08205,3955.0,4.68935,488.27458,299.23944,229.78435,187.41364,194.10515,336.72647,37.75198,17.79908,96.07024,3.55008,75.24771
Dayo Tennyson,d0c5a2ec-d0d5-4ae1-bc9f-ae270bfc51e9,03/10/2025,1741632217.0,03.10.25 Organizational,201,eec46b5d-98c0-411f-a992-cd8ea8b23646,3,1741628147.0,Wide Midfielder,Rice WSOC,March,Monday,3955.0,0.0,2.80622,3955.0,5.4075,554.72071,323.0591,258.94923,181.83078,227.97391,390.04497,28.13964,18.09606,108.56112,3.26696,68.51349
Lauren Pickup,ae01c819-c49a-41ef-aa65-20df1a8a40a9,03/10/2025,1741632217.0,03.10.25 Organizational,201,eec46b5d-98c0-411f-a992-cd8ea8b23646,8,1741628147.0,Full Back,Rice WSOC,March,Monday,3955.0,0.0,3.00555,3955.0,3.74282,541.80177,336.99382,257.34476,193.1228,233.81901,368.98718,28.44975,16.63831,78.18581,3.43317,73.37998
Lilly Reuscher,ad2c003d-9ca2-42b1-bc85-2440ab303b84,03/10/2025,1741631016.0,03.10.25 Organizational,201,eec46b5d-98c0-411f-a992-cd8ea8b23646,4,1741628147.0,Centre Back,Rice WSOC,March,Monday,2780.0,0.0,1.71738,2780.0,5.23963,297.92945,179.86734,156.37032,103.60923,124.50714,208.29276,14.18371,16.86935,88.01904,1.97051,59.65155
Kirsten Ruf,9a8fba27-951b-4253-aac1-ae31800ac075,03/10/2025,1741632217.0,03.10.25 Organizational,201,eec46b5d-98c0-411f-a992-cd8ea8b23646,22,1741628147.0,Goalkeeper,Rice WSOC,March,Monday,3955.0,0.0,2.0946,3955.0,5.76578,328.99406,207.04132,233.38093,125.47053,137.61436,219.39216,13.48588,16.45767,78.23045,2.37056,51.13921
Allie Love,99ee597d-39b8-4fb7-9c63-0d052a15c0a8,03/10/2025,1741630080.0,03.10.25 Organizational,201,eec46b5d-98c0-411f-a992-cd8ea8b23646,17,1741628147.0,Forward,Rice WSOC,March,Monday,1886.0,0.0,1.07384,1886.0,3.64589,196.08839,128.83693,116.85912,80.50664,82.76648,125.85958,7.78304,15.66071,70.53524,1.19165,54.97915
Eileen Albers,943afa05-aaac-4426-ba0c-1ebef4e76cb7,03/10/2025,1741632217.0,03.10.25 Organizational,201,eec46b5d-98c0-411f-a992-cd8ea8b23646,12,1741628147.0,Forward,Rice WSOC,March,Monday,3955.0,0.0,2.74841,3955.0,5.02573,433.69833,234.33326,178.30225,142.07628,155.70165,324.93335,29.08932,17.70656,98.64924,3.17591,67.10198
Piper Biziorek,fb332127-6268-4995-a140-9076566dc702,03/10/2025,1741632217.0,03.10.25 Organizational,201,eec46b5d-98c0-411f-a992-cd8ea8b23646,15,1741628147.0,Central Midfielder,Rice WSOC,March,Monday,3137.0,0.0,3.1821,3137.0,4.39543,675.06573,461.80629,215.74897,278.41814,309.9984,415.59003,46.75121,16.74539,79.0484,3.72373,97.94897
Leah Chancey,85ed14d3-34f0-42fc-8477-c03064e998f4,03/10/2025,1741632217.0,03.10.25 Organizational,201,eec46b5d-98c0-411f-a992-cd8ea8b23646,23,1741628147.0,Central Midfielder,Rice WSOC,March,Monday,3955.0,0.0,2.9093,3955.0,4.21227,454.56886,267.20956,214.33085,154.50846,182.45531,320.18466,31.12628,15.86489,77.07863,3.24258,71.03002
Jordyn Mariam,f7e75558-805b-459d-b944-ec8d5a5beeac,03/10/2025,1741632217.0,03.10.25 Organizational,201,eec46b5d-98c0-411f-a992-cd8ea8b23646,5,1741628147.0,Central Midfielder,Rice WSOC,March,Monday,3955.0,0.0,2.97169,3955.0,4.13997,482.61508,304.49233,215.8564,183.89813,204.26877,319.22453,31.36811,17.07236,87.91372,3.38942,72.55329
Taylor Rish,81828efc-2855-4216-a0d1-6a7c9201d5a0,03/10/2025,1741632217.0,03.10.25 Organizational,201,eec46b5d-98c0-411f-a992-cd8ea8b23646,26,1741628147.0,Central Midfielder,Rice WSOC,March,Monday,3955.0,0.0,2.82102,3955.0,5.76045,462.14936,277.16273,215.16565,165.27994,187.63789,321.9953,25.63282,17.0,85.23022,3.22095,68.87464
Megan Sweeney,76ec7312-9b6e-4355-a747-4de0c8e2d8b9,03/10/2025,1741632217.0,03.10.25 Organizational,201,eec46b5d-98c0-411f-a992-cd8ea8b23646,0,1741628147.0,Goalkeeper,Rice WSOC,March,Monday,3955.0,0.0,2.26967,3955.0,5.98764,379.79762,242.64085,258.84762,164.21239,144.35655,250.82205,16.40535,16.31882,70.76035,2.54664,55.41348
Isabelle Kent,6e66b652-d707-4f6a-86d3-61696dab1831,03/10/2025,1741632094.0,03.10.25 Organizational,201,eec46b5d-98c0-411f-a992-cd8ea8b23646,2,1741628147.0,Full Back,Rice WSOC,March,Monday,3550.0,0.0,3.03141,3550.0,3.33569,493.89693,458.02983,225.79344,301.93927,274.18845,136.51813,38.7308,15.50475,128.58949,3.24847,82.45496
Carsyn Martz,5ec6f0de-aa33-44a6-9b7e-676076c27478,03/10/2025,1741632217.0,03.10.25 Organizational,201,eec46b5d-98c0-411f-a992-cd8ea8b23646,20,1741628147.0,Full Back,Rice WSOC,March,Monday,3955.0,0.0,2.99608,3955.0,5.23178,471.74473,280.90172,200.38521,157.68325,196.13822,332.58808,33.40636,17.62805,83.92053,3.3748,73.14887
Jessica Molina,49ee30cf-715d-49d2-bfd4-f208c806a5db,03/10/2025,1741632217.0,03.10.25 Organizational,201,eec46b5d-98c0-411f-a992-cd8ea8b23646,16,1741628147.0,Forward,Rice WSOC,March,Monday,3955.0,0.0,2.57529,3955.0,4.33974,399.30803,230.82729,188.86594,145.72038,146.73606,289.08522,22.61257,16.57998,82.13748,2.9109,62.87536
Kenna Sanders,457dc155-bdf2-48cc-8a59-2f0b4ec42ae2,03/10/2025,1741632217.0,03.10.25 Organizational,201,eec46b5d-98c0-411f-a992-cd8ea8b23646,18,1741628147.0,Forward,Rice WSOC,March,Monday,3955.0,0.0,3.00967,3955.0,4.41894,596.98149,369.3096,248.04141,213.90481,251.77259,406.159,32.06537,14.49649,66.81193,3.38522,73.48061
Kallie Mckinney,41be207d-131f-472d-a349-6832380579b4,03/10/2025,1741631016.0,03.10.25 Organizational,201,eec46b5d-98c0-411f-a992-cd8ea8b23646,27,1741628147.0,Central Midfielder,Rice WSOC,March,Monday,2780.0,0.0,1.45372,2780.0,3.34651,261.7439,148.52939,168.09541,88.90867,98.93512,189.34719,10.70333,12.73468,54.32888,1.58572,50.49341
Bailey Peek,1d2f6fbf-8215-4ae2-ae70-ed9d981fcd85,03/10/2025,1741632217.0,03.10.25 Organizational,201,eec46b5d-98c0-411f-a992-cd8ea8b23646,6,1741628147.0,Centre Back,Rice WSOC,March,Monday,3955.0,0.0,2.99791,3955.0,4.75001,508.41047,316.3817,246.75091,184.5363,216.77717,342.89656,31.81348,15.57829,71.07884,3.36315,73.1934
Mia Brumlow,e9141800-8f9c-4a98-8265-2ae17f48913e,03/10/2025,1741632217.0,03.10.25 Organizational,201,eec46b5d-98c0-411f-a992-cd8ea8b23646,13,1741628147.0,Central Midfielder,Rice WSOC,March,Monday,3955.0,0.0,2.93159,3955.0,5.54653,470.61276,273.82576,205.48933,164.55238,182.67379,341.10224,31.18382,17.4119,89.42722,3.34754,71.57424
Kenna Sanders,457dc155-bdf2-48cc-8a59-2f0b4ec42ae2,03/07/2025,1741376201.0,03.07.25 Maintenance,201,287f6add-a90c-48f7-895a-230dec11d8cd,18,1741371801.0,Forward,Rice WSOC,March,Friday,4399.99,0.0,1.48281,4400.0,5.33907,328.02875,225.1572,242.54184,136.2329,148.01778,194.94117,9.52127,10.18423,49.50009,1.58661,34.01839
Jessica Molina,49ee30cf-715d-49d2-bfd4-f208c806a5db,03/07/2025,1741376201.0,03.07.25 Maintenance,201,287f6add-a90c-48f7-895a-230dec11d8cd,16,1741371801.0,Forward,Rice WSOC,March,Friday,4399.99,0.0,1.70951,4400.0,3.64215,276.75665,171.88983,195.25484,104.95861,113.70562,188.99907,13.25446,11.15831,64.10671,1.84585,38.13244
Bailey Peek,1d2f6fbf-8215-4ae2-ae70-ed9d981fcd85,03/07/2025,1741376201.0,03.07.25 Maintenance,201,287f6add-a90c-48f7-895a-230dec11d8cd,6,1741371801.0,Centre Back,Rice WSOC,March,Friday,4399.98,0.0,1.57384,4400.0,3.76265,235.16566,152.14519,137.32252,84.85211,107.90081,153.73878,13.51451,14.67229,61.90855,1.7345,34.7998
Megan Sweeney,76ec7312-9b6e-4355-a747-4de0c8e2d8b9,03/07/2025,1741376201.0,03.07.25 Maintenance,201,287f6add-a90c-48f7-895a-230dec11d8cd,30,1741371801.0,Goalkeeper,Rice WSOC,March,Friday,4399.98,0.0,2.3537,4400.0,6.56349,423.19089,281.74956,322.3504,179.96281,178.93842,266.71643,16.346,14.11603,74.30965,2.72801,52.36018
Carsyn Martz,5ec6f0de-aa33-44a6-9b7e-676076c27478,03/07/2025,1741376201.0,03.07.25 Maintenance,201,287f6add-a90c-48f7-895a-230dec11d8cd,20,1741371801.0,Full Back,Rice WSOC,March,Friday,4399.99,0.0,1.7847,4400.0,3.16865,254.93158,154.43353,164.36737,87.33699,108.16407,177.27029,13.65709,12.22826,62.58029,1.938,39.89101
Leah Chancey,85ed14d3-34f0-42fc-8477-c03064e998f4,03/07/2025,1741376201.0,03.07.25 Maintenance,201,287f6add-a90c-48f7-895a-230dec11d8cd,23,1741371801.0,Central Midfielder,Rice WSOC,March,Friday,4399.99,0.0,1.65674,4400.0,4.34646,276.6174,175.74388,192.27669,107.52352,115.6972,184.65471,10.52807,13.68392,61.54977,1.81074,37.02362
Eileen Albers,943afa05-aaac-4426-ba0c-1ebef4e76cb7,03/07/2025,1741377253.0,03.07.25 Maintenance,201,287f6add-a90c-48f7-895a-230dec11d8cd,12,1741371801.0,Forward,Rice WSOC,March,Friday,5402.98,0.0,2.41337,5403.0,3.89848,389.61057,220.93462,145.90877,138.04701,143.81618,287.178,28.18856,14.3323,88.36021,2.65757,43.40899
Allie Love,99ee597d-39b8-4fb7-9c63-0d052a15c0a8,03/07/2025,1741376201.0,03.07.25 Maintenance,201,287f6add-a90c-48f7-895a-230dec11d8cd,32,1741371801.0,Forward,Rice WSOC,March,Friday,4399.98,0.0,1.5629,4400.0,3.69751,239.53189,150.72613,152.26631,85.80313,105.32787,159.56647,13.63976,13.66188,60.29462,1.7162,34.95585
Kirsten Ruf,9a8fba27-951b-4253-aac1-ae31800ac075,03/07/2025,1741376201.0,03.07.25 Maintenance,201,287f6add-a90c-48f7-895a-230dec11d8cd,22,1741371801.0,Goalkeeper,Rice WSOC,March,Friday,4400.0,0.0,1.95417,4400.0,5.40017,357.30554,233.72338,268.02662,143.01574,154.44666,228.63379,10.95456,14.77747,82.80614,2.28136,42.88542
Lilly Reuscher,ad2c003d-9ca2-42b1-bc85-2440ab303b84,03/07/2025,1741376201.0,03.07.25 Maintenance,201,287f6add-a90c-48f7-895a-230dec11d8cd,29,1741371801.0,Centre Back,Rice WSOC,March,Friday,4399.99,0.0,1.5713,4400.0,3.58575,267.53568,170.82127,180.50108,95.95111,120.39561,177.23118,11.12578,12.82925,74.81179,1.7118,35.2323
Taylor Rish,81828efc-2855-4216-a0d1-6a7c9201d5a0,03/07/2025,1741376201.0,03.07.25 Maintenance,201,287f6add-a90c-48f7-895a-230dec11d8cd,26,1741371801.0,Central Midfielder,Rice WSOC,March,Friday,4399.98,0.0,1.54622,4400.0,5.05287,224.81627,143.60986,153.26499,85.81458,96.65958,147.94489,9.56926,11.62376,62.96008,1.66041,34.43599
Lauren Pickup,ae01c819-c49a-41ef-aa65-20df1a8a40a9,03/07/2025,1741376201.0,03.07.25 Maintenance,201,287f6add-a90c-48f7-895a-230dec11d8cd,8,1741371801.0,Full Back,Rice WSOC,March,Friday,4399.98,0.0,1.82851,4400.0,3.75855,314.56424,208.22382,208.93418,120.56598,143.86249,200.32392,14.58956,11.91768,66.6385,1.99379,40.60569
Mariana Elizondo,c3d64405-eb5d-4fc0-a8df-06af8ad627bf,03/07/2025,1741377253.0,03.07.25 Maintenance,201,287f6add-a90c-48f7-895a-230dec11d8cd,10,1741371801.0,Central Midfielder,Rice WSOC,March,Friday,5402.98,0.0,2.59311,5403.0,4.02716,473.44373,303.33898,217.75911,180.69221,205.93207,307.96215,28.0919,13.91775,77.01669,2.86358,46.60453
Dayo Tennyson,d0c5a2ec-d0d5-4ae1-bc9f-ae270bfc51e9,03/07/2025,1741376201.0,03.07.25 Maintenance,201,287f6add-a90c-48f7-895a-230dec11d8cd,35,1741371801.0,Wide Midfielder,Rice WSOC,March,Friday,4399.98,0.0,1.61061,4400.0,3.81883,297.01401,189.02806,195.84327,109.06062,130.69383,193.44002,10.35954,12.78552,77.37556,1.78161,35.68471
Camille Quarterman,e710b8f7-8542-490c-80f0-c110cb9ed839,03/07/2025,1741376201.0,03.07.25 Maintenance,201,287f6add-a90c-48f7-895a-230dec11d8cd,33,1741371801.0,Wide Midfielder,Rice WSOC,March,Friday,4399.98,0.0,1.6863,4400.0,2.95977,291.02603,186.6334,193.30307,113.33266,124.13732,191.54755,14.00744,13.77533,84.29749,1.86647,37.28659
Mia Brumlow,e9141800-8f9c-4a98-8265-2ae17f48913e,03/07/2025,1741376201.0,03.07.25 Maintenance,201,287f6add-a90c-48f7-895a-230dec11d8cd,13,1741371801.0,Central Midfielder,Rice WSOC,March,Friday,4399.98,0.0,1.4514,4400.0,4.24614,242.46962,146.43475,147.29116,85.54588,100.19133,169.59032,8.03601,14.13238,76.35834,1.62281,32.05797
Jordyn Mariam,f7e75558-805b-459d-b944-ec8d5a5beeac,03/07/2025,1741376201.0,03.07.25 Maintenance,201,287f6add-a90c-48f7-895a-230dec11d8cd,5,1741371801.0,Central Midfielder,Rice WSOC,March,Friday,4399.99,0.0,1.71105,4400.0,4.15861,289.62091,183.42927,198.60108,103.75148,129.34692,191.59112,10.85295,13.71669,76.72025,1.88091,38.23752
Piper Biziorek,fb332127-6268-4995-a140-9076566dc702,03/07/2025,1741376201.0,03.07.25 Maintenance,201,287f6add-a90c-48f7-895a-230dec11d8cd,15,1741371801.0,Central Midfielder,Rice WSOC,March,Friday,4399.98,0.0,1.78973,4400.0,3.43182,327.69986,222.68697,188.34426,135.5344,148.20168,201.76731,16.60088,12.61923,72.49437,1.97661,40.44321
Kallie Mckinney,41be207d-131f-472d-a349-6832380579b4,03/07/2025,1741376201.0,03.07.25 Maintenance,201,287f6add-a90c-48f7-895a-230dec11d8cd,27,1741371801.0,Central Midfielder,Rice WSOC,March,Friday,4399.98,0.0,1.5596,4400.0,4.2001,271.61612,162.77182,175.29102,97.26333,109.35888,187.1718,11.16499,13.82682,69.27863,1.70792,34.59358
Sophie Zhang,713ce913-8f9b-41cb-b395-b08e3e69186f,03/07/2025,1741376201.0,03.07.25 Maintenance,201,287f6add-a90c-48f7-895a-230dec11d8cd,9,1741371801.0,Forward,Rice WSOC,March,Friday,4399.98,0.0,1.75614,4400.0,4.97235,391.1113,262.02757,249.92511,144.31632,185.3682,242.61441,14.74092,12.382,75.08136,1.94867,39.2833
Isabelle Kent,6e66b652-d707-4f6a-86d3-61696dab1831,03/07/2025,1741376201.0,03.07.25 Maintenance,201,287f6add-a90c-48f7-895a-230dec11d8cd,2,1741371801.0,Full Back,Rice WSOC,March,Friday,4399.99,0.0,1.88633,4400.0,2.17633,190.50826,114.19248,149.56915,69.41807,75.73226,133.05383,15.48954,11.7263,55.37482,1.94206,42.07691
Betty Velkova,8b0cb352-4da9-4349-b147-77a3736ea957,03/07/2025,1741376201.0,03.07.25 Maintenance,201,287f6add-a90c-48f7-895a-230dec11d8cd,19,1741371801.0,Central Midfielder,Rice WSOC,March,Friday,4399.98,0.0,1.55674,4400.0,4.66093,297.25208,189.71373,169.99166,121.22075,118.61975,197.72977,14.37765,13.17673,72.47803,1.72194,34.42491
Isabelle Kent,6e66b652-d707-4f6a-86d3-61696dab1831,03/05/2025,1741202100.0,05.03.25 Maintenance,201,0caeedc9-bbe7-4ca7-8137-da5ecec44d33,2,1741199687.0,Full Back,Rice WSOC,March,Wednesday,1698.0,0.0,1.38968,1698.0,2.6325,213.17553,125.85542,87.56471,79.69311,80.6254,151.1523,19.04553,14.68654,70.68555,1.45202,79.02746
Sophie Zhang,713ce913-8f9b-41cb-b395-b08e3e69186f,03/05/2025,1741203439.0,05.03.25 Maintenance,201,0caeedc9-bbe7-4ca7-8137-da5ecec44d33,9,1741199687.0,Forward,Rice WSOC,March,Wednesday,3738.0,0.0,2.64695,3738.0,4.97141,508.00819,303.51259,198.61648,184.47801,200.07442,356.68416,32.87071,15.60029,79.72697,3.00961,68.37644
Bailey Peek,1d2f6fbf-8215-4ae2-ae70-ed9d981fcd85,03/05/2025,1741203439.0,05.03.25 Maintenance,201,0caeedc9-bbe7-4ca7-8137-da5ecec44d33,6,1741199687.0,Centre Back,Rice WSOC,March,Wednesday,3738.0,0.0,2.68902,3738.0,3.81606,411.13428,256.33185,185.73822,144.14415,180.19268,280.31366,35.22057,15.57456,71.53883,3.01779,69.46326
Kallie Mckinney,41be207d-131f-472d-a349-6832380579b4,03/05/2025,1741202100.0,05.03.25 Maintenance,201,0caeedc9-bbe7-4ca7-8137-da5ecec44d33,27,1741199687.0,Central Midfielder,Rice WSOC,March,Wednesday,2404.0,0.0,1.73038,2404.0,3.86985,311.31619,171.42379,106.06741,107.75365,109.39654,231.8647,29.62118,13.05176,55.69142,1.85208,69.50359
Kenna Sanders,457dc155-bdf2-48cc-8a59-2f0b4ec42ae2,03/05/2025,1741203439.0,05.03.25 Maintenance,201,0caeedc9-bbe7-4ca7-8137-da5ecec44d33,18,1741199687.0,Forward,Rice WSOC,March,Wednesday,3738.0,0.0,2.84243,3738.0,7.37255,563.38531,318.73178,217.45898,175.1769,226.69397,409.48747,38.85462,14.90878,66.20629,3.16279,73.42624
Carsyn Martz,5ec6f0de-aa33-44a6-9b7e-676076c27478,03/05/2025,1741203439.0,05.03.25 Maintenance,201,0caeedc9-bbe7-4ca7-8137-da5ecec44d33,20,1741199687.0,Full Back,Rice WSOC,March,Wednesday,3738.0,0.0,2.53513,3738.0,3.94124,372.81238,216.7615,165.74113,131.5449,142.4188,267.45202,27.55537,16.53796,80.62785,2.86806,65.48791
Jessica Molina,49ee30cf-715d-49d2-bfd4-f208c806a5db,03/05/2025,1741203439.0,05.03.25 Maintenance,201,0caeedc9-bbe7-4ca7-8137-da5ecec44d33,16,1741199687.0,Forward,Rice WSOC,March,Wednesday,3738.0,0.0,2.40288,3738.0,6.55896,350.38139,205.00274,166.57333,132.42293,127.68478,252.15536,24.88667,15.54277,71.86127,2.64511,62.07169
Camille Quarterman,e710b8f7-8542-490c-80f0-c110cb9ed839,03/05/2025,1741203439.0,05.03.25 Maintenance,201,0caeedc9-bbe7-4ca7-8137-da5ecec44d33,33,1741199687.0,Wide Midfielder,Rice WSOC,March,Wednesday,3738.0,0.0,2.78367,3738.0,4.11191,496.45296,315.08397,231.13679,195.45732,206.16589,329.92433,33.69206,17.44865,89.80986,3.16055,71.9082
Mia Brumlow,e9141800-8f9c-4a98-8265-2ae17f48913e,03/05/2025,1741203439.0,05.03.25 Maintenance,201,0caeedc9-bbe7-4ca7-8137-da5ecec44d33,13,1741199687.0,Central Midfielder,Rice WSOC,March,Wednesday,3738.0,0.0,2.45218,3738.0,5.54404,382.80231,220.54927,174.56786,133.12522,146.21212,278.97686,32.3828,16.11179,82.35361,2.75843,63.34517
Taylor Rish,81828efc-2855-4216-a0d1-6a7c9201d5a0,03/05/2025,1741203439.0,05.03.25 Maintenance,201,0caeedc9-bbe7-4ca7-8137-da5ecec44d33,26,1741199687.0,Central Midfielder,Rice WSOC,March,Wednesday,3738.0,0.0,2.41122,3738.0,5.56244,383.52728,222.88751,166.28538,126.60775,155.7516,271.54718,29.03286,16.27984,82.33168,2.7407,62.28699
Leah Chancey,85ed14d3-34f0-42fc-8477-c03064e998f4,03/05/2025,1741203439.0,05.03.25 Maintenance,201,0caeedc9-bbe7-4ca7-8137-da5ecec44d33,23,1741199687.0,Central Midfielder,Rice WSOC,March,Wednesday,3742.0,0.0,2.98383,3742.0,4.57215,452.9825,263.58573,172.70593,151.02236,181.81898,321.18529,41.39783,15.45819,71.71454,3.19262,76.99652
Betty Velkova,8b0cb352-4da9-4349-b147-77a3736ea957,03/05/2025,1741203439.0,05.03.25 Maintenance,201,0caeedc9-bbe7-4ca7-8137-da5ecec44d33,19,1741199687.0,Central Midfielder,Rice WSOC,March,Wednesday,3738.0,0.0,2.74606,3738.0,6.08432,518.8931,316.8341,226.78033,192.76529,208.27247,357.3535,37.28411,16.2098,81.96898,3.08713,70.93663
Eileen Albers,943afa05-aaac-4426-ba0c-1ebef4e76cb7,03/05/2025,1741203439.0,05.03.25 Maintenance,201,0caeedc9-bbe7-4ca7-8137-da5ecec44d33,12,1741199687.0,Forward,Rice WSOC,March,Wednesday,3738.0,0.0,2.60574,3738.0,4.65319,415.40388,233.88511,159.64254,147.144,150.9401,305.03518,33.09428,16.82448,96.1435,2.97421,67.31202
Allie Love,99ee597d-39b8-4fb7-9c63-0d052a15c0a8,03/05/2025,1741201345.0,05.03.25 Maintenance,201,0caeedc9-bbe7-4ca7-8137-da5ecec44d33,32,1741199687.0,Forward,Rice WSOC,March,Wednesday,1654.0,0.0,0.87657,1654.0,3.76839,145.58545,89.33538,90.79874,52.02383,61.35749,99.74307,8.11514,15.02621,67.08742,0.98323,51.17405
Kirsten Ruf,9a8fba27-951b-4253-aac1-ae31800ac075,03/05/2025,1741203439.0,05.03.25 Maintenance,201,0caeedc9-bbe7-4ca7-8137-da5ecec44d33,22,1741199687.0,Goalkeeper,Rice WSOC,March,Wednesday,3738.0,0.0,2.08985,3738.0,6.80914,329.97916,203.19516,200.12897,124.40453,134.19866,224.13371,15.28184,15.95554,79.57576,2.38803,53.98543
Lilly Reuscher,ad2c003d-9ca2-42b1-bc85-2440ab303b84,03/05/2025,1741202100.0,05.03.25 Maintenance,201,0caeedc9-bbe7-4ca7-8137-da5ecec44d33,29,1741199687.0,Centre Back,Rice WSOC,March,Wednesday,2404.0,0.0,1.28102,2404.0,3.97569,223.66216,133.4318,116.47648,74.48431,94.39293,158.62084,12.98597,15.97238,78.7609,1.40339,51.4544
Mariana Elizondo,c3d64405-eb5d-4fc0-a8df-06af8ad627bf,03/05/2025,1741203439.0,05.03.25 Maintenance,201,0caeedc9-bbe7-4ca7-8137-da5ecec44d33,10,1741199687.0,Central Midfielder,Rice WSOC,March,Wednesday,3738.0,0.0,2.79486,3738.0,4.33721,532.3744,339.7553,224.73317,206.76077,225.07248,352.61692,37.05359,15.77577,78.74457,3.18504,72.19719
Dayo Tennyson,d0c5a2ec-d0d5-4ae1-bc9f-ae270bfc51e9,03/05/2025,1741203439.0,05.03.25 Maintenance,201,0caeedc9-bbe7-4ca7-8137-da5ecec44d33,35,1741199687.0,Wide Midfielder,Rice WSOC,March,Wednesday,3738.0,0.0,2.41979,3738.0,5.8421,446.74668,273.37606,206.4413,159.71283,188.96678,305.65776,27.4595,16.96911,99.04849,2.82224,62.50838
Megan Sweeney,76ec7312-9b6e-4355-a747-4de0c8e2d8b9,03/05/2025,1741203439.0,05.03.25 Maintenance,201,0caeedc9-bbe7-4ca7-8137-da5ecec44d33,30,1741199687.0,Goalkeeper,Rice WSOC,March,Wednesday,3738.0,0.0,2.22068,3738.0,7.08147,386.26105,247.24477,226.65846,168.27823,146.96168,256.49385,18.10218,15.45078,71.97794,2.49091,57.36487
Jordyn Mariam,f7e75558-805b-459d-b944-ec8d5a5beeac,03/05/2025,1741203439.0,05.03.25 Maintenance,201,0caeedc9-bbe7-4ca7-8137-da5ecec44d33,5,1741199687.0,Central Midfielder,Rice WSOC,March,Wednesday,3738.0,0.0,2.47195,3738.0,5.00893,370.78155,213.826,178.06308,134.50274,138.40382,267.82532,29.46518,16.40686,85.82021,2.82858,63.85576
Piper Biziorek,fb332127-6268-4995-a140-9076566dc702,03/05/2025,1741203439.0,05.03.25 Maintenance,201,0caeedc9-bbe7-4ca7-8137-da5ecec44d33,15,1741199687.0,Central Midfielder,Rice WSOC,March,Wednesday,3738.0,0.0,3.17439,3738.0,5.53019,523.29185,337.66768,181.28878,190.11421,236.12217,344.68951,46.64424,16.54406,83.22554,3.65142,82.00137
Leah Chancey,85ed14d3-34f0-42fc-8477-c03064e998f4,03/03/2025,1741029719.0,03.03.25 Maintenance,201,24b45527-6319-455c-9e4f-259eaee624ba,23,1741026593.0,Central Midfielder,Rice WSOC,March,Monday,3050.0,0.0,2.24239,3050.0,3.674,365.10636,211.1611,148.0863,123.09116,144.41837,261.93766,31.43962,13.45783,78.45414,2.43684,70.99222
Kirsten Ruf,9a8fba27-951b-4253-aac1-ae31800ac075,03/03/2025,1741030495.0,03.03.25 Maintenance,201,24b45527-6319-455c-9e4f-259eaee624ba,22,1741026593.0,Goalkeeper,Rice WSOC,March,Monday,3704.0,0.0,1.87844,3704.0,7.42848,342.00436,225.43345,248.43756,139.02167,148.36175,219.3033,14.07952,13.71055,114.02888,2.20336,48.96957
Bailey Peek,1d2f6fbf-8215-4ae2-ae70-ed9d981fcd85,03/03/2025,1741030495.0,03.03.25 Maintenance,201,24b45527-6319-455c-9e4f-259eaee624ba,6,1741026593.0,Centre Back,Rice WSOC,March,Monday,3704.0,0.0,2.75528,3704.0,4.0881,470.10704,293.34685,204.67305,164.93008,206.40901,317.78356,35.06894,14.46191,70.29221,3.13746,71.82825
Kallie Mckinney,41be207d-131f-472d-a349-6832380579b4,03/03/2025,1741030703.0,03.03.25 Maintenance,201,24b45527-6319-455c-9e4f-259eaee624ba,27,1741026593.0,Central Midfielder,Rice WSOC,March,Monday,3833.0,0.0,2.85884,3833.0,3.41411,510.57074,300.69449,168.25429,190.77094,190.26466,361.77827,43.95693,12.94163,60.84605,3.0808,72.01962
Kenna Sanders,457dc155-bdf2-48cc-8a59-2f0b4ec42ae2,03/03/2025,1741030495.0,03.03.25 Maintenance,201,24b45527-6319-455c-9e4f-259eaee624ba,18,1741026593.0,Forward,Rice WSOC,March,Monday,3704.0,0.0,2.72583,3704.0,6.33156,627.22501,423.8202,322.41492,264.15886,269.82243,380.53429,32.35822,12.95858,66.06655,3.13635,71.06054
Jessica Molina,49ee30cf-715d-49d2-bfd4-f208c806a5db,03/03/2025,1741030495.0,03.03.25 Maintenance,201,24b45527-6319-455c-9e4f-259eaee624ba,16,1741026593.0,Forward,Rice WSOC,March,Monday,3704.0,0.0,2.31469,3704.0,4.113,346.96593,206.0071,170.34464,126.83925,134.22678,247.06565,24.23168,13.68676,73.33862,2.62963,60.3424
Carsyn Martz,5ec6f0de-aa33-44a6-9b7e-676076c27478,03/03/2025,1741030495.0,03.03.25 Maintenance,201,24b45527-6319-455c-9e4f-259eaee624ba,20,1741027709.0,Full Back,Rice WSOC,March,Monday,2648.99,0.0,2.1171,2649.0,3.13628,330.19226,192.88333,128.37595,116.48858,127.81485,236.77766,27.46116,14.16248,66.28678,2.43177,77.26146
Betty Velkova,8b0cb352-4da9-4349-b147-77a3736ea957,03/03/2025,1741030495.0,03.03.25 Maintenance,201,24b45527-6319-455c-9e4f-259eaee624ba,19,1741026593.0,Central Midfielder,Rice WSOC,March,Monday,3704.0,0.0,2.9812,3704.0,6.36005,611.6527,366.10601,237.44046,220.36104,242.8761,427.94195,37.93451,14.99254,77.644,3.4062,77.71764
Megan Sweeney,76ec7312-9b6e-4355-a747-4de0c8e2d8b9,03/03/2025,1741030495.0,03.03.25 Maintenance,201,24b45527-6319-455c-9e4f-259eaee624ba,0,1741026593.0,Goalkeeper,Rice WSOC,March,Monday,3704.0,0.0,2.08035,3704.0,5.34144,391.06434,256.82569,274.18318,170.4414,157.19256,252.04032,15.97868,14.19236,105.53429,2.4322,54.23323
Eileen Albers,943afa05-aaac-4426-ba0c-1ebef4e76cb7,03/03/2025,1741030495.0,03.03.25 Maintenance,201,24b45527-6319-455c-9e4f-259eaee624ba,12,1741026593.0,Forward,Rice WSOC,March,Monday,3704.0,0.0,2.85978,3704.0,4.31811,477.10524,260.92614,167.82479,163.42319,169.74227,356.46392,33.88334,14.68595,92.71825,3.25784,74.55232
Taylor Rish,81828efc-2855-4216-a0d1-6a7c9201d5a0,03/03/2025,1741030495.0,03.03.25 Maintenance,201,24b45527-6319-455c-9e4f-259eaee624ba,26,1741026593.0,Central Midfielder,Rice WSOC,March,Monday,3703.98,0.0,2.60353,3704.0,4.55648,448.4786,274.09101,180.17493,168.67627,182.2465,305.78865,30.97502,13.65711,77.95136,3.00319,68.52525
Lilly Reuscher,ad2c003d-9ca2-42b1-bc85-2440ab303b84,03/03/2025,1741030703.0,03.03.25 Maintenance,201,24b45527-6319-455c-9e4f-259eaee624ba,4,1741026593.0,Centre Back,Rice WSOC,March,Monday,3833.0,0.0,2.24,3833.0,3.50217,376.16944,247.19017,180.63382,148.15845,165.11461,243.39328,32.09137,14.58961,82.29679,2.48103,56.42984
Lauren Pickup,ae01c819-c49a-41ef-aa65-20df1a8a40a9,03/03/2025,1741030495.0,03.03.25 Maintenance,201,24b45527-6319-455c-9e4f-259eaee624ba,8,1741026593.0,Full Back,Rice WSOC,March,Monday,3704.0,0.0,2.63477,3704.0,4.39463,486.59004,304.51759,218.44898,180.26551,205.15509,328.47229,28.78969,13.0004,81.93295,3.07254,68.68656
Mariana Elizondo,c3d64405-eb5d-4fc0-a8df-06af8ad627bf,03/03/2025,1741030495.0,03.03.25 Maintenance,201,24b45527-6319-455c-9e4f-259eaee624ba,10,1741026593.0,Central Midfielder,Rice WSOC,March,Monday,3704.0,0.0,2.84824,3704.0,4.12991,597.78203,380.9171,260.05716,230.87974,257.25988,395.42417,36.72255,13.25866,74.78662,3.29034,74.2517
Dayo Tennyson,d0c5a2ec-d0d5-4ae1-bc9f-ae270bfc51e9,03/03/2025,1741030495.0,03.03.25 Maintenance,201,24b45527-6319-455c-9e4f-259eaee624ba,3,1741026593.0,Wide Midfielder,Rice WSOC,March,Monday,3704.0,0.0,2.44376,3704.0,5.03278,423.0576,243.82745,195.50813,144.70312,166.84556,306.72811,26.25804,14.9927,87.13147,2.8718,63.70708
Camille Quarterman,e710b8f7-8542-490c-80f0-c110cb9ed839,03/03/2025,1741030650.0,03.03.25 Maintenance,201,24b45527-6319-455c-9e4f-259eaee624ba,33,1741026426.0,Wide Midfielder,Rice WSOC,March,Monday,4228.98,-5.0,2.98058,4229.0,4.52086,540.40973,347.63905,276.80028,213.2944,230.57643,354.61313,36.11447,15.28347,95.33532,3.42255,68.85814
Mia Brumlow,e9141800-8f9c-4a98-8265-2ae17f48913e,03/03/2025,1741030495.0,03.03.25 Maintenance,201,24b45527-6319-455c-9e4f-259eaee624ba,13,1741026593.0,Central Midfielder,Rice WSOC,March,Monday,3704.0,0.0,2.63568,3704.0,4.02913,446.8015,264.41007,200.58149,159.2378,176.82335,320.42204,31.08846,14.14872,77.04659,3.02383,68.71026
Jordyn Mariam,f7e75558-805b-459d-b944-ec8d5a5beeac,03/03/2025,1741030650.0,03.03.25 Maintenance,201,24b45527-6319-455c-9e4f-259eaee624ba,5,1741026426.0,Central Midfielder,Rice WSOC,March,Monday,4223.98,0.0,2.70516,4224.0,4.35583,459.58804,301.32481,213.58642,191.25256,191.19343,298.05841,32.45649,14.06101,79.54234,3.15769,62.48187
Piper Biziorek,fb332127-6268-4995-a140-9076566dc702,03/03/2025,1741030495.0,03.03.25 Maintenance,201,24b45527-6319-455c-9e4f-259eaee624ba,15,1741026593.0,Central Midfielder,Rice WSOC,March,Monday,3704.0,0.0,3.35542,3704.0,4.07803,539.02393,291.80936,185.02685,0.0,291.80948,393.07297,51.43905,13.93158,77.32627,3.99933,87.47346
Camille Quarterman,e710b8f7-8542-490c-80f0-c110cb9ed839,02/27/2025,1740692810.0,27.02.25 Fitness,201,5e8047cf-86aa-42ba-a0a6-b5681bd65abd,33,1740689107.0,Wide Midfielder,Rice WSOC,February,Thursday,3584.0,0.0,2.82922,3584.0,4.6034,501.46362,312.72919,238.12693,192.6074,206.13288,340.13832,32.69086,17.82937,108.14605,3.31018,76.22527
Jordyn Mariam,f7e75558-805b-459d-b944-ec8d5a5beeac,02/27/2025,1740692810.0,27.02.25 Fitness,201,5e8047cf-86aa-42ba-a0a6-b5681bd65abd,5,1740689107.0,Central Midfielder,Rice WSOC,February,Thursday,3584.0,0.0,2.7226,3584.0,5.46408,505.12773,322.83544,244.20709,196.85204,213.90113,330.36087,30.27163,15.35574,90.08264,3.13116,73.35267
Bailey Peek,1d2f6fbf-8215-4ae2-ae70-ed9d981fcd85,02/27/2025,1740692810.0,27.02.25 Fitness,201,5e8047cf-86aa-42ba-a0a6-b5681bd65abd,6,1740689107.0,Centre Back,Rice WSOC,February,Thursday,3584.0,0.0,2.76182,3584.0,3.83858,467.56129,283.51046,222.5671,159.55498,198.34652,326.64468,30.20061,15.81888,75.25766,3.12621,74.40944
Kallie Mckinney,41be207d-131f-472d-a349-6832380579b4,02/27/2025,1740691007.0,27.02.25 Fitness,201,5e8047cf-86aa-42ba-a0a6-b5681bd65abd,27,1740689107.0,Central Midfielder,Rice WSOC,February,Thursday,1844.0,0.0,0.92925,1844.0,3.16412,206.75353,184.40178,146.61682,90.53904,140.88608,68.61585,5.86841,13.30097,97.34627,1.11837,48.65984
Kenna Sanders,457dc155-bdf2-48cc-8a59-2f0b4ec42ae2,02/27/2025,1740692810.0,27.02.25 Fitness,201,5e8047cf-86aa-42ba-a0a6-b5681bd65abd,18,1740689107.0,Forward,Rice WSOC,February,Thursday,3584.0,0.0,2.92156,3584.0,4.81334,679.82436,443.40743,289.71022,258.03308,303.15415,432.64252,36.44494,13.36089,64.97202,3.32152,78.71309
Carsyn Martz,5ec6f0de-aa33-44a6-9b7e-676076c27478,02/27/2025,1740692810.0,27.02.25 Fitness,201,5e8047cf-86aa-42ba-a0a6-b5681bd65abd,20,1740689107.0,Full Back,Rice WSOC,February,Thursday,3584.0,0.0,2.71957,3584.0,4.21335,442.43369,253.35607,194.28248,152.29116,169.18599,323.11894,31.47501,15.66431,96.16495,3.09439,73.27107
Sophie Zhang,713ce913-8f9b-41cb-b395-b08e3e69186f,02/27/2025,1740692810.0,27.02.25 Fitness,201,5e8047cf-86aa-42ba-a0a6-b5681bd65abd,9,1740689107.0,Forward,Rice WSOC,February,Thursday,3584.0,0.0,2.73118,3584.0,4.40243,585.11894,389.76144,294.10537,218.91136,272.2644,368.95077,29.32166,15.74805,91.20406,3.16405,73.58396
Megan Sweeney,76ec7312-9b6e-4355-a747-4de0c8e2d8b9,02/27/2025,1740692810.0,27.02.25 Fitness,201,5e8047cf-86aa-42ba-a0a6-b5681bd65abd,30,1740689107.0,Goalkeeper,Rice WSOC,February,Thursday,3584.0,0.0,2.20083,3584.0,7.22515,379.47236,240.90078,231.93876,162.93605,143.9203,253.91556,18.65511,14.96573,79.9187,2.54459,59.29503
Taylor Rish,81828efc-2855-4216-a0d1-6a7c9201d5a0,02/27/2025,1740692810.0,27.02.25 Fitness,201,5e8047cf-86aa-42ba-a0a6-b5681bd65abd,26,1740689107.0,Central Midfielder,Rice WSOC,February,Thursday,3584.0,0.0,2.58304,3584.0,5.01827,450.95895,264.28842,201.22364,157.45374,178.23905,319.57329,29.70039,15.17883,100.93443,2.9467,69.59267
Betty Velkova,8b0cb352-4da9-4349-b147-77a3736ea957,02/27/2025,1740692810.0,27.02.25 Fitness,201,5e8047cf-86aa-42ba-a0a6-b5681bd65abd,19,1740689107.0,Central Midfielder,Rice WSOC,February,Thursday,3584.0,0.0,2.89909,3584.0,4.83527,561.5862,334.69829,220.79462,211.27099,211.72919,397.91699,35.96794,15.59948,76.81631,3.31391,78.10768
Eileen Albers,943afa05-aaac-4426-ba0c-1ebef4e76cb7,02/27/2025,1740692810.0,27.02.25 Fitness,201,5e8047cf-86aa-42ba-a0a6-b5681bd65abd,12,1740689107.0,Forward,Rice WSOC,February,Thursday,3584.0,0.0,2.67411,3584.0,4.4617,449.95095,240.45066,198.80163,148.4191,157.86306,339.53964,30.92914,15.77679,94.84526,3.08262,72.04632
Kirsten Ruf,9a8fba27-951b-4253-aac1-ae31800ac075,02/27/2025,1740692810.0,27.02.25 Fitness,201,5e8047cf-86aa-42ba-a0a6-b5681bd65abd,22,1740689107.0,Goalkeeper,Rice WSOC,February,Thursday,3584.0,0.0,2.01037,3584.0,5.13498,347.51424,219.10329,211.95014,137.83065,140.8539,233.8988,13.29102,16.28884,81.95102,2.35094,54.16375
Lilly Reuscher,ad2c003d-9ca2-42b1-bc85-2440ab303b84,02/27/2025,1740691007.0,27.02.25 Fitness,201,5e8047cf-86aa-42ba-a0a6-b5681bd65abd,29,1740689107.0,Centre Back,Rice WSOC,February,Thursday,1844.0,0.0,0.8716,1844.0,4.25243,174.78027,106.39411,122.69709,63.43861,71.36107,121.72361,5.88987,16.02232,83.85254,1.03692,45.64097
Lauren Pickup,ae01c819-c49a-41ef-aa65-20df1a8a40a9,02/27/2025,1740692810.0,27.02.25 Fitness,201,5e8047cf-86aa-42ba-a0a6-b5681bd65abd,8,1740689107.0,Full Back,Rice WSOC,February,Thursday,3584.0,0.0,2.75281,3584.0,3.38573,500.04001,305.30828,236.92359,180.42525,206.98793,345.68369,32.28656,14.93096,97.23668,3.17186,74.1667
Mariana Elizondo,c3d64405-eb5d-4fc0-a8df-06af8ad627bf,02/27/2025,1740692810.0,27.02.25 Fitness,201,5e8047cf-86aa-42ba-a0a6-b5681bd65abd,10,1740689107.0,Central Midfielder,Rice WSOC,February,Thursday,3584.0,0.0,3.00053,3584.0,6.00455,663.31305,420.05443,269.22277,251.9791,286.83366,440.95584,41.49422,15.03144,81.04457,3.46081,80.84064
Dayo Tennyson,d0c5a2ec-d0d5-4ae1-bc9f-ae270bfc51e9,02/27/2025,1740692810.0,27.02.25 Fitness,201,5e8047cf-86aa-42ba-a0a6-b5681bd65abd,35,1740689107.0,Wide Midfielder,Rice WSOC,February,Thursday,3584.0,0.0,2.57297,3584.0,5.741,516.32988,305.83938,261.89407,175.60374,211.53439,355.87194,27.87115,16.40051,107.69094,3.03391,69.32143
Piper Biziorek,fb332127-6268-4995-a140-9076566dc702,02/27/2025,1740692810.0,27.02.25 Fitness,201,5e8047cf-86aa-42ba-a0a6-b5681bd65abd,15,1740689107.0,Central Midfielder,Rice WSOC,February,Thursday,3584.0,0.0,3.34081,3584.0,4.57689,520.20131,264.92159,178.14136,0.0008,264.9216,390.58933,50.10285,16.13472,95.95479,3.95514,90.00856
Mia Brumlow,e9141800-8f9c-4a98-8265-2ae17f48913e,02/27/2025,1740692810.0,27.02.25 Fitness,201,5e8047cf-86aa-42ba-a0a6-b5681bd65abd,13,1740689107.0,Central Midfielder,Rice WSOC,February,Thursday,3584.0,0.0,2.60368,3584.0,4.2299,460.37015,268.57888,213.13488,162.06662,179.84229,332.98514,29.11358,15.39273,92.36268,3.00165,70.14885
Camille Quarterman,e710b8f7-8542-490c-80f0-c110cb9ed839,02/25/2025,1740520122.0,25.02.25 Maintenance,201,12dd2edf-ae67-463e-8737-e262fc617aca,33,1740516287.0,Wide Midfielder,Rice WSOC,February,Tuesday,3753.0,0.0,2.69083,3753.0,4.28371,462.83978,285.06418,216.54377,175.64996,188.07705,319.55068,33.26158,16.71383,100.15692,3.10613,69.23211
Piper Biziorek,fb332127-6268-4995-a140-9076566dc702,02/25/2025,1740520122.0,25.02.25 Maintenance,201,12dd2edf-ae67-463e-8737-e262fc617aca,15,1740516287.0,Central Midfielder,Rice WSOC,February,Tuesday,3753.0,0.0,2.83416,3753.0,3.38402,422.14452,214.77259,160.6626,0.00495,214.77185,316.54879,38.58001,15.65577,79.86536,3.31285,72.91985
Jordyn Mariam,f7e75558-805b-459d-b944-ec8d5a5beeac,02/25/2025,1740520122.0,25.02.25 Maintenance,201,12dd2edf-ae67-463e-8737-e262fc617aca,5,1740517600.0,Central Midfielder,Rice WSOC,February,Tuesday,2460.98,0.0,1.66944,2461.0,5.35429,327.64558,213.15935,150.45967,122.14835,148.00023,208.32434,18.27583,13.96327,60.20584,1.89725,66.47528
Bailey Peek,1d2f6fbf-8215-4ae2-ae70-ed9d981fcd85,02/25/2025,1740520122.0,25.02.25 Maintenance,201,12dd2edf-ae67-463e-8737-e262fc617aca,6,1740516287.0,Centre Back,Rice WSOC,February,Tuesday,3753.0,0.0,2.76768,3753.0,3.94254,473.8391,302.08567,227.05604,164.22929,217.04962,308.33018,31.79544,14.87295,68.54475,3.07381,71.20937
Kenna Sanders,457dc155-bdf2-48cc-8a59-2f0b4ec42ae2,02/25/2025,1740520122.0,25.02.25 Maintenance,201,12dd2edf-ae67-463e-8737-e262fc617aca,18,1740516287.0,Forward,Rice WSOC,February,Tuesday,3753.0,0.0,2.74295,3753.0,5.60089,629.7619,418.97538,301.85433,255.87399,271.281,393.52972,35.63538,13.96802,66.89105,3.10313,70.57306
Sophie Zhang,713ce913-8f9b-41cb-b395-b08e3e69186f,02/25/2025,1740520122.0,25.02.25 Maintenance,201,12dd2edf-ae67-463e-8737-e262fc617aca,9,1740516287.0,Forward,Rice WSOC,February,Tuesday,3752.99,0.0,2.03381,3753.0,6.3059,439.26459,291.22905,256.77824,163.0522,203.25429,276.67072,18.59464,15.30543,82.31214,2.34721,52.87805
Megan Sweeney,76ec7312-9b6e-4355-a747-4de0c8e2d8b9,02/25/2025,1740520122.0,25.02.25 Maintenance,201,12dd2edf-ae67-463e-8737-e262fc617aca,30,1740516287.0,Goalkeeper,Rice WSOC,February,Tuesday,3753.0,0.0,2.15394,3753.0,6.29327,402.05052,256.88733,258.94624,167.68338,159.72408,266.8131,18.31068,15.00829,70.36763,2.48547,55.41859
Taylor Rish,81828efc-2855-4216-a0d1-6a7c9201d5a0,02/25/2025,1740520122.0,25.02.25 Maintenance,201,12dd2edf-ae67-463e-8737-e262fc617aca,26,1740516287.0,Central Midfielder,Rice WSOC,February,Tuesday,3753.0,0.0,2.38104,3753.0,4.52264,410.22989,234.17012,191.39931,132.1326,164.55329,292.71106,21.77354,14.49519,75.65839,2.74308,61.26171
Leah Chancey,85ed14d3-34f0-42fc-8477-c03064e998f4,02/25/2025,1740520122.0,25.02.25 Maintenance,201,12dd2edf-ae67-463e-8737-e262fc617aca,23,1740516287.0,Central Midfielder,Rice WSOC,February,Tuesday,3753.0,0.0,2.00025,3753.0,4.9852,348.03474,207.89216,191.24213,121.70168,141.21623,241.47843,18.09485,14.81205,73.4743,2.22623,51.46429
Betty Velkova,8b0cb352-4da9-4349-b147-77a3736ea957,02/25/2025,1740520122.0,25.02.25 Maintenance,201,12dd2edf-ae67-463e-8737-e262fc617aca,19,1740516287.0,Central Midfielder,Rice WSOC,February,Tuesday,3753.0,0.0,2.84693,3753.0,6.96059,555.73425,329.66109,256.08097,204.80837,213.73791,392.46121,29.35923,15.39395,77.69247,3.20634,73.24833
Eileen Albers,943afa05-aaac-4426-ba0c-1ebef4e76cb7,02/25/2025,1740520122.0,25.02.25 Maintenance,201,12dd2edf-ae67-463e-8737-e262fc617aca,12,1740516287.0,Forward,Rice WSOC,February,Tuesday,3753.0,0.0,2.44091,3753.0,4.66527,440.13921,247.59844,192.8698,155.3842,160.28696,325.43585,26.31954,16.13915,92.31487,2.80705,62.80203
Kirsten Ruf,9a8fba27-951b-4253-aac1-ae31800ac075,02/25/2025,1740520122.0,25.02.25 Maintenance,201,12dd2edf-ae67-463e-8737-e262fc617aca,22,1740516287.0,Goalkeeper,Rice WSOC,February,Tuesday,3753.0,0.0,2.02048,3753.0,5.73088,376.81114,236.16033,239.41376,145.2045,155.71162,254.00145,14.095,15.33657,72.73972,2.36036,51.9847
Lilly Reuscher,ad2c003d-9ca2-42b1-bc85-2440ab303b84,02/25/2025,1740520122.0,25.02.25 Maintenance,201,12dd2edf-ae67-463e-8737-e262fc617aca,29,1740516287.0,Centre Back,Rice WSOC,February,Tuesday,3753.0,0.0,2.21747,3753.0,3.82259,397.82428,241.90735,205.02859,132.17692,172.97606,277.58935,19.0007,15.83053,80.38129,2.5194,57.05306
Lauren Pickup,ae01c819-c49a-41ef-aa65-20df1a8a40a9,02/25/2025,1740520122.0,25.02.25 Maintenance,201,12dd2edf-ae67-463e-8737-e262fc617aca,8,1740516287.0,Full Back,Rice WSOC,February,Tuesday,3753.0,0.0,2.51321,3753.0,3.73534,460.03799,286.59381,240.80888,162.06515,199.41576,313.77511,26.69157,15.27809,77.70414,2.82614,64.66223
Mariana Elizondo,c3d64405-eb5d-4fc0-a8df-06af8ad627bf,02/25/2025,1740520122.0,25.02.25 Maintenance,201,12dd2edf-ae67-463e-8737-e262fc617aca,10,1740516287.0,Central Midfielder,Rice WSOC,February,Tuesday,3753.0,0.0,2.59444,3753.0,3.94881,484.96706,268.62005,218.94728,166.5561,175.40739,356.62021,29.25072,14.78157,78.67757,2.96232,66.75215
Dayo Tennyson,d0c5a2ec-d0d5-4ae1-bc9f-ae270bfc51e9,02/25/2025,1740520122.0,25.02.25 Maintenance,201,12dd2edf-ae67-463e-8737-e262fc617aca,35,1740516287.0,Wide Midfielder,Rice WSOC,February,Tuesday,3753.0,0.0,2.26339,3753.0,4.43037,458.10721,281.95797,246.56625,159.50382,198.04675,308.1823,23.40396,15.35598,91.94678,2.59166,58.2347
Mia Brumlow,e9141800-8f9c-4a98-8265-2ae17f48913e,02/25/2025,1740520122.0,25.02.25 Maintenance,201,12dd2edf-ae67-463e-8737-e262fc617aca,13,1740516287.0,Central Midfielder,Rice WSOC,February,Tuesday,3753.0,0.0,2.61679,3753.0,5.05216,443.9191,254.7383,192.0087,152.93295,170.63649,325.10853,26.80362,15.25049,81.22244,3.00023,67.32726
Carsyn Martz,5ec6f0de-aa33-44a6-9b7e-676076c27478,02/25/2025,1740520122.0,25.02.25 Maintenance,201,12dd2edf-ae67-463e-8737-e262fc617aca,20,1740516287.0,Full Back,Rice WSOC,February,Tuesday,3753.0,0.0,2.65614,3753.0,4.03136,416.2373,237.42694,205.64407,138.6436,162.00192,303.556,25.74838,14.86368,75.7729,2.96402,68.33973
Betty Velkova,8b0cb352-4da9-4349-b147-77a3736ea957,02/20/2025,1740086821.0,20.02.25 Maintenance,201,4bbbe0fd-1e71-4a97-8021-470ef130e902,19,1740085709.0,Central Midfielder,Rice WSOC,February,Thursday,1111.98,0.0,0.41478,1112.0,4.5863,102.82288,63.16855,42.76958,39.23672,40.93921,70.39139,5.54647,11.55274,55.00354,0.49931,37.71999
Bailey Peek,1d2f6fbf-8215-4ae2-ae70-ed9d981fcd85,02/20/2025,1740086821.0,20.02.25 Maintenance,201,4bbbe0fd-1e71-4a97-8021-470ef130e902,6,1740084532.0,Centre Back,Rice WSOC,February,Thursday,2213.0,0.0,1.88341,2213.0,3.20429,323.38671,197.96632,164.79862,111.94246,139.08655,218.29133,20.11054,14.66725,65.71705,2.13021,82.17948
Kallie Mckinney,41be207d-131f-472d-a349-6832380579b4,02/20/2025,1740086828.0,20.02.25 Maintenance,201,4bbbe0fd-1e71-4a97-8021-470ef130e902,27,1740084532.0,Central Midfielder,Rice WSOC,February,Thursday,2293.0,0.0,2.53535,2293.0,3.55254,400.80548,257.72222,72.44952,197.9547,125.76151,262.66008,45.73878,10.33567,43.85781,2.57626,106.76625
Carsyn Martz,5ec6f0de-aa33-44a6-9b7e-676076c27478,02/20/2025,1740086821.0,20.02.25 Maintenance,201,4bbbe0fd-1e71-4a97-8021-470ef130e902,20,1740084532.0,Full Back,Rice WSOC,February,Thursday,2213.0,0.0,1.71956,2213.0,4.22264,275.84284,159.50668,141.71062,94.75266,107.90633,199.93972,18.59956,15.15131,66.45403,2.00049,75.03007
Sophie Zhang,713ce913-8f9b-41cb-b395-b08e3e69186f,02/20/2025,1740086821.0,20.02.25 Maintenance,201,4bbbe0fd-1e71-4a97-8021-470ef130e902,9,1740084532.0,Forward,Rice WSOC,February,Thursday,2213.0,0.0,1.53742,2213.0,4.08639,276.22939,165.05555,149.63767,101.39969,108.24037,193.547,17.62889,15.35532,78.17599,1.81926,67.08296
Megan Sweeney,76ec7312-9b6e-4355-a747-4de0c8e2d8b9,02/20/2025,1740086821.0,20.02.25 Maintenance,201,4bbbe0fd-1e71-4a97-8021-470ef130e902,0,1740084532.0,Goalkeeper,Rice WSOC,February,Thursday,2213.0,0.0,1.38206,2213.0,5.16503,254.60187,162.25355,179.55286,105.13623,101.33092,168.42975,11.09346,15.01718,98.18497,1.61138,60.30399
Taylor Rish,81828efc-2855-4216-a0d1-6a7c9201d5a0,02/20/2025,1740086821.0,20.02.25 Maintenance,201,4bbbe0fd-1e71-4a97-8021-470ef130e902,26,1740084532.0,Central Midfielder,Rice WSOC,February,Thursday,2213.0,0.0,1.48201,2213.0,5.44391,268.3516,160.95703,147.03099,93.30249,111.38942,187.67963,15.19873,14.64935,73.67912,1.73785,64.6649
Piper Biziorek,fb332127-6268-4995-a140-9076566dc702,02/20/2025,1740086821.0,20.02.25 Maintenance,201,4bbbe0fd-1e71-4a97-8021-470ef130e902,15,1740084532.0,Central Midfielder,Rice WSOC,February,Thursday,2213.0,0.0,2.04838,2213.0,3.54796,391.68942,202.72528,170.95299,0.0,202.72559,292.20191,24.44749,15.71956,83.41956,2.46761,89.37761
Jordyn Mariam,f7e75558-805b-459d-b944-ec8d5a5beeac,02/20/2025,1740086821.0,20.02.25 Maintenance,201,4bbbe0fd-1e71-4a97-8021-470ef130e902,5,1740084532.0,Central Midfielder,Rice WSOC,February,Thursday,2213.0,0.0,1.64271,2213.0,4.48025,284.26054,166.64736,151.66393,105.74922,106.05073,201.62807,16.73491,15.5358,79.05595,1.88374,71.67701
Mia Brumlow,e9141800-8f9c-4a98-8265-2ae17f48913e,02/20/2025,1740086821.0,20.02.25 Maintenance,201,4bbbe0fd-1e71-4a97-8021-470ef130e902,13,1740084532.0,Central Midfielder,Rice WSOC,February,Thursday,2213.0,0.0,1.61522,2213.0,3.54916,248.4869,141.2006,134.87814,86.93525,92.07546,183.61003,14.74302,15.45633,76.52018,1.88232,70.47739
Camille Quarterman,e710b8f7-8542-490c-80f0-c110cb9ed839,02/20/2025,1740086821.0,20.02.25 Maintenance,201,4bbbe0fd-1e71-4a97-8021-470ef130e902,33,1740084532.0,Wide Midfielder,Rice WSOC,February,Thursday,2213.0,0.0,1.86563,2213.0,3.73676,273.89103,166.83659,138.88718,107.54489,105.68588,191.38628,21.43514,17.3372,90.93707,2.20987,81.40371
Dayo Tennyson,d0c5a2ec-d0d5-4ae1-bc9f-ae270bfc51e9,02/20/2025,1740086821.0,20.02.25 Maintenance,201,4bbbe0fd-1e71-4a97-8021-470ef130e902,3,1740084532.0,Wide Midfielder,Rice WSOC,February,Thursday,2213.0,0.0,1.53858,2213.0,4.76537,308.04546,178.27922,170.6762,105.28488,122.18304,218.45406,16.33806,15.51228,82.49634,1.79427,67.13334
Lilly Reuscher,ad2c003d-9ca2-42b1-bc85-2440ab303b84,02/20/2025,1740086828.0,20.02.25 Maintenance,201,4bbbe0fd-1e71-4a97-8021-470ef130e902,4,1740084532.0,Centre Back,Rice WSOC,February,Thursday,2293.0,0.0,1.56491,2293.0,2.80389,198.46135,118.84968,94.31453,72.69109,78.35126,140.28826,17.87729,13.62427,52.99099,1.62884,65.90005
Kirsten Ruf,9a8fba27-951b-4253-aac1-ae31800ac075,02/20/2025,1740086821.0,20.02.25 Maintenance,201,4bbbe0fd-1e71-4a97-8021-470ef130e902,22,1740084532.0,Goalkeeper,Rice WSOC,February,Thursday,2213.0,0.0,1.15452,2213.0,6.0201,208.77975,134.78653,153.9639,81.07763,90.1695,135.8839,7.92449,15.03049,68.7807,1.3733,50.37552
Eileen Albers,943afa05-aaac-4426-ba0c-1ebef4e76cb7,02/20/2025,1740086821.0,20.02.25 Maintenance,201,4bbbe0fd-1e71-4a97-8021-470ef130e902,12,1740084532.0,Forward,Rice WSOC,February,Thursday,2213.0,0.0,1.64582,2213.0,4.15941,288.70993,158.90297,134.45125,100.82525,102.35038,213.82475,18.77659,15.81889,91.79725,1.90258,71.81247
Leah Chancey,85ed14d3-34f0-42fc-8477-c03064e998f4,02/20/2025,1740086821.0,20.02.25 Maintenance,201,4bbbe0fd-1e71-4a97-8021-470ef130e902,23,1740084532.0,Central Midfielder,Rice WSOC,February,Thursday,2213.0,0.0,1.56705,2213.0,3.29274,234.04465,137.90077,141.13,83.86231,90.95919,165.72409,14.36287,14.01397,65.96593,1.75158,68.37576
Lilly Reuscher,ad2c003d-9ca2-42b1-bc85-2440ab303b84,02/11/2025,1739310563.0,11.02.25 Maintenance,201,77d8938e-4e57-447e-b2e3-0962880660ce,29,1739306873.0,Centre Back,Rice WSOC,February,Tuesday,3489.0,0.0,2.30713,3489.0,4.28982,409.53458,257.0094,193.24334,149.05752,176.07194,276.53452,23.20741,17.39684,71.21254,2.62379,63.85142
Kirsten Ruf,9a8fba27-951b-4253-aac1-ae31800ac075,02/11/2025,1739310563.0,11.02.25 Maintenance,201,77d8938e-4e57-447e-b2e3-0962880660ce,22,1739306873.0,Goalkeeper,Rice WSOC,February,Tuesday,3489.0,0.0,1.83944,3489.0,6.60848,303.12923,196.80249,210.21653,120.18138,130.6729,196.6208,12.90091,17.14007,64.14324,2.10823,50.90784
Betty Velkova,8b0cb352-4da9-4349-b147-77a3736ea957,02/11/2025,1739310563.0,11.02.25 Maintenance,201,77d8938e-4e57-447e-b2e3-0962880660ce,19,1739306873.0,Central Midfielder,Rice WSOC,February,Tuesday,3489.0,0.0,2.48474,3489.0,4.93517,461.73662,271.72797,201.45554,168.50716,175.12515,327.60475,31.295,16.94549,70.6556,2.82325,68.76714
Jordyn Mariam,f7e75558-805b-459d-b944-ec8d5a5beeac,02/11/2025,1739310563.0,11.02.25 Maintenance,201,77d8938e-4e57-447e-b2e3-0962880660ce,5,1739308008.0,Central Midfielder,Rice WSOC,February,Tuesday,2356.0,0.0,1.61279,2356.0,4.2111,237.26952,133.29953,102.60454,81.25714,88.3694,174.87837,16.20507,14.07641,70.79746,1.83813,66.1002
Mia Brumlow,e9141800-8f9c-4a98-8265-2ae17f48913e,02/11/2025,1739310563.0,11.02.25 Maintenance,201,77d8938e-4e57-447e-b2e3-0962880660ce,13,1739306873.0,Central Midfielder,Rice WSOC,February,Tuesday,3489.0,0.0,2.38876,3489.0,5.20368,396.89721,233.82421,170.34517,143.62403,153.2824,284.75224,26.58835,17.28224,81.83037,2.71642,66.11058
Camille Quarterman,e710b8f7-8542-490c-80f0-c110cb9ed839,02/11/2025,1739310563.0,11.02.25 Maintenance,201,77d8938e-4e57-447e-b2e3-0962880660ce,33,1739306873.0,Wide Midfielder,Rice WSOC,February,Tuesday,3489.0,0.0,2.49446,3489.0,4.49042,425.49931,270.83517,207.99336,164.93961,180.41628,282.20036,28.03664,18.20144,88.96627,2.90797,69.03596
Dayo Tennyson,d0c5a2ec-d0d5-4ae1-bc9f-ae270bfc51e9,02/11/2025,1739310563.0,11.02.25 Maintenance,201,77d8938e-4e57-447e-b2e3-0962880660ce,35,1739306873.0,Wide Midfielder,Rice WSOC,February,Tuesday,3489.0,0.0,2.24308,3489.0,5.2574,443.1249,273.74843,227.5744,163.71484,184.3125,296.40106,20.26327,17.71799,93.71984,2.56456,62.07897
Mariana Elizondo,c3d64405-eb5d-4fc0-a8df-06af8ad627bf,02/11/2025,1739310563.0,11.02.25 Maintenance,201,77d8938e-4e57-447e-b2e3-0962880660ce,10,1739306873.0,Central Midfielder,Rice WSOC,February,Tuesday,3489.0,0.0,2.55336,3489.0,3.97296,502.74078,311.76849,223.96273,191.90709,204.75851,341.24358,33.61282,15.91596,84.11252,2.90426,70.66606
Lauren Pickup,ae01c819-c49a-41ef-aa65-20df1a8a40a9,02/11/2025,1739310563.0,11.02.25 Maintenance,201,77d8938e-4e57-447e-b2e3-0962880660ce,8,1739306873.0,Full Back,Rice WSOC,February,Tuesday,3489.0,0.0,2.51552,3489.0,3.77566,439.37891,263.9262,217.19059,152.116,181.22081,308.18121,27.47835,16.55628,72.78213,2.8828,69.6189
Eileen Albers,943afa05-aaac-4426-ba0c-1ebef4e76cb7,02/11/2025,1739310563.0,11.02.25 Maintenance,201,77d8938e-4e57-447e-b2e3-0962880660ce,12,1739306873.0,Forward,Rice WSOC,February,Tuesday,3489.0,0.0,2.4169,3489.0,5.12498,446.1693,254.94498,192.46781,159.86433,165.93966,321.46257,24.91572,17.80311,84.73191,2.73121,66.8896
Jules Johnston,931babc9-289c-47bf-970a-22d756ac9f5a,02/11/2025,1739310563.0,11.02.25 Maintenance,201,77d8938e-4e57-447e-b2e3-0962880660ce,25,1739306873.0,Forward,Rice WSOC,February,Tuesday,3489.0,0.0,2.37513,3489.0,4.36225,457.71885,295.49527,210.96146,178.62345,195.65184,300.80459,24.3151,16.89174,67.01833,2.65776,65.73352
Leah Chancey,85ed14d3-34f0-42fc-8477-c03064e998f4,02/11/2025,1739310563.0,11.02.25 Maintenance,201,77d8938e-4e57-447e-b2e3-0962880660ce,23,1739306873.0,Central Midfielder,Rice WSOC,February,Tuesday,3489.0,0.0,2.50232,3489.0,4.66581,393.81686,232.74349,171.36281,134.51119,159.51223,276.07916,29.09155,15.69565,69.76086,2.76767,69.25354
Taylor Rish,81828efc-2855-4216-a0d1-6a7c9201d5a0,02/11/2025,1739310563.0,11.02.25 Maintenance,201,77d8938e-4e57-447e-b2e3-0962880660ce,26,1739306873.0,Central Midfielder,Rice WSOC,February,Tuesday,3489.0,0.0,2.23348,3489.0,6.06519,381.43138,235.09541,183.57895,142.03339,157.47666,262.02532,21.16468,17.02281,84.40327,2.56368,61.81324
Megan Sweeney,76ec7312-9b6e-4355-a747-4de0c8e2d8b9,02/11/2025,1739310563.0,11.02.25 Maintenance,201,77d8938e-4e57-447e-b2e3-0962880660ce,30,1739306873.0,Goalkeeper,Rice WSOC,February,Tuesday,3489.0,0.0,2.02554,3489.0,6.47741,335.27734,216.78674,230.64305,144.72756,131.52651,219.61773,16.67794,16.55748,68.6628,2.30333,56.05827
Sophie Zhang,713ce913-8f9b-41cb-b395-b08e3e69186f,02/11/2025,1739310563.0,11.02.25 Maintenance,201,77d8938e-4e57-447e-b2e3-0962880660ce,9,1739306873.0,Forward,Rice WSOC,February,Tuesday,3489.0,0.0,2.52237,3489.0,4.62456,507.35205,310.76945,217.34343,188.21033,207.04354,347.90982,28.03891,16.09598,80.41294,2.86798,69.80834
Carsyn Martz,5ec6f0de-aa33-44a6-9b7e-676076c27478,02/11/2025,1739310563.0,11.02.25 Maintenance,201,77d8938e-4e57-447e-b2e3-0962880660ce,20,1739306873.0,Full Back,Rice WSOC,February,Tuesday,3489.0,0.0,2.34698,3489.0,5.63768,372.7933,222.44177,181.56441,128.6509,152.15147,261.5104,25.26354,17.25693,69.74455,2.63464,64.95435
Kallie Mckinney,41be207d-131f-472d-a349-6832380579b4,02/11/2025,1739308451.0,11.02.25 Maintenance,201,77d8938e-4e57-447e-b2e3-0962880660ce,27,1739306873.0,Central Midfielder,Rice WSOC,February,Tuesday,1576.0,0.0,0.60331,1576.0,3.0475,103.07761,89.92336,77.815,43.05888,69.98566,37.00764,3.44602,11.47787,46.48405,0.66515,36.96468
Bailey Peek,1d2f6fbf-8215-4ae2-ae70-ed9d981fcd85,02/11/2025,1739310563.0,11.02.25 Maintenance,201,77d8938e-4e57-447e-b2e3-0962880660ce,6,1739306873.0,Centre Back,Rice WSOC,February,Tuesday,3489.0,0.0,2.54859,3489.0,3.74924,425.38653,269.59902,200.92395,150.63399,190.62019,278.9754,28.17589,15.78836,67.66216,2.85217,70.53404
Piper Biziorek,fb332127-6268-4995-a140-9076566dc702,02/11/2025,1739310563.0,11.02.25 Maintenance,201,77d8938e-4e57-447e-b2e3-0962880660ce,15,1739306873.0,Central Midfielder,Rice WSOC,February,Tuesday,3489.0,0.0,2.95296,3489.0,4.16528,427.5886,215.85957,143.64303,0.0,215.85967,322.11487,39.80699,16.53753,85.05415,3.37779,81.72535
Kallie Mckinney,41be207d-131f-472d-a349-6832380579b4,02/04/2025,1738703524.0,2.4.25 Maintenance,201,88ec7d6d-3388-4390-b8b4-dbab4626c170,27,1738701905.0,Central Midfielder,Rice WSOC,February,Tuesday,1618.0,0.0,0.87718,1618.0,2.6823,151.04817,88.01546,90.32013,56.32094,54.92879,108.32859,7.35563,11.1576,47.23495,0.94215,52.34911
Kenna Sanders,457dc155-bdf2-48cc-8a59-2f0b4ec42ae2,02/04/2025,1738705413.0,2.4.25 Maintenance,201,88ec7d6d-3388-4390-b8b4-dbab4626c170,18,1738701905.0,Forward,Rice WSOC,February,Tuesday,3168.0,0.0,2.03545,3168.0,4.47358,400.33685,249.46512,197.68729,145.31591,170.55417,267.54722,21.63125,15.00682,65.16561,2.28772,62.04053
Sophie Zhang,713ce913-8f9b-41cb-b395-b08e3e69186f,02/04/2025,1738705413.0,2.4.25 Maintenance,201,88ec7d6d-3388-4390-b8b4-dbab4626c170,9,1738701905.0,Forward,Rice WSOC,February,Tuesday,3168.0,0.0,2.02166,3168.0,4.66757,391.63877,238.86063,185.21487,141.51746,162.15419,271.21759,18.71556,15.9489,87.54474,2.31449,61.62023
Bailey Peek,1d2f6fbf-8215-4ae2-ae70-ed9d981fcd85,02/04/2025,1738705413.0,2.4.25 Maintenance,201,88ec7d6d-3388-4390-b8b4-dbab4626c170,6,1738701905.0,Centre Back,Rice WSOC,February,Tuesday,3177.0,0.0,2.16207,3177.0,4.23329,391.60112,246.47446,202.68915,139.07719,172.63175,257.03259,20.68726,16.93264,86.9482,2.4704,65.71313
Taylor Rish,81828efc-2855-4216-a0d1-6a7c9201d5a0,02/04/2025,1738705413.0,2.4.25 Maintenance,201,88ec7d6d-3388-4390-b8b4-dbab4626c170,26,1738701905.0,Central Midfielder,Rice WSOC,February,Tuesday,3177.0,0.0,2.00803,3177.0,5.61433,326.61909,182.27987,178.98913,105.69605,125.76803,237.50637,16.4668,16.86192,88.71109,2.2995,61.03122
Carsyn Martz,5ec6f0de-aa33-44a6-9b7e-676076c27478,02/04/2025,1738705413.0,2.4.25 Maintenance,201,88ec7d6d-3388-4390-b8b4-dbab4626c170,20,1738701905.0,Full Back,Rice WSOC,February,Tuesday,3177.0,0.0,2.07728,3177.0,4.47099,357.34074,213.82447,191.65686,124.83279,145.76252,250.91786,19.13308,16.67594,82.13889,2.35221,63.13603
Megan Sweeney,76ec7312-9b6e-4355-a747-4de0c8e2d8b9,02/04/2025,1738705413.0,2.4.25 Maintenance,201,88ec7d6d-3388-4390-b8b4-dbab4626c170,0,1738701905.0,Goalkeeper,Rice WSOC,February,Tuesday,3168.0,0.0,1.79245,3168.0,6.68052,332.92111,216.74441,225.6834,145.13808,131.11429,216.62695,15.38656,16.18857,83.05739,2.05547,54.6338
Mia Brumlow,e9141800-8f9c-4a98-8265-2ae17f48913e,02/04/2025,1738705413.0,2.4.25 Maintenance,201,88ec7d6d-3388-4390-b8b4-dbab4626c170,13,1738701905.0,Central Midfielder,Rice WSOC,February,Tuesday,3177.0,0.0,1.90829,3177.0,5.6678,308.62363,179.35014,147.853,106.50529,121.22821,224.46841,17.30012,16.94562,84.50747,2.18772,57.99993
Jordyn Mariam,f7e75558-805b-459d-b944-ec8d5a5beeac,02/04/2025,1738705413.0,2.4.25 Maintenance,201,88ec7d6d-3388-4390-b8b4-dbab4626c170,5,1738701905.0,Central Midfielder,Rice WSOC,February,Tuesday,3177.0,0.0,2.32632,3177.0,4.46995,382.97569,212.40883,174.56782,126.20716,144.3051,284.60442,23.03158,15.817,89.40925,2.67621,70.70552
Betty Velkova,8b0cb352-4da9-4349-b147-77a3736ea957,02/04/2025,1738705413.0,2.4.25 Maintenance,201,88ec7d6d-3388-4390-b8b4-dbab4626c170,19,1738701905.0,Central Midfielder,Rice WSOC,February,Tuesday,3168.0,0.0,2.2338,3168.0,5.78923,438.43575,267.92349,190.9971,166.57127,172.89515,304.87278,25.32249,16.62433,70.26822,2.53087,68.08614
Jules Johnston,931babc9-289c-47bf-970a-22d756ac9f5a,02/04/2025,1738705413.0,2.4.25 Maintenance,201,88ec7d6d-3388-4390-b8b4-dbab4626c170,25,1738701905.0,Forward,Rice WSOC,February,Tuesday,3168.0,0.0,1.94929,3168.0,4.10072,319.29991,201.04092,176.1933,118.81257,135.91225,216.75076,15.28928,16.48976,78.45509,2.18881,59.41445
Eileen Albers,943afa05-aaac-4426-ba0c-1ebef4e76cb7,02/04/2025,1738705413.0,2.4.25 Maintenance,201,88ec7d6d-3388-4390-b8b4-dbab4626c170,12,1738701905.0,Forward,Rice WSOC,February,Tuesday,3168.0,0.0,1.90168,3168.0,4.23541,352.06216,203.87313,155.26368,125.71493,134.58254,254.75714,19.81933,17.94945,96.86867,2.16514,57.9633
Kirsten Ruf,9a8fba27-951b-4253-aac1-ae31800ac075,02/04/2025,1738705413.0,2.4.25 Maintenance,201,88ec7d6d-3388-4390-b8b4-dbab4626c170,22,1738701905.0,Goalkeeper,Rice WSOC,February,Tuesday,3168.0,0.0,1.60495,3168.0,7.19649,301.70521,196.38826,199.85336,119.98183,129.97439,195.00227,13.00277,16.74265,85.67548,1.90498,48.91877
Lilly Reuscher,ad2c003d-9ca2-42b1-bc85-2440ab303b84,02/04/2025,1738705413.0,2.4.25 Maintenance,201,88ec7d6d-3388-4390-b8b4-dbab4626c170,4,1738701905.0,Centre Back,Rice WSOC,February,Tuesday,3177.0,0.0,1.90254,3177.0,4.40887,342.71326,201.86949,189.18948,113.0088,142.27465,245.6724,14.86377,17.22304,94.53747,2.16533,57.82523
Lauren Pickup,ae01c819-c49a-41ef-aa65-20df1a8a40a9,02/04/2025,1738705413.0,2.4.25 Maintenance,201,88ec7d6d-3388-4390-b8b4-dbab4626c170,8,1738701905.0,Full Back,Rice WSOC,February,Tuesday,3177.0,0.0,2.15148,3177.0,3.48161,389.07079,241.24557,219.01216,140.25558,164.5088,266.15548,21.53319,16.08955,77.8556,2.43779,65.39129
Mariana Elizondo,c3d64405-eb5d-4fc0-a8df-06af8ad627bf,02/04/2025,1738705413.0,2.4.25 Maintenance,201,88ec7d6d-3388-4390-b8b4-dbab4626c170,10,1738701905.0,Central Midfielder,Rice WSOC,February,Tuesday,3168.0,0.0,2.01662,3168.0,4.91214,405.3078,242.85441,230.71959,150.78657,157.39447,281.95364,14.94486,16.0331,113.42097,2.36444,61.4667
Dayo Tennyson,d0c5a2ec-d0d5-4ae1-bc9f-ae270bfc51e9,02/04/2025,1738705413.0,2.4.25 Maintenance,201,88ec7d6d-3388-4390-b8b4-dbab4626c170,3,1738701905.0,Wide Midfielder,Rice WSOC,February,Tuesday,3168.0,0.0,1.87109,3168.0,4.40284,355.69128,215.36559,196.33528,125.70274,148.06491,243.45004,17.22252,17.75104,105.08048,2.11965,57.03072
Camille Quarterman,e710b8f7-8542-490c-80f0-c110cb9ed839,02/04/2025,1738705413.0,2.4.25 Maintenance,201,88ec7d6d-3388-4390-b8b4-dbab4626c170,33,1738701905.0,Wide Midfielder,Rice WSOC,February,Tuesday,3168.0,0.0,2.13459,3168.0,4.33338,385.81578,242.23324,198.34242,149.52962,158.27047,256.5012,21.66415,18.10597,97.5503,2.44496,65.06239
Leah Chancey,85ed14d3-34f0-42fc-8477-c03064e998f4,02/04/2025,1738705620.0,2.4.25 Maintenance,201,88ec7d6d-3388-4390-b8b4-dbab4626c170,23,1738701544.0,Central Midfielder,Rice WSOC,February,Tuesday,4075.98,0.0,2.22548,4076.0,4.21408,354.80786,213.02453,201.97458,125.05919,144.32537,246.6393,20.438,15.70984,72.25752,2.46154,53.13095
Piper Biziorek,fb332127-6268-4995-a140-9076566dc702,02/04/2025,1738705413.0,2.4.25 Maintenance,201,88ec7d6d-3388-4390-b8b4-dbab4626c170,15,1738701905.0,Central Midfielder,Rice WSOC,February,Tuesday,3168.0,0.0,2.51549,3168.0,4.21351,408.14287,267.97019,157.36042,165.99746,173.73586,265.72939,31.72904,17.04301,88.90026,2.9011,76.67222
Betty Velkova,8b0cb352-4da9-4349-b147-77a3736ea957,01/31/2025,1738353241.0,1.31.25 SSG,201,adadec26-e33b-456a-bc0c-f8780de0a865,19,1738352135.0,Central Midfielder,Rice WSOC,January,Friday,1106.0,0.0,1.11388,1106.0,4.51929,232.91835,147.61871,86.08575,92.90321,94.27781,156.16767,14.24384,11.17773,52.31763,1.27305,97.24894
Kirsten Ruf,9a8fba27-951b-4253-aac1-ae31800ac075,01/31/2025,1738353241.0,1.31.25 SSG,201,adadec26-e33b-456a-bc0c-f8780de0a865,22,1738352135.0,Goalkeeper,Rice WSOC,January,Friday,1106.0,0.0,0.90895,1106.0,3.51093,151.25688,90.56962,79.83919,53.7692,61.16591,105.57775,8.02731,12.51278,75.70994,1.03472,79.35727
Bailey Peek,1d2f6fbf-8215-4ae2-ae70-ed9d981fcd85,01/31/2025,1738353241.0,1.31.25 SSG,201,adadec26-e33b-456a-bc0c-f8780de0a865,6,1738352135.0,Centre Back,Rice WSOC,January,Friday,1106.0,0.0,0.60043,1106.0,3.68428,98.95082,60.4889,43.32356,33.80803,42.86117,68.71425,7.46991,11.45157,58.78649,0.67955,52.42156
Kenna Sanders,457dc155-bdf2-48cc-8a59-2f0b4ec42ae2,01/31/2025,1738353241.0,1.31.25 SSG,201,adadec26-e33b-456a-bc0c-f8780de0a865,18,1738352135.0,Forward,Rice WSOC,January,Friday,1106.0,0.0,0.88043,1106.0,3.42395,158.6664,95.08042,70.55587,55.56778,64.84146,112.42202,9.96504,12.12581,55.95069,1.00059,76.86701
Jessica Molina,49ee30cf-715d-49d2-bfd4-f208c806a5db,01/31/2025,1738353241.0,1.31.25 SSG,201,adadec26-e33b-456a-bc0c-f8780de0a865,16,1738352135.0,Forward,Rice WSOC,January,Friday,1106.0,0.0,0.95289,1106.0,3.70208,139.01891,80.64578,63.83335,48.96069,53.10726,100.78397,9.24157,12.71412,58.05449,1.07054,83.19277
Carsyn Martz,5ec6f0de-aa33-44a6-9b7e-676076c27478,01/31/2025,1738353241.0,1.31.25 SSG,201,adadec26-e33b-456a-bc0c-f8780de0a865,20,1738352135.0,Full Back,Rice WSOC,January,Friday,1106.0,0.0,0.93276,1106.0,4.26008,146.42284,86.10205,71.18542,50.25757,58.56619,104.00145,9.14536,11.43518,68.41701,1.06578,81.43568
Sophie Zhang,713ce913-8f9b-41cb-b395-b08e3e69186f,01/31/2025,1738353241.0,1.31.25 SSG,201,adadec26-e33b-456a-bc0c-f8780de0a865,9,1738352135.0,Forward,Rice WSOC,January,Friday,1106.0,0.0,1.05224,1106.0,4.88431,233.20877,157.24278,104.4329,94.03151,105.05873,145.28265,12.42644,13.6274,63.75112,1.21654,91.86732
Megan Sweeney,76ec7312-9b6e-4355-a747-4de0c8e2d8b9,01/31/2025,1738353241.0,1.31.25 SSG,201,adadec26-e33b-456a-bc0c-f8780de0a865,30,1738352135.0,Goalkeeper,Rice WSOC,January,Friday,1106.0,0.0,1.20188,1106.0,4.68212,219.86005,130.86181,76.7715,86.44745,80.66941,157.73092,15.73336,12.81233,61.13478,1.40219,104.93154
Taylor Rish,81828efc-2855-4216-a0d1-6a7c9201d5a0,01/31/2025,1738353241.0,1.31.25 SSG,201,adadec26-e33b-456a-bc0c-f8780de0a865,26,1738352135.0,Central Midfielder,Rice WSOC,January,Friday,1106.0,0.0,0.96439,1106.0,3.48203,139.98315,81.60107,68.30643,45.66674,57.78925,99.07542,9.48282,13.1313,76.27855,1.10165,84.19764
Jules Johnston,931babc9-289c-47bf-970a-22d756ac9f5a,01/31/2025,1738353241.0,1.31.25 SSG,201,adadec26-e33b-456a-bc0c-f8780de0a865,25,1738352135.0,Forward,Rice WSOC,January,Friday,1106.0,0.0,0.84875,1106.0,3.46496,137.72469,85.5549,69.27046,49.91419,58.64026,94.17227,10.11742,10.40761,54.46217,0.96364,74.10088
Eileen Albers,943afa05-aaac-4426-ba0c-1ebef4e76cb7,01/31/2025,1738353241.0,1.31.25 SSG,201,adadec26-e33b-456a-bc0c-f8780de0a865,12,1738352135.0,Forward,Rice WSOC,January,Friday,1106.0,0.0,1.02618,1106.0,3.9486,180.76933,105.09157,71.89406,68.18362,66.4043,130.61884,11.93361,12.41392,69.22139,1.164,89.59156
Leah Chancey,85ed14d3-34f0-42fc-8477-c03064e998f4,01/31/2025,1738353241.0,1.31.25 SSG,201,adadec26-e33b-456a-bc0c-f8780de0a865,23,1738352135.0,Central Midfielder,Rice WSOC,January,Friday,1106.0,0.0,0.89278,1106.0,3.17683,132.53979,79.97726,67.58059,47.14087,54.07964,91.60364,8.76424,11.43849,55.97949,0.99617,77.94559
Lilly Reuscher,ad2c003d-9ca2-42b1-bc85-2440ab303b84,01/31/2025,1738353241.0,1.31.25 SSG,201,adadec26-e33b-456a-bc0c-f8780de0a865,29,1738352135.0,Centre Back,Rice WSOC,January,Friday,1106.0,0.0,0.97495,1106.0,4.09772,186.66089,116.54585,81.95443,69.63021,78.55144,126.22834,10.16687,12.83832,54.46564,1.10007,85.11922
Lauren Pickup,ae01c819-c49a-41ef-aa65-20df1a8a40a9,01/31/2025,1738353241.0,1.31.25 SSG,201,adadec26-e33b-456a-bc0c-f8780de0a865,8,1738352135.0,Full Back,Rice WSOC,January,Friday,1106.0,0.0,1.09401,1106.0,2.95674,184.35741,104.81342,76.92582,59.09407,72.92776,134.25329,12.8952,10.73776,59.82742,1.2373,95.51414
Mariana Elizondo,c3d64405-eb5d-4fc0-a8df-06af8ad627bf,01/31/2025,1738353241.0,1.31.25 SSG,201,adadec26-e33b-456a-bc0c-f8780de0a865,10,1738352135.0,Central Midfielder,Rice WSOC,January,Friday,1106.0,0.0,1.14822,1106.0,3.36349,220.37503,130.8676,86.06568,80.05465,86.05339,155.28891,13.76862,12.49608,78.06746,1.33013,100.24677
Dayo Tennyson,d0c5a2ec-d0d5-4ae1-bc9f-ae270bfc51e9,01/31/2025,1738353241.0,1.31.25 SSG,201,adadec26-e33b-456a-bc0c-f8780de0a865,35,1738352135.0,Wide Midfielder,Rice WSOC,January,Friday,1106.0,0.0,0.93575,1106.0,4.07299,164.39638,95.76775,66.18729,58.01015,63.96543,117.54846,10.97167,12.49472,70.91175,1.10607,81.69646
Mia Brumlow,e9141800-8f9c-4a98-8265-2ae17f48913e,01/31/2025,1738353241.0,1.31.25 SSG,201,adadec26-e33b-456a-bc0c-f8780de0a865,13,1738352135.0,Central Midfielder,Rice WSOC,January,Friday,1106.0,0.0,1.0172,1106.0,3.78309,165.49062,97.0715,73.97308,59.11512,64.37291,119.81731,12.04225,13.45606,67.26267,1.16573,88.80803
Jordyn Mariam,f7e75558-805b-459d-b944-ec8d5a5beeac,01/31/2025,1738353241.0,1.31.25 SSG,201,adadec26-e33b-456a-bc0c-f8780de0a865,5,1738352135.0,Central Midfielder,Rice WSOC,January,Friday,1106.0,0.0,0.91414,1106.0,5.02837,155.16367,96.97844,71.06836,54.4445,68.92909,103.26791,8.76106,13.74095,76.20437,1.06633,79.80965
Piper Biziorek,fb332127-6268-4995-a140-9076566dc702,01/31/2025,1738353241.0,1.31.25 SSG,201,adadec26-e33b-456a-bc0c-f8780de0a865,15,1738352135.0,Central Midfielder,Rice WSOC,January,Friday,1106.0,0.0,1.31685,1106.0,3.74203,220.03728,144.92971,70.49415,82.89816,100.26722,142.5075,18.29212,14.17298,69.42339,1.5823,114.96918
Camille Quarterman,e710b8f7-8542-490c-80f0-c110cb9ed839,01/30/2025,1738265465.0,30.01.25 Conditioning,201,2aaf0de8-3b69-46d8-b2b0-f6c2ff16aa5c,33,1738261580.0,Wide Midfielder,Rice WSOC,January,Thursday,3884.99,0.0,1.68519,3885.0,3.56707,291.42606,195.18765,135.61327,117.61904,132.14285,184.15483,16.38636,13.69302,98.02576,2.09982,42.10252
Eileen Albers,943afa05-aaac-4426-ba0c-1ebef4e76cb7,01/30/2025,1738272911.0,30.01.25 Conditioning,201,b2764b33-6a8c-4c2d-ba6c-3ec30bc0cdab,12,1738270002.0,Forward,Rice WSOC,January,Thursday,2908.99,0.0,1.4354,2909.0,3.71641,292.15915,173.68331,110.34848,108.10108,114.0031,206.22929,13.72759,13.81112,92.22638,1.88335,47.97884
Bailey Peek,1d2f6fbf-8215-4ae2-ae70-ed9d981fcd85,01/30/2025,1738272911.0,30.01.25 Conditioning,201,b2764b33-6a8c-4c2d-ba6c-3ec30bc0cdab,6,1738270002.0,Centre Back,Rice WSOC,January,Thursday,2908.99,0.0,1.52759,2909.0,3.04842,259.26501,169.68409,105.15792,94.35764,119.84793,167.18877,15.08266,14.32616,86.3769,1.91289,51.05954
Carsyn Martz,5ec6f0de-aa33-44a6-9b7e-676076c27478,01/30/2025,1738272911.0,30.01.25 Conditioning,201,b2764b33-6a8c-4c2d-ba6c-3ec30bc0cdab,20,1738270002.0,Full Back,Rice WSOC,January,Thursday,1837.08,1071.91,0.94217,1837.09,4.08773,195.18918,168.05981,123.63482,99.91911,112.31809,75.78223,6.40025,13.47106,111.19,1.1884,51.96622
Megan Sweeney,76ec7312-9b6e-4355-a747-4de0c8e2d8b9,01/30/2025,1738272911.0,30.01.25 Conditioning,201,b2764b33-6a8c-4c2d-ba6c-3ec30bc0cdab,30,1738270002.0,Goalkeeper,Rice WSOC,January,Thursday,2908.99,0.0,1.5419,2909.0,3.97742,297.94864,184.00802,109.9479,119.91429,115.00508,206.84313,15.51995,13.79197,73.39462,1.93689,51.53708
Jules Johnston,931babc9-289c-47bf-970a-22d756ac9f5a,01/30/2025,1738272911.0,30.01.25 Conditioning,201,b2764b33-6a8c-4c2d-ba6c-3ec30bc0cdab,25,1738270002.0,Forward,Rice WSOC,January,Thursday,2909.0,0.0,1.46882,2909.0,3.4769,246.25491,150.54086,97.76843,85.87978,104.44386,170.08058,13.13514,13.62351,80.42764,1.76808,48.75577
Kirsten Ruf,9a8fba27-951b-4253-aac1-ae31800ac075,01/30/2025,1738272911.0,30.01.25 Conditioning,201,b2764b33-6a8c-4c2d-ba6c-3ec30bc0cdab,22,1738270002.0,Goalkeeper,Rice WSOC,January,Thursday,2908.99,0.0,1.42302,2909.0,4.16954,281.36432,179.62079,110.19884,113.57909,114.20487,189.06666,13.37568,13.48842,87.25713,1.82955,47.36961
Dayo Tennyson,d0c5a2ec-d0d5-4ae1-bc9f-ae270bfc51e9,01/30/2025,1738265465.0,30.01.25 Conditioning,201,2aaf0de8-3b69-46d8-b2b0-f6c2ff16aa5c,35,1738261580.0,Wide Midfielder,Rice WSOC,January,Thursday,3884.98,0.0,1.5569,3885.0,3.98762,293.02075,185.08656,125.24821,106.83013,127.66762,194.47761,15.13307,13.97809,92.66357,1.88653,39.05721
Mariana Elizondo,c3d64405-eb5d-4fc0-a8df-06af8ad627bf,01/30/2025,1738272911.0,30.01.25 Conditioning,201,b2764b33-6a8c-4c2d-ba6c-3ec30bc0cdab,10,1738270002.0,Central Midfielder,Rice WSOC,January,Thursday,2908.99,0.0,1.52454,2909.0,3.51504,294.04077,194.01352,113.85631,119.67928,127.03531,190.1218,14.80067,14.09336,80.56287,1.91025,51.10026
Kenna Sanders,457dc155-bdf2-48cc-8a59-2f0b4ec42ae2,01/30/2025,1738265465.0,30.01.25 Conditioning,201,2aaf0de8-3b69-46d8-b2b0-f6c2ff16aa5c,18,1738261580.0,Forward,Rice WSOC,January,Thursday,3884.98,0.0,1.60961,3885.0,3.2091,323.53989,210.68656,158.82188,133.62986,133.06618,205.08716,15.37973,12.35304,70.05015,1.90849,40.3116
Jessica Molina,49ee30cf-715d-49d2-bfd4-f208c806a5db,01/30/2025,1738265465.0,30.01.25 Conditioning,201,2aaf0de8-3b69-46d8-b2b0-f6c2ff16aa5c,16,1738261580.0,Forward,Rice WSOC,January,Thursday,3884.98,0.0,1.65656,3885.0,3.13678,306.03101,209.53999,149.43911,129.38762,135.96346,189.25132,14.71398,12.56054,80.60792,1.9659,41.66338
Sophie Zhang,713ce913-8f9b-41cb-b395-b08e3e69186f,01/30/2025,1738265465.0,30.01.25 Conditioning,201,2aaf0de8-3b69-46d8-b2b0-f6c2ff16aa5c,9,1738261580.0,Forward,Rice WSOC,January,Thursday,3884.98,0.0,1.57895,3885.0,3.63642,308.72296,191.55103,127.1158,112.4044,130.71194,210.92041,15.39542,13.44541,78.75415,1.9207,39.80269
Taylor Rish,81828efc-2855-4216-a0d1-6a7c9201d5a0,01/30/2025,1738265465.0,30.01.25 Conditioning,201,2aaf0de8-3b69-46d8-b2b0-f6c2ff16aa5c,26,1738261580.0,Central Midfielder,Rice WSOC,January,Thursday,3885.0,0.0,1.56317,3885.0,3.96691,296.4808,187.96904,119.55521,116.3225,122.18161,196.37797,14.83432,13.20428,92.24316,1.87639,38.85216
Leah Chancey,85ed14d3-34f0-42fc-8477-c03064e998f4,01/30/2025,1738265465.0,30.01.25 Conditioning,201,2aaf0de8-3b69-46d8-b2b0-f6c2ff16aa5c,23,1738261580.0,Central Midfielder,Rice WSOC,January,Thursday,3884.98,0.0,1.60796,3885.0,3.55919,296.89536,175.02903,120.36809,98.20894,122.71431,209.67204,14.71359,13.1829,77.05459,1.9522,40.3927
Betty Velkova,8b0cb352-4da9-4349-b147-77a3736ea957,01/30/2025,1738265465.0,30.01.25 Conditioning,201,2aaf0de8-3b69-46d8-b2b0-f6c2ff16aa5c,19,1738261580.0,Central Midfielder,Rice WSOC,January,Thursday,3884.98,0.0,1.56992,3885.0,4.74934,295.33078,187.89079,132.14183,114.20268,122.64997,197.2934,15.15116,14.012,74.99882,1.90387,39.26952
Lilly Reuscher,ad2c003d-9ca2-42b1-bc85-2440ab303b84,01/30/2025,1738265465.0,30.01.25 Conditioning,201,2aaf0de8-3b69-46d8-b2b0-f6c2ff16aa5c,29,1738261580.0,Centre Back,Rice WSOC,January,Thursday,3884.98,0.0,1.57333,3885.0,3.43603,271.36832,176.44203,113.98002,101.79312,122.00909,178.77853,14.84804,13.58555,85.21394,1.90144,39.40297
Lauren Pickup,ae01c819-c49a-41ef-aa65-20df1a8a40a9,01/30/2025,1738265465.0,30.01.25 Conditioning,201,2aaf0de8-3b69-46d8-b2b0-f6c2ff16aa5c,8,1738261580.0,Full Back,Rice WSOC,January,Thursday,3884.99,0.0,1.67098,3885.0,2.70506,279.69437,184.50822,139.1556,105.87718,126.69186,178.69587,15.13211,12.92777,78.27419,1.9921,41.59678
Piper Biziorek,fb332127-6268-4995-a140-9076566dc702,01/30/2025,1738265465.0,30.01.25 Conditioning,201,2aaf0de8-3b69-46d8-b2b0-f6c2ff16aa5c,15,1738261580.0,Central Midfielder,Rice WSOC,January,Thursday,3884.99,0.0,1.70586,3885.0,3.65713,300.49728,205.59493,136.42161,121.11283,140.21613,185.50025,17.06812,14.54158,79.82643,2.21504,42.53076
Jordyn Mariam,f7e75558-805b-459d-b944-ec8d5a5beeac,01/30/2025,1738265465.0,30.01.25 Conditioning,201,2aaf0de8-3b69-46d8-b2b0-f6c2ff16aa5c,5,1738261580.0,Central Midfielder,Rice WSOC,January,Thursday,3884.98,0.0,1.59451,3885.0,3.30029,274.63861,160.79537,115.58761,100.15879,104.91626,197.17513,16.00521,12.88614,85.67598,1.94273,39.92613
Mia Brumlow,e9141800-8f9c-4a98-8265-2ae17f48913e,01/30/2025,1738265465.0,30.01.25 Conditioning,201,2aaf0de8-3b69-46d8-b2b0-f6c2ff16aa5c,13,1738261580.0,Central Midfielder,Rice WSOC,January,Thursday,3884.98,0.0,1.5681,3885.0,3.40059,275.0658,160.841,109.91179,98.1762,107.13048,195.58241,14.9649,13.57821,77.19799,1.93643,39.19873
Kallie Mckinney,41be207d-131f-472d-a349-6832380579b4,01/24/2025,1737748740.0,1.24.25 SSG,201,7a463f1b-e767-4147-b947-a4d2e75cc313,27,1737747480.0,Central Midfielder,Rice WSOC,January,Friday,1259.98,0.0,1.40889,1260.0,2.29314,183.00642,106.17811,62.78148,70.413,64.63969,132.31981,19.52931,8.36289,23.34798,1.42681,108.60891
Bailey Peek,1d2f6fbf-8215-4ae2-ae70-ed9d981fcd85,01/24/2025,1737748740.0,1.24.25 SSG,201,7a463f1b-e767-4147-b947-a4d2e75cc313,6,1737747480.0,Centre Back,Rice WSOC,January,Friday,1259.98,0.0,0.39703,1260.0,2.98704,64.7038,41.23958,26.59477,23.00008,29.36924,42.51992,4.77357,12.3119,50.3936,0.4492,30.67263
Carsyn Martz,5ec6f0de-aa33-44a6-9b7e-676076c27478,01/24/2025,1737748740.0,1.24.25 SSG,201,7a463f1b-e767-4147-b947-a4d2e75cc313,20,1737747480.0,Full Back,Rice WSOC,January,Friday,1259.98,0.0,0.88322,1260.0,3.74993,143.14296,84.75207,73.60728,47.82118,59.593,101.50929,8.34144,13.8027,64.27824,0.99371,68.28777
Sophie Zhang,713ce913-8f9b-41cb-b395-b08e3e69186f,01/24/2025,1737748740.0,1.24.25 SSG,201,7a463f1b-e767-4147-b947-a4d2e75cc313,9,1737747480.0,Forward,Rice WSOC,January,Friday,1259.98,0.0,1.01013,1260.0,3.63712,185.33051,109.33466,86.64883,61.85191,76.27951,130.97968,9.73749,12.62179,66.50297,1.14102,78.04355
Taylor Rish,81828efc-2855-4216-a0d1-6a7c9201d5a0,01/24/2025,1737748740.0,1.24.25 SSG,201,7a463f1b-e767-4147-b947-a4d2e75cc313,26,1737747480.0,Central Midfielder,Rice WSOC,January,Friday,1259.98,0.0,0.92147,1260.0,3.458,148.18422,84.18019,60.18836,46.71896,60.02695,106.24841,9.27355,13.98137,77.32862,1.06799,71.04034
Eileen Albers,943afa05-aaac-4426-ba0c-1ebef4e76cb7,01/24/2025,1737748740.0,1.24.25 SSG,201,7a463f1b-e767-4147-b947-a4d2e75cc313,12,1737747480.0,Forward,Rice WSOC,January,Friday,1259.98,0.0,1.00954,1260.0,6.04439,164.83853,138.11836,80.96197,78.27085,97.55427,70.37317,9.8892,16.82124,97.50709,1.18872,77.96022
Lauren Pickup,ae01c819-c49a-41ef-aa65-20df1a8a40a9,01/24/2025,1737748740.0,1.24.25 SSG,201,7a463f1b-e767-4147-b947-a4d2e75cc313,8,1737747480.0,Full Back,Rice WSOC,January,Friday,1259.98,0.0,1.03755,1260.0,3.30675,183.77989,114.11226,83.40856,64.84692,79.49469,123.50521,11.94424,12.61045,52.22369,1.16806,79.95122
Dayo Tennyson,d0c5a2ec-d0d5-4ae1-bc9f-ae270bfc51e9,01/24/2025,1737748740.0,1.24.25 SSG,201,7a463f1b-e767-4147-b947-a4d2e75cc313,35,1737747480.0,Wide Midfielder,Rice WSOC,January,Friday,1259.98,0.0,0.92331,1260.0,4.12982,173.32784,102.66611,70.57066,57.78127,73.18622,121.21848,9.98239,13.84704,67.83073,1.09255,71.58765
Camille Quarterman,e710b8f7-8542-490c-80f0-c110cb9ed839,01/24/2025,1737748740.0,1.24.25 SSG,201,7a463f1b-e767-4147-b947-a4d2e75cc313,33,1737747480.0,Wide Midfielder,Rice WSOC,January,Friday,1259.98,0.0,0.98648,1260.0,4.82947,157.27986,91.44312,81.22388,55.67429,60.73174,112.62046,10.80123,12.66515,66.04482,1.10172,75.99713
Piper Biziorek,fb332127-6268-4995-a140-9076566dc702,01/24/2025,1737748740.0,1.24.25 SSG,201,7a463f1b-e767-4147-b947-a4d2e75cc313,15,1737747480.0,Central Midfielder,Rice WSOC,January,Friday,1259.99,0.0,1.25417,1260.0,3.53291,240.83311,158.46888,81.66493,89.01223,112.59782,155.81728,17.44684,13.63149,77.7227,1.52563,97.24091
Allie Love,99ee597d-39b8-4fb7-9c63-0d052a15c0a8,01/23/2025,1737664755.0,23.01.25 Conditioning,201,92a0e576-7079-415e-a007-bf70c670e54d,32,1737660732.0,Forward,Rice WSOC,January,Thursday,4023.0,0.0,0.28934,4023.0,1.40481,25.5561,20.20989,21.95376,12.84431,12.03816,11.96897,28.11525,7.90287,16.45405,0.29434,6.94486
Isabelle Kent,6e66b652-d707-4f6a-86d3-61696dab1831,01/23/2025,1737664755.0,23.01.25 Conditioning,201,92a0e576-7079-415e-a007-bf70c670e54d,2,1737660732.0,Full Back,Rice WSOC,January,Thursday,4023.0,0.0,0.28522,4023.0,2.09832,34.12386,22.18642,29.12283,14.18135,13.4338,21.23555,28.57284,7.90111,17.09949,0.28612,6.84597
Bailey Peek,1d2f6fbf-8215-4ae2-ae70-ed9d981fcd85,01/23/2025,1737664755.0,23.01.25 Conditioning,201,92a0e576-7079-415e-a007-bf70c670e54d,6,1737660732.0,Centre Back,Rice WSOC,January,Thursday,2012.0,2011.0,0.84491,2012.0,4.33678,128.40599,79.73049,86.51083,48.55829,52.2076,87.65296,5.50361,16.52032,79.33251,0.90933,40.54918
Kallie Mckinney,41be207d-131f-472d-a349-6832380579b4,01/23/2025,1737664755.0,23.01.25 Conditioning,201,92a0e576-7079-415e-a007-bf70c670e54d,27,1737660732.0,Central Midfielder,Rice WSOC,January,Thursday,4022.0,1.0,0.29796,4022.0,2.27559,26.90291,21.05744,23.06442,14.21456,11.87914,13.1691,25.8558,7.92779,16.75236,0.30455,7.15353
Kenna Sanders,457dc155-bdf2-48cc-8a59-2f0b4ec42ae2,01/23/2025,1737661801.0,23.01.25 Conditioning,201,92a0e576-7079-415e-a007-bf70c670e54d,18,1737657301.0,Forward,Rice WSOC,January,Thursday,4500.0,0.0,1.79711,4500.0,3.6137,304.53726,177.7543,144.45932,98.76561,126.9154,219.4568,22.26893,14.48745,59.51336,1.91722,38.56231
Jessica Molina,49ee30cf-715d-49d2-bfd4-f208c806a5db,01/23/2025,1737661801.0,23.01.25 Conditioning,201,92a0e576-7079-415e-a007-bf70c670e54d,16,1737657301.0,Forward,Rice WSOC,January,Thursday,4500.0,0.0,1.75503,4500.0,3.7805,260.72327,164.84974,125.82898,108.36957,100.39524,177.44524,23.91364,16.87401,78.51134,1.91041,37.65928
Carsyn Martz,5ec6f0de-aa33-44a6-9b7e-676076c27478,01/23/2025,1737664755.0,23.01.25 Conditioning,201,92a0e576-7079-415e-a007-bf70c670e54d,20,1737660732.0,Full Back,Rice WSOC,January,Thursday,427.0,3596.0,0.16389,427.0,2.37402,26.67351,17.24552,21.17733,10.61218,11.27694,17.46935,0.95627,6.04303,16.91525,0.16958,37.06103
Sophie Zhang,713ce913-8f9b-41cb-b395-b08e3e69186f,01/23/2025,1737661801.0,23.01.25 Conditioning,201,92a0e576-7079-415e-a007-bf70c670e54d,9,1737657301.0,Forward,Rice WSOC,January,Thursday,4500.0,0.0,1.71718,4500.0,4.4751,307.27258,182.79249,141.43497,110.61041,121.29203,218.34565,23.49335,16.08601,75.05054,1.88867,36.84715
Kirsten Ruf,9a8fba27-951b-4253-aac1-ae31800ac075,01/23/2025,1737664755.0,23.01.25 Conditioning,201,92a0e576-7079-415e-a007-bf70c670e54d,22,1737660732.0,Goalkeeper,Rice WSOC,January,Thursday,570.0,3453.0,0.21668,570.0,2.30699,44.60776,27.79573,31.95405,18.18791,17.06616,30.55299,1.35997,8.26813,26.41102,0.22993,36.70653
Megan Sweeney,76ec7312-9b6e-4355-a747-4de0c8e2d8b9,01/23/2025,1737664755.0,23.01.25 Conditioning,201,92a0e576-7079-415e-a007-bf70c670e54d,30,1737660732.0,Goalkeeper,Rice WSOC,January,Thursday,4023.0,0.0,0.28131,4023.0,1.36187,26.38063,20.25286,22.38292,12.92715,11.91539,12.92146,28.4305,7.90486,16.69858,0.28318,6.75199
Taylor Rish,81828efc-2855-4216-a0d1-6a7c9201d5a0,01/23/2025,1737661801.0,23.01.25 Conditioning,201,92a0e576-7079-415e-a007-bf70c670e54d,26,1737657301.0,Central Midfielder,Rice WSOC,January,Thursday,4500.0,0.0,1.66484,4500.0,5.50296,284.92169,182.19638,123.7173,108.10745,123.64109,189.31876,19.91273,17.55805,80.9894,1.83371,35.72401
Leah Chancey,85ed14d3-34f0-42fc-8477-c03064e998f4,01/23/2025,1737661801.0,23.01.25 Conditioning,201,92a0e576-7079-415e-a007-bf70c670e54d,23,1737657301.0,Central Midfielder,Rice WSOC,January,Thursday,4500.0,0.0,1.74529,4500.0,4.54311,275.6286,160.14777,124.64062,92.98825,108.87922,195.9794,23.12174,15.77412,66.98796,1.90003,37.45039
Betty Velkova,8b0cb352-4da9-4349-b147-77a3736ea957,01/23/2025,1737661801.0,23.01.25 Conditioning,201,92a0e576-7079-415e-a007-bf70c670e54d,19,1737657301.0,Central Midfielder,Rice WSOC,January,Thursday,4500.0,0.0,1.8054,4500.0,5.33984,318.43668,196.17057,157.96987,122.68805,126.43537,218.263,22.22609,16.55258,82.41656,1.97343,38.74023
Jules Johnston,931babc9-289c-47bf-970a-22d756ac9f5a,01/23/2025,1737664755.0,23.01.25 Conditioning,201,92a0e576-7079-415e-a007-bf70c670e54d,25,1737660732.0,Forward,Rice WSOC,January,Thursday,4023.0,0.0,0.28137,4023.0,1.51995,25.90434,20.1063,22.32309,12.66342,12.19614,12.71619,28.31403,7.84672,16.58922,0.28399,6.75353
Eileen Albers,943afa05-aaac-4426-ba0c-1ebef4e76cb7,01/23/2025,1737661801.0,23.01.25 Conditioning,201,92a0e576-7079-415e-a007-bf70c670e54d,12,1737657301.0,Forward,Rice WSOC,January,Thursday,4500.0,0.0,1.73965,4500.0,4.44522,288.39258,168.22661,128.54207,99.76187,114.49471,206.62061,22.52121,17.61971,94.54691,1.92774,37.32931
Piper Biziorek,fb332127-6268-4995-a140-9076566dc702,01/23/2025,1737661801.0,23.01.25 Conditioning,201,92a0e576-7079-415e-a007-bf70c670e54d,15,1737657301.0,Central Midfielder,Rice WSOC,January,Thursday,4500.0,0.0,1.85206,4500.0,5.66104,315.21036,209.1146,154.43337,128.22279,137.28893,200.10209,28.05772,16.23663,78.89854,2.02486,39.74142
Jordyn Mariam,f7e75558-805b-459d-b944-ec8d5a5beeac,01/23/2025,1737661801.0,23.01.25 Conditioning,201,92a0e576-7079-415e-a007-bf70c670e54d,5,1737657301.0,Central Midfielder,Rice WSOC,January,Thursday,4500.0,0.0,1.76723,4500.0,4.80579,280.53009,177.61365,138.93306,110.28572,115.242,186.46884,22.42164,16.45771,87.08997,1.93483,37.92108
Mia Brumlow,e9141800-8f9c-4a98-8265-2ae17f48913e,01/23/2025,1737661801.0,23.01.25 Conditioning,201,92a0e576-7079-415e-a007-bf70c670e54d,13,1737657301.0,Central Midfielder,Rice WSOC,January,Thursday,4500.0,0.0,1.71262,4500.0,4.40648,240.64139,138.57157,113.08052,81.51473,93.83223,175.29671,22.24995,17.00367,82.62133,1.8859,36.74935
Camille Quarterman,e710b8f7-8542-490c-80f0-c110cb9ed839,01/23/2025,1737664755.0,23.01.25 Conditioning,201,92a0e576-7079-415e-a007-bf70c670e54d,33,1737660732.0,Wide Midfielder,Rice WSOC,January,Thursday,4023.0,0.0,0.28071,4023.0,1.56996,25.61644,20.68151,21.93966,13.55485,12.00903,11.53371,26.16492,7.95054,17.59419,0.28472,6.7376
Dayo Tennyson,d0c5a2ec-d0d5-4ae1-bc9f-ae270bfc51e9,01/23/2025,1737661801.0,23.01.25 Conditioning,201,92a0e576-7079-415e-a007-bf70c670e54d,35,1737657301.0,Wide Midfielder,Rice WSOC,January,Thursday,4500.0,0.0,1.74725,4500.0,5.71351,311.83755,198.36533,148.12416,114.94122,136.79973,203.41878,16.96704,18.16454,105.08044,1.9196,37.49233
Mariana Elizondo,c3d64405-eb5d-4fc0-a8df-06af8ad627bf,01/23/2025,1737664755.0,23.01.25 Conditioning,201,92a0e576-7079-415e-a007-bf70c670e54d,10,1737660732.0,Central Midfielder,Rice WSOC,January,Thursday,4022.0,1.0,0.29404,4022.0,2.73201,29.90064,21.89349,26.16768,14.23956,13.19474,16.50017,26.373,7.92057,16.77068,0.2955,7.05928
Lauren Pickup,ae01c819-c49a-41ef-aa65-20df1a8a40a9,01/23/2025,1737661801.0,23.01.25 Conditioning,201,92a0e576-7079-415e-a007-bf70c670e54d,8,1737657301.0,Full Back,Rice WSOC,January,Thursday,4500.0,0.0,1.77496,4500.0,5.13324,291.27194,196.1839,150.43128,118.56398,129.08278,181.84151,21.35852,16.6899,79.59469,1.94128,38.08687
Lilly Reuscher,ad2c003d-9ca2-42b1-bc85-2440ab303b84,01/23/2025,1737661801.0,23.01.25 Conditioning,201,92a0e576-7079-415e-a007-bf70c670e54d,29,1737657301.0,Centre Back,Rice WSOC,January,Thursday,4500.0,0.0,1.7407,4500.0,4.57416,280.53607,176.55501,139.16651,101.6277,121.52536,187.13992,15.51268,17.17948,85.02208,1.91712,37.35176
Naija Bruckner,59840313-0841-4a21-a5b5-b8b24cad01b8,01/23/2025,1737664755.0,23.01.25 Conditioning,201,92a0e576-7079-415e-a007-bf70c670e54d,28,1737660732.0,Central Midfielder,Rice WSOC,January,Thursday,4023.0,0.0,0.28203,4023.0,1.67498,30.77723,21.5263,25.87478,14.20309,12.1412,17.26754,27.40298,7.88398,17.16181,0.28512,6.76938
